id,skipped,certified,fdr_significant,wf_folds,wf_median_sharpe,wf_pct_positive,val_trades,val_total_return,val_sharpe_trade_ann,val_sharpe_daily_ann,ho_trades,ho_trades_per_week,ho_total_return,ho_sharpe_trade_ann,ho_sharpe_daily_ann,ho_profit_factor,ho_max_drawdown,ho_expectancy_R,ho_time_under_water,stress_total_return,label_perm_p,random_p,block_boot_p,block_boot_lower_ci,yearly_positive,yearly_total,prop_25k_blowup,prop_25k_blowup_ci_upper,prop_50k_blowup,prop_150k_blowup,prop_25k_research_only,fail_reasons,spec
tight__touch_entry__prev_h4_open,False,False,False,3,-5.2,0.0,711,-0.2872,-2.747,-2.878,842,6.93,-0.1164,-0.514,-0.577,0.964,-0.1676,-0.0424,0.9964,-0.3129,0.784,0.798,0.764,-0.2988,1,7,0.614,0.6556,0.252,0.056,True,wf_folds<4 (got 3); wf_median_sharpe<=0.0 (got -5.2); wf_pct_positive_folds<0.5 (got 0.0); holdout_total_return<=0 (got -0.1164); profit_factor<=1.2 (got 0.964); label_permutation failed (p=0.784); random_baseline failed (p=0.798); block_bootstrap failed (p=0.764); stress_total_return<=0 (got -0.3129); yearly_consistency failed (1 of 7),"{""id"": ""tight__touch_entry__prev_h4_open"", ""bias_timeframe"": ""H4"", ""setup_timeframe"": ""H4"", ""entry_timeframe"": ""M15"", ""signal"": {""type"": ""prev_color""}, ""filters"": [{""type"": ""body_atr"", ""min"": 0.5, ""atr_n"": 14}, {""type"": ""regime"", ""ma_n"": 50, ""side"": ""with""}], ""entry"": {""type"": ""touch_entry""}, ""stop"": {""type"": ""prev_h4_open""}, ""exit"": {""type"": ""h4_close""}, ""risk"": {""per_trade_pct"": 0.5}, ""cost_bps"": 1.5, ""seed"": null}"
tight__touch_entry__prev_h4_extreme,False,False,False,3,-4.782,0.0,711,-0.2584,-2.296,-2.428,842,6.93,-0.1066,-0.446,-0.501,0.969,-0.1524,-0.0374,0.9964,-0.3051,0.746,0.768,0.738,-0.2905,1,7,0.612,0.6537,0.264,0.06,True,wf_folds<4 (got 3); wf_median_sharpe<=0.0 (got -4.782); wf_pct_positive_folds<0.5 (got 0.0); holdout_total_return<=0 (got -0.1066); profit_factor<=1.2 (got 0.969); label_permutation failed (p=0.746); random_baseline failed (p=0.768); block_bootstrap failed (p=0.738); stress_total_return<=0 (got -0.3051); yearly_consistency failed (1 of 7),"{""id"": ""tight__touch_entry__prev_h4_extreme"", ""bias_timeframe"": ""H4"", ""setup_timeframe"": ""H4"", ""entry_timeframe"": ""M15"", ""signal"": {""type"": ""prev_color""}, ""filters"": [{""type"": ""body_atr"", ""min"": 0.5, ""atr_n"": 14}, {""type"": ""regime"", ""ma_n"": 50, ""side"": ""with""}], ""entry"": {""type"": ""touch_entry""}, ""stop"": {""type"": ""prev_h4_extreme""}, ""exit"": {""type"": ""h4_close""}, ""risk"": {""per_trade_pct"": 0.5}, ""cost_bps"": 1.5, ""seed"": null}"
tight__touch_entry__h4_atr_x1.0,False,False,False,3,-5.023,0.0,711,-0.2662,-2.433,-2.515,842,6.93,-0.1167,-0.523,-0.562,0.959,-0.1552,-0.0426,0.9976,-0.3153,0.78,0.8,0.78,-0.3079,1,7,0.652,0.6924,0.332,0.076,True,wf_folds<4 (got 3); wf_median_sharpe<=0.0 (got -5.023); wf_pct_positive_folds<0.5 (got 0.0); holdout_total_return<=0 (got -0.1167); profit_factor<=1.2 (got 0.959); label_permutation failed (p=0.78); random_baseline failed (p=0.8); block_bootstrap failed (p=0.78); stress_total_return<=0 (got -0.3153); yearly_consistency failed (1 of 7),"{""id"": ""tight__touch_entry__h4_atr_x1.0"", ""bias_timeframe"": ""H4"", ""setup_timeframe"": ""H4"", ""entry_timeframe"": ""M15"", ""signal"": {""type"": ""prev_color""}, ""filters"": [{""type"": ""body_atr"", ""min"": 0.5, ""atr_n"": 14}, {""type"": ""regime"", ""ma_n"": 50, ""side"": ""with""}], ""entry"": {""type"": ""touch_entry""}, ""stop"": {""type"": ""h4_atr"", ""mult"": 1.0, ""atr_n"": 14}, ""exit"": {""type"": ""h4_close""}, ""risk"": {""per_trade_pct"": 0.5}, ""cost_bps"": 1.5, ""seed"": null}"
tight__reaction_close__prev_h4_open,False,False,False,3,-8.587,0.0,711,-0.2626,-2.653,-2.838,842,6.93,-0.0833,-0.365,-0.406,0.989,-0.1379,-0.0318,0.9988,-0.2868,0.692,0.732,0.692,-0.264,1,7,0.574,0.6166,0.214,0.054,True,wf_folds<4 (got 3); wf_median_sharpe<=0.0 (got -8.587); wf_pct_positive_folds<0.5 (got 0.0); holdout_total_return<=0 (got -0.0833); profit_factor<=1.2 (got 0.989); label_permutation failed (p=0.692); random_baseline failed (p=0.732); block_bootstrap failed (p=0.692); stress_total_return<=0 (got -0.2868); yearly_consistency failed (1 of 7),"{""id"": ""tight__reaction_close__prev_h4_open"", ""bias_timeframe"": ""H4"", ""setup_timeframe"": ""H4"", ""entry_timeframe"": ""M15"", ""signal"": {""type"": ""prev_color""}, ""filters"": [{""type"": ""body_atr"", ""min"": 0.5, ""atr_n"": 14}, {""type"": ""regime"", ""ma_n"": 50, ""side"": ""with""}], ""entry"": {""type"": ""reaction_close""}, ""stop"": {""type"": ""prev_h4_open""}, ""exit"": {""type"": ""h4_close""}, ""risk"": {""per_trade_pct"": 0.5}, ""cost_bps"": 1.5, ""seed"": null}"
tight__reaction_close__prev_h4_extreme,False,False,False,3,-7.145,0.0,711,-0.2327,-2.181,-2.348,842,6.93,-0.0831,-0.348,-0.386,0.989,-0.1482,-0.0304,0.9964,-0.2865,0.686,0.714,0.69,-0.2706,1,7,0.578,0.6205,0.22,0.058,True,wf_folds<4 (got 3); wf_median_sharpe<=0.0 (got -7.145); wf_pct_positive_folds<0.5 (got 0.0); holdout_total_return<=0 (got -0.0831); profit_factor<=1.2 (got 0.989); label_permutation failed (p=0.686); random_baseline failed (p=0.714); block_bootstrap failed (p=0.69); stress_total_return<=0 (got -0.2865); yearly_consistency failed (1 of 7),"{""id"": ""tight__reaction_close__prev_h4_extreme"", ""bias_timeframe"": ""H4"", ""setup_timeframe"": ""H4"", ""entry_timeframe"": ""M15"", ""signal"": {""type"": ""prev_color""}, ""filters"": [{""type"": ""body_atr"", ""min"": 0.5, ""atr_n"": 14}, {""type"": ""regime"", ""ma_n"": 50, ""side"": ""with""}], ""entry"": {""type"": ""reaction_close""}, ""stop"": {""type"": ""prev_h4_extreme""}, ""exit"": {""type"": ""h4_close""}, ""risk"": {""per_trade_pct"": 0.5}, ""cost_bps"": 1.5, ""seed"": null}"
tight__reaction_close__h4_atr_x1.0,False,False,False,3,-8.146,0.0,711,-0.2512,-2.422,-2.58,842,6.93,-0.0909,-0.407,-0.442,0.987,-0.1573,-0.0343,0.9976,-0.2906,0.722,0.756,0.708,-0.2655,1,7,0.602,0.644,0.258,0.038,True,wf_folds<4 (got 3); wf_median_sharpe<=0.0 (got -8.146); wf_pct_positive_folds<0.5 (got 0.0); holdout_total_return<=0 (got -0.0909); profit_factor<=1.2 (got 0.987); label_permutation failed (p=0.722); random_baseline failed (p=0.756); block_bootstrap failed (p=0.708); stress_total_return<=0 (got -0.2906); yearly_consistency failed (1 of 7),"{""id"": ""tight__reaction_close__h4_atr_x1.0"", ""bias_timeframe"": ""H4"", ""setup_timeframe"": ""H4"", ""entry_timeframe"": ""M15"", ""signal"": {""type"": ""prev_color""}, ""filters"": [{""type"": ""body_atr"", ""min"": 0.5, ""atr_n"": 14}, {""type"": ""regime"", ""ma_n"": 50, ""side"": ""with""}], ""entry"": {""type"": ""reaction_close""}, ""stop"": {""type"": ""h4_atr"", ""mult"": 1.0, ""atr_n"": 14}, ""exit"": {""type"": ""h4_close""}, ""risk"": {""per_trade_pct"": 0.5}, ""cost_bps"": 1.5, ""seed"": null}"
tight__fib_limit_entry_lvl0.382__prev_h4_open,False,False,False,3,0.654,0.6667,392,-0.1388,-1.841,-2.368,463,3.81,-0.0004,0.032,0.044,1.001,-0.0965,0.0038,0.9503,-0.0223,0.48,0.466,0.478,-0.1365,2,7,0.55,0.5931,0.23,0.008,True,wf_folds<4 (got 3); holdout_total_return<=0 (got -0.0004); profit_factor<=1.2 (got 1.001); label_permutation failed (p=0.48); random_baseline failed (p=0.466); block_bootstrap failed (p=0.478); stress_total_return<=0 (got -0.0223),"{""id"": ""tight__fib_limit_entry_lvl0.382__prev_h4_open"", ""bias_timeframe"": ""H4"", ""setup_timeframe"": ""H4"", ""entry_timeframe"": ""M15"", ""signal"": {""type"": ""prev_color""}, ""filters"": [{""type"": ""body_atr"", ""min"": 0.5, ""atr_n"": 14}, {""type"": ""regime"", ""ma_n"": 50, ""side"": ""with""}], ""entry"": {""type"": ""fib_limit_entry"", ""level"": 0.382}, ""stop"": {""type"": ""prev_h4_open""}, ""exit"": {""type"": ""h4_close""}, ""risk"": {""per_trade_pct"": 0.5}, ""cost_bps"": 1.5, ""seed"": null}"
tight__fib_limit_entry_lvl0.382__prev_h4_extreme,False,False,False,3,2.47,0.6667,392,-0.1034,-1.181,-1.474,463,3.81,0.0112,0.103,0.142,1.017,-0.0973,0.012,0.9417,0.0003,0.434,0.434,0.424,-0.1284,3,7,0.508,0.5516,0.21,0.01,True,wf_folds<4 (got 3); profit_factor<=1.2 (got 1.017); label_permutation failed (p=0.434); random_baseline failed (p=0.434); block_bootstrap failed (p=0.424),"{""id"": ""tight__fib_limit_entry_lvl0.382__prev_h4_extreme"", ""bias_timeframe"": ""H4"", ""setup_timeframe"": ""H4"", ""entry_timeframe"": ""M15"", ""signal"": {""type"": ""prev_color""}, ""filters"": [{""type"": ""body_atr"", ""min"": 0.5, ""atr_n"": 14}, {""type"": ""regime"", ""ma_n"": 50, ""side"": ""with""}], ""entry"": {""type"": ""fib_limit_entry"", ""level"": 0.382}, ""stop"": {""type"": ""prev_h4_extreme""}, ""exit"": {""type"": ""h4_close""}, ""risk"": {""per_trade_pct"": 0.5}, ""cost_bps"": 1.5, ""seed"": null}"
tight__fib_limit_entry_lvl0.382__h4_atr_x1.0,False,False,False,3,1.232,0.6667,392,-0.0807,-0.868,-1.082,463,3.81,0.0245,0.187,0.243,1.053,-0.0889,0.0206,0.9525,0.0203,0.406,0.396,0.354,-0.1234,2,7,0.522,0.5654,0.196,0.012,True,wf_folds<4 (got 3); profit_factor<=1.2 (got 1.053); label_permutation failed (p=0.406); random_baseline failed (p=0.396); block_bootstrap failed (p=0.354),"{""id"": ""tight__fib_limit_entry_lvl0.382__h4_atr_x1.0"", ""bias_timeframe"": ""H4"", ""setup_timeframe"": ""H4"", ""entry_timeframe"": ""M15"", ""signal"": {""type"": ""prev_color""}, ""filters"": [{""type"": ""body_atr"", ""min"": 0.5, ""atr_n"": 14}, {""type"": ""regime"", ""ma_n"": 50, ""side"": ""with""}], ""entry"": {""type"": ""fib_limit_entry"", ""level"": 0.382}, ""stop"": {""type"": ""h4_atr"", ""mult"": 1.0, ""atr_n"": 14}, ""exit"": {""type"": ""h4_close""}, ""risk"": {""per_trade_pct"": 0.5}, ""cost_bps"": 1.5, ""seed"": null}"
tight__fib_limit_entry_lvl0.5__prev_h4_open,False,False,False,3,0.698,0.6667,311,-0.0175,-0.236,-0.331,341,2.8,-0.0648,-0.599,-0.871,0.874,-0.0874,-0.0804,0.9648,-0.105,0.802,0.826,0.838,-0.1724,3,7,0.476,0.5198,0.252,0.004,True,wf_folds<4 (got 3); holdout_total_return<=0 (got -0.0648); profit_factor<=1.2 (got 0.874); label_permutation failed (p=0.802); random_baseline failed (p=0.826); block_bootstrap failed (p=0.838); stress_total_return<=0 (got -0.105),"{""id"": ""tight__fib_limit_entry_lvl0.5__prev_h4_open"", ""bias_timeframe"": ""H4"", ""setup_timeframe"": ""H4"", ""entry_timeframe"": ""M15"", ""signal"": {""type"": ""prev_color""}, ""filters"": [{""type"": ""body_atr"", ""min"": 0.5, ""atr_n"": 14}, {""type"": ""regime"", ""ma_n"": 50, ""side"": ""with""}], ""entry"": {""type"": ""fib_limit_entry"", ""level"": 0.5}, ""stop"": {""type"": ""prev_h4_open""}, ""exit"": {""type"": ""h4_close""}, ""risk"": {""per_trade_pct"": 0.5}, ""cost_bps"": 1.5, ""seed"": null}"
tight__fib_limit_entry_lvl0.5__prev_h4_extreme,False,False,False,3,1.58,0.6667,311,0.02,0.266,0.367,341,2.8,-0.0472,-0.379,-0.528,0.914,-0.07,-0.0486,0.9707,-0.0947,0.71,0.716,0.706,-0.178,2,7,0.476,0.5198,0.364,0.008,True,wf_folds<4 (got 3); holdout_total_return<=0 (got -0.0472); profit_factor<=1.2 (got 0.914); label_permutation failed (p=0.71); random_baseline failed (p=0.716); block_bootstrap failed (p=0.706); stress_total_return<=0 (got -0.0947),"{""id"": ""tight__fib_limit_entry_lvl0.5__prev_h4_extreme"", ""bias_timeframe"": ""H4"", ""setup_timeframe"": ""H4"", ""entry_timeframe"": ""M15"", ""signal"": {""type"": ""prev_color""}, ""filters"": [{""type"": ""body_atr"", ""min"": 0.5, ""atr_n"": 14}, {""type"": ""regime"", ""ma_n"": 50, ""side"": ""with""}], ""entry"": {""type"": ""fib_limit_entry"", ""level"": 0.5}, ""stop"": {""type"": ""prev_h4_extreme""}, ""exit"": {""type"": ""h4_close""}, ""risk"": {""per_trade_pct"": 0.5}, ""cost_bps"": 1.5, ""seed"": null}"
tight__fib_limit_entry_lvl0.5__h4_atr_x1.0,False,False,False,3,2.136,0.6667,311,0.031,0.369,0.505,341,2.8,-0.0575,-0.449,-0.615,0.912,-0.0826,-0.0529,0.9824,-0.0972,0.732,0.756,0.74,-0.1861,4,7,0.574,0.6166,0.368,0.016,True,wf_folds<4 (got 3); holdout_total_return<=0 (got -0.0575); profit_factor<=1.2 (got 0.912); label_permutation failed (p=0.732); random_baseline failed (p=0.756); block_bootstrap failed (p=0.74); stress_total_return<=0 (got -0.0972),"{""id"": ""tight__fib_limit_entry_lvl0.5__h4_atr_x1.0"", ""bias_timeframe"": ""H4"", ""setup_timeframe"": ""H4"", ""entry_timeframe"": ""M15"", ""signal"": {""type"": ""prev_color""}, ""filters"": [{""type"": ""body_atr"", ""min"": 0.5, ""atr_n"": 14}, {""type"": ""regime"", ""ma_n"": 50, ""side"": ""with""}], ""entry"": {""type"": ""fib_limit_entry"", ""level"": 0.5}, ""stop"": {""type"": ""h4_atr"", ""mult"": 1.0, ""atr_n"": 14}, ""exit"": {""type"": ""h4_close""}, ""risk"": {""per_trade_pct"": 0.5}, ""cost_bps"": 1.5, ""seed"": null}"
tight__fib_limit_entry_lvl0.618__prev_h4_open,False,False,False,3,6.698,0.6667,225,-0.001,-0.005,-0.008,247,2.03,0.0202,0.282,0.458,1.048,-0.0302,0.0472,0.9069,0.008,0.352,0.352,0.268,-0.0497,4,7,0.288,0.3292,0.006,0.0,True,wf_folds<4 (got 3); profit_factor<=1.2 (got 1.048); label_permutation failed (p=0.352); random_baseline failed (p=0.352); block_bootstrap failed (p=0.268),"{""id"": ""tight__fib_limit_entry_lvl0.618__prev_h4_open"", ""bias_timeframe"": ""H4"", ""setup_timeframe"": ""H4"", ""entry_timeframe"": ""M15"", ""signal"": {""type"": ""prev_color""}, ""filters"": [{""type"": ""body_atr"", ""min"": 0.5, ""atr_n"": 14}, {""type"": ""regime"", ""ma_n"": 50, ""side"": ""with""}], ""entry"": {""type"": ""fib_limit_entry"", ""level"": 0.618}, ""stop"": {""type"": ""prev_h4_open""}, ""exit"": {""type"": ""h4_close""}, ""risk"": {""per_trade_pct"": 0.5}, ""cost_bps"": 1.5, ""seed"": null}"
tight__fib_limit_entry_lvl0.618__prev_h4_extreme,False,False,False,3,6.684,0.6667,225,0.0305,0.458,0.693,247,2.03,0.0477,0.554,0.903,1.122,-0.0306,0.0812,0.8462,0.0309,0.216,0.22,0.12,-0.0359,4,7,0.488,0.5317,0.006,0.0,True,wf_folds<4 (got 3); profit_factor<=1.2 (got 1.122); label_permutation failed (p=0.216); random_baseline failed (p=0.22); block_bootstrap failed (p=0.12),"{""id"": ""tight__fib_limit_entry_lvl0.618__prev_h4_extreme"", ""bias_timeframe"": ""H4"", ""setup_timeframe"": ""H4"", ""entry_timeframe"": ""M15"", ""signal"": {""type"": ""prev_color""}, ""filters"": [{""type"": ""body_atr"", ""min"": 0.5, ""atr_n"": 14}, {""type"": ""regime"", ""ma_n"": 50, ""side"": ""with""}], ""entry"": {""type"": ""fib_limit_entry"", ""level"": 0.618}, ""stop"": {""type"": ""prev_h4_extreme""}, ""exit"": {""type"": ""h4_close""}, ""risk"": {""per_trade_pct"": 0.5}, ""cost_bps"": 1.5, ""seed"": null}"
tight__fib_limit_entry_lvl0.618__h4_atr_x1.0,False,False,False,3,6.555,0.6667,225,0.0362,0.489,0.744,247,2.03,0.0334,0.345,0.558,1.074,-0.0347,0.0435,0.9069,0.0127,0.314,0.32,0.226,-0.0656,3,7,0.528,0.5714,0.242,0.002,True,wf_folds<4 (got 3); profit_factor<=1.2 (got 1.074); label_permutation failed (p=0.314); random_baseline failed (p=0.32); block_bootstrap failed (p=0.226),"{""id"": ""tight__fib_limit_entry_lvl0.618__h4_atr_x1.0"", ""bias_timeframe"": ""H4"", ""setup_timeframe"": ""H4"", ""entry_timeframe"": ""M15"", ""signal"": {""type"": ""prev_color""}, ""filters"": [{""type"": ""body_atr"", ""min"": 0.5, ""atr_n"": 14}, {""type"": ""regime"", ""ma_n"": 50, ""side"": ""with""}], ""entry"": {""type"": ""fib_limit_entry"", ""level"": 0.618}, ""stop"": {""type"": ""h4_atr"", ""mult"": 1.0, ""atr_n"": 14}, ""exit"": {""type"": ""h4_close""}, ""risk"": {""per_trade_pct"": 0.5}, ""cost_bps"": 1.5, ""seed"": null}"
tight__delayed_entry_1__prev_h4_open,False,False,False,3,-4.22,0.0,711,-0.3138,-3.194,-3.398,842,6.93,-0.0694,-0.29,-0.313,1.006,-0.1516,-0.0247,0.9964,-0.2759,0.666,0.682,0.652,-0.2554,1,7,0.606,0.6479,0.224,0.046,True,wf_folds<4 (got 3); wf_median_sharpe<=0.0 (got -4.22); wf_pct_positive_folds<0.5 (got 0.0); holdout_total_return<=0 (got -0.0694); profit_factor<=1.2 (got 1.006); label_permutation failed (p=0.666); random_baseline failed (p=0.682); block_bootstrap failed (p=0.652); stress_total_return<=0 (got -0.2759); yearly_consistency failed (1 of 7),"{""id"": ""tight__delayed_entry_1__prev_h4_open"", ""bias_timeframe"": ""H4"", ""setup_timeframe"": ""H4"", ""entry_timeframe"": ""M15"", ""signal"": {""type"": ""prev_color""}, ""filters"": [{""type"": ""body_atr"", ""min"": 0.5, ""atr_n"": 14}, {""type"": ""regime"", ""ma_n"": 50, ""side"": ""with""}], ""entry"": {""type"": ""delayed_entry_1""}, ""stop"": {""type"": ""prev_h4_open""}, ""exit"": {""type"": ""h4_close""}, ""risk"": {""per_trade_pct"": 0.5}, ""cost_bps"": 1.5, ""seed"": null}"
tight__delayed_entry_1__prev_h4_extreme,False,False,False,3,-3.442,0.0,711,-0.286,-2.703,-2.89,842,6.93,-0.0626,-0.245,-0.264,1.01,-0.1488,-0.0211,0.9964,-0.2704,0.642,0.66,0.63,-0.2577,1,7,0.584,0.6264,0.224,0.06,True,wf_folds<4 (got 3); wf_median_sharpe<=0.0 (got -3.442); wf_pct_positive_folds<0.5 (got 0.0); holdout_total_return<=0 (got -0.0626); profit_factor<=1.2 (got 1.01); label_permutation failed (p=0.642); random_baseline failed (p=0.66); block_bootstrap failed (p=0.63); stress_total_return<=0 (got -0.2704); yearly_consistency failed (1 of 7),"{""id"": ""tight__delayed_entry_1__prev_h4_extreme"", ""bias_timeframe"": ""H4"", ""setup_timeframe"": ""H4"", ""entry_timeframe"": ""M15"", ""signal"": {""type"": ""prev_color""}, ""filters"": [{""type"": ""body_atr"", ""min"": 0.5, ""atr_n"": 14}, {""type"": ""regime"", ""ma_n"": 50, ""side"": ""with""}], ""entry"": {""type"": ""delayed_entry_1""}, ""stop"": {""type"": ""prev_h4_extreme""}, ""exit"": {""type"": ""h4_close""}, ""risk"": {""per_trade_pct"": 0.5}, ""cost_bps"": 1.5, ""seed"": null}"
tight__delayed_entry_1__h4_atr_x1.0,False,False,False,3,-4.002,0.0,711,-0.2691,-2.564,-2.681,842,6.93,-0.0645,-0.267,-0.283,1.022,-0.1669,-0.0222,0.9988,-0.2675,0.65,0.664,0.648,-0.2568,1,7,0.602,0.644,0.256,0.034,True,wf_folds<4 (got 3); wf_median_sharpe<=0.0 (got -4.002); wf_pct_positive_folds<0.5 (got 0.0); holdout_total_return<=0 (got -0.0645); profit_factor<=1.2 (got 1.022); label_permutation failed (p=0.65); random_baseline failed (p=0.664); block_bootstrap failed (p=0.648); stress_total_return<=0 (got -0.2675); yearly_consistency failed (1 of 7),"{""id"": ""tight__delayed_entry_1__h4_atr_x1.0"", ""bias_timeframe"": ""H4"", ""setup_timeframe"": ""H4"", ""entry_timeframe"": ""M15"", ""signal"": {""type"": ""prev_color""}, ""filters"": [{""type"": ""body_atr"", ""min"": 0.5, ""atr_n"": 14}, {""type"": ""regime"", ""ma_n"": 50, ""side"": ""with""}], ""entry"": {""type"": ""delayed_entry_1""}, ""stop"": {""type"": ""h4_atr"", ""mult"": 1.0, ""atr_n"": 14}, ""exit"": {""type"": ""h4_close""}, ""risk"": {""per_trade_pct"": 0.5}, ""cost_bps"": 1.5, ""seed"": null}"
tight__delayed_entry_2__prev_h4_open,False,False,False,3,-7.78,0.0,711,-0.2691,-2.796,-3.029,842,6.93,-0.0652,-0.284,-0.314,1.009,-0.1527,-0.025,0.9976,-0.2723,0.664,0.674,0.662,-0.2449,1,7,0.56,0.6029,0.2,0.032,True,wf_folds<4 (got 3); wf_median_sharpe<=0.0 (got -7.78); wf_pct_positive_folds<0.5 (got 0.0); holdout_total_return<=0 (got -0.0652); profit_factor<=1.2 (got 1.009); label_permutation failed (p=0.664); random_baseline failed (p=0.674); block_bootstrap failed (p=0.662); stress_total_return<=0 (got -0.2723); yearly_consistency failed (1 of 7),"{""id"": ""tight__delayed_entry_2__prev_h4_open"", ""bias_timeframe"": ""H4"", ""setup_timeframe"": ""H4"", ""entry_timeframe"": ""M15"", ""signal"": {""type"": ""prev_color""}, ""filters"": [{""type"": ""body_atr"", ""min"": 0.5, ""atr_n"": 14}, {""type"": ""regime"", ""ma_n"": 50, ""side"": ""with""}], ""entry"": {""type"": ""delayed_entry_2""}, ""stop"": {""type"": ""prev_h4_open""}, ""exit"": {""type"": ""h4_close""}, ""risk"": {""per_trade_pct"": 0.5}, ""cost_bps"": 1.5, ""seed"": null}"
tight__delayed_entry_2__prev_h4_extreme,False,False,False,3,-6.37,0.0,711,-0.2395,-2.292,-2.491,842,6.93,-0.0583,-0.236,-0.26,1.013,-0.1576,-0.0208,0.9964,-0.2668,0.64,0.65,0.63,-0.2408,2,7,0.584,0.6264,0.206,0.036,True,wf_folds<4 (got 3); wf_median_sharpe<=0.0 (got -6.37); wf_pct_positive_folds<0.5 (got 0.0); holdout_total_return<=0 (got -0.0583); profit_factor<=1.2 (got 1.013); label_permutation failed (p=0.64); random_baseline failed (p=0.65); block_bootstrap failed (p=0.63); stress_total_return<=0 (got -0.2668),"{""id"": ""tight__delayed_entry_2__prev_h4_extreme"", ""bias_timeframe"": ""H4"", ""setup_timeframe"": ""H4"", ""entry_timeframe"": ""M15"", ""signal"": {""type"": ""prev_color""}, ""filters"": [{""type"": ""body_atr"", ""min"": 0.5, ""atr_n"": 14}, {""type"": ""regime"", ""ma_n"": 50, ""side"": ""with""}], ""entry"": {""type"": ""delayed_entry_2""}, ""stop"": {""type"": ""prev_h4_extreme""}, ""exit"": {""type"": ""h4_close""}, ""risk"": {""per_trade_pct"": 0.5}, ""cost_bps"": 1.5, ""seed"": null}"
tight__delayed_entry_2__h4_atr_x1.0,False,False,False,3,-7.065,0.0,711,-0.2291,-2.191,-2.32,842,6.93,-0.0698,-0.304,-0.328,1.01,-0.165,-0.0262,0.9988,-0.2665,0.678,0.692,0.68,-0.2551,1,7,0.562,0.6049,0.242,0.032,True,wf_folds<4 (got 3); wf_median_sharpe<=0.0 (got -7.065); wf_pct_positive_folds<0.5 (got 0.0); holdout_total_return<=0 (got -0.0698); profit_factor<=1.2 (got 1.01); label_permutation failed (p=0.678); random_baseline failed (p=0.692); block_bootstrap failed (p=0.68); stress_total_return<=0 (got -0.2665); yearly_consistency failed (1 of 7),"{""id"": ""tight__delayed_entry_2__h4_atr_x1.0"", ""bias_timeframe"": ""H4"", ""setup_timeframe"": ""H4"", ""entry_timeframe"": ""M15"", ""signal"": {""type"": ""prev_color""}, ""filters"": [{""type"": ""body_atr"", ""min"": 0.5, ""atr_n"": 14}, {""type"": ""regime"", ""ma_n"": 50, ""side"": ""with""}], ""entry"": {""type"": ""delayed_entry_2""}, ""stop"": {""type"": ""h4_atr"", ""mult"": 1.0, ""atr_n"": 14}, ""exit"": {""type"": ""h4_close""}, ""risk"": {""per_trade_pct"": 0.5}, ""cost_bps"": 1.5, ""seed"": null}"
tight__zone_midpoint_limit__prev_h4_open,False,False,False,3,-1.723,0.0,285,0.0147,0.238,0.326,318,2.62,0.0294,0.304,0.463,1.084,-0.0483,0.0448,0.9245,0.0092,0.336,0.292,0.244,-0.0706,3,7,0.366,0.4091,0.042,0.0,True,wf_folds<4 (got 3); wf_median_sharpe<=0.0 (got -1.723); wf_pct_positive_folds<0.5 (got 0.0); profit_factor<=1.2 (got 1.084); label_permutation failed (p=0.336); random_baseline failed (p=0.292); block_bootstrap failed (p=0.244),"{""id"": ""tight__zone_midpoint_limit__prev_h4_open"", ""bias_timeframe"": ""H4"", ""setup_timeframe"": ""H4"", ""entry_timeframe"": ""M15"", ""signal"": {""type"": ""prev_color""}, ""filters"": [{""type"": ""body_atr"", ""min"": 0.5, ""atr_n"": 14}, {""type"": ""regime"", ""ma_n"": 50, ""side"": ""with""}], ""entry"": {""type"": ""zone_midpoint_limit""}, ""stop"": {""type"": ""prev_h4_open""}, ""exit"": {""type"": ""h4_close""}, ""risk"": {""per_trade_pct"": 0.5}, ""cost_bps"": 1.5, ""seed"": null}"
tight__zone_midpoint_limit__prev_h4_extreme,False,False,False,3,-1.47,0.0,285,0.0261,0.372,0.501,318,2.62,0.0358,0.332,0.507,1.089,-0.0604,0.0456,0.8899,0.0309,0.306,0.288,0.236,-0.0829,2,7,0.442,0.4858,0.228,0.004,True,wf_folds<4 (got 3); wf_median_sharpe<=0.0 (got -1.47); wf_pct_positive_folds<0.5 (got 0.0); profit_factor<=1.2 (got 1.089); label_permutation failed (p=0.306); random_baseline failed (p=0.288); block_bootstrap failed (p=0.236),"{""id"": ""tight__zone_midpoint_limit__prev_h4_extreme"", ""bias_timeframe"": ""H4"", ""setup_timeframe"": ""H4"", ""entry_timeframe"": ""M15"", ""signal"": {""type"": ""prev_color""}, ""filters"": [{""type"": ""body_atr"", ""min"": 0.5, ""atr_n"": 14}, {""type"": ""regime"", ""ma_n"": 50, ""side"": ""with""}], ""entry"": {""type"": ""zone_midpoint_limit""}, ""stop"": {""type"": ""prev_h4_extreme""}, ""exit"": {""type"": ""h4_close""}, ""risk"": {""per_trade_pct"": 0.5}, ""cost_bps"": 1.5, ""seed"": null}"
tight__zone_midpoint_limit__h4_atr_x1.0,False,False,False,3,-2.946,0.3333,285,0.0344,0.434,0.595,318,2.62,0.0029,0.05,0.075,1.01,-0.0606,0.0062,0.9465,0.0006,0.45,0.444,0.432,-0.123,3,7,0.53,0.5734,0.368,0.008,True,wf_folds<4 (got 3); wf_median_sharpe<=0.0 (got -2.946); wf_pct_positive_folds<0.5 (got 0.3333); profit_factor<=1.2 (got 1.01); label_permutation failed (p=0.45); random_baseline failed (p=0.444); block_bootstrap failed (p=0.432),"{""id"": ""tight__zone_midpoint_limit__h4_atr_x1.0"", ""bias_timeframe"": ""H4"", ""setup_timeframe"": ""H4"", ""entry_timeframe"": ""M15"", ""signal"": {""type"": ""prev_color""}, ""filters"": [{""type"": ""body_atr"", ""min"": 0.5, ""atr_n"": 14}, {""type"": ""regime"", ""ma_n"": 50, ""side"": ""with""}], ""entry"": {""type"": ""zone_midpoint_limit""}, ""stop"": {""type"": ""h4_atr"", ""mult"": 1.0, ""atr_n"": 14}, ""exit"": {""type"": ""h4_close""}, ""risk"": {""per_trade_pct"": 0.5}, ""cost_bps"": 1.5, ""seed"": null}"
med__touch_entry__prev_h4_open,False,False,False,3,-10.02,0.0,1783,-0.5341,-4.75,-4.466,2120,17.44,-0.4748,-2.274,-2.174,0.836,-0.4934,-0.14,0.9991,-0.7233,1.0,0.998,1.0,-0.6102,0,7,0.836,0.8659,0.648,0.156,True,wf_folds<4 (got 3); wf_median_sharpe<=0.0 (got -10.02); wf_pct_positive_folds<0.5 (got 0.0); holdout_total_return<=0 (got -0.4748); profit_factor<=1.2 (got 0.836); max_drawdown<-0.2 (got -0.4934); label_permutation failed (p=1.0); random_baseline failed (p=0.998); block_bootstrap failed (p=1.0); stress_total_return<=0 (got -0.7233); yearly_consistency failed (0 of 7),"{""id"": ""med__touch_entry__prev_h4_open"", ""bias_timeframe"": ""H4"", ""setup_timeframe"": ""H4"", ""entry_timeframe"": ""M15"", ""signal"": {""type"": ""prev_color""}, ""filters"": [{""type"": ""regime"", ""ma_n"": 50, ""side"": ""with""}], ""entry"": {""type"": ""touch_entry""}, ""stop"": {""type"": ""prev_h4_open""}, ""exit"": {""type"": ""h4_close""}, ""risk"": {""per_trade_pct"": 0.5}, ""cost_bps"": 1.5, ""seed"": null}"
med__touch_entry__prev_h4_extreme,False,False,False,3,-7.201,0.0,1783,-0.4983,-3.761,-3.573,2120,17.44,-0.5156,-2.296,-2.222,0.84,-0.5208,-0.1221,0.9991,-0.7447,0.998,0.998,1.0,-0.6451,0,7,0.886,0.911,0.722,0.218,True,wf_folds<4 (got 3); wf_median_sharpe<=0.0 (got -7.201); wf_pct_positive_folds<0.5 (got 0.0); holdout_total_return<=0 (got -0.5156); profit_factor<=1.2 (got 0.84); max_drawdown<-0.2 (got -0.5208); label_permutation failed (p=0.998); random_baseline failed (p=0.998); block_bootstrap failed (p=1.0); stress_total_return<=0 (got -0.7447); yearly_consistency failed (0 of 7),"{""id"": ""med__touch_entry__prev_h4_extreme"", ""bias_timeframe"": ""H4"", ""setup_timeframe"": ""H4"", ""entry_timeframe"": ""M15"", ""signal"": {""type"": ""prev_color""}, ""filters"": [{""type"": ""regime"", ""ma_n"": 50, ""side"": ""with""}], ""entry"": {""type"": ""touch_entry""}, ""stop"": {""type"": ""prev_h4_extreme""}, ""exit"": {""type"": ""h4_close""}, ""risk"": {""per_trade_pct"": 0.5}, ""cost_bps"": 1.5, ""seed"": null}"
med__touch_entry__h4_atr_x1.0,False,False,False,3,-6.998,0.0,1783,-0.5163,-3.721,-3.471,2120,17.44,-0.4966,-2.022,-1.897,0.855,-0.5092,-0.1007,0.9991,-0.7308,0.996,0.998,1.0,-0.6402,0,7,0.884,0.9092,0.73,0.266,True,wf_folds<4 (got 3); wf_median_sharpe<=0.0 (got -6.998); wf_pct_positive_folds<0.5 (got 0.0); holdout_total_return<=0 (got -0.4966); profit_factor<=1.2 (got 0.855); max_drawdown<-0.2 (got -0.5092); label_permutation failed (p=0.996); random_baseline failed (p=0.998); block_bootstrap failed (p=1.0); stress_total_return<=0 (got -0.7308); yearly_consistency failed (0 of 7),"{""id"": ""med__touch_entry__h4_atr_x1.0"", ""bias_timeframe"": ""H4"", ""setup_timeframe"": ""H4"", ""entry_timeframe"": ""M15"", ""signal"": {""type"": ""prev_color""}, ""filters"": [{""type"": ""regime"", ""ma_n"": 50, ""side"": ""with""}], ""entry"": {""type"": ""touch_entry""}, ""stop"": {""type"": ""h4_atr"", ""mult"": 1.0, ""atr_n"": 14}, ""exit"": {""type"": ""h4_close""}, ""risk"": {""per_trade_pct"": 0.5}, ""cost_bps"": 1.5, ""seed"": null}"
med__reaction_close__prev_h4_open,False,False,False,3,-11.406,0.0,1778,-0.5115,-4.563,-4.361,2120,17.44,-0.4563,-2.209,-2.087,0.843,-0.5016,-0.1327,0.9991,-0.7127,1.0,0.998,1.0,-0.5965,1,7,0.846,0.875,0.634,0.108,True,wf_folds<4 (got 3); wf_median_sharpe<=0.0 (got -11.406); wf_pct_positive_folds<0.5 (got 0.0); holdout_total_return<=0 (got -0.4563); profit_factor<=1.2 (got 0.843); max_drawdown<-0.2 (got -0.5016); label_permutation failed (p=1.0); random_baseline failed (p=0.998); block_bootstrap failed (p=1.0); stress_total_return<=0 (got -0.7127); yearly_consistency failed (1 of 7),"{""id"": ""med__reaction_close__prev_h4_open"", ""bias_timeframe"": ""H4"", ""setup_timeframe"": ""H4"", ""entry_timeframe"": ""M15"", ""signal"": {""type"": ""prev_color""}, ""filters"": [{""type"": ""regime"", ""ma_n"": 50, ""side"": ""with""}], ""entry"": {""type"": ""reaction_close""}, ""stop"": {""type"": ""prev_h4_open""}, ""exit"": {""type"": ""h4_close""}, ""risk"": {""per_trade_pct"": 0.5}, ""cost_bps"": 1.5, ""seed"": null}"
med__reaction_close__prev_h4_extreme,False,False,False,3,-7.962,0.0,1778,-0.4872,-3.856,-3.72,2120,17.44,-0.5093,-2.37,-2.294,0.833,-0.5207,-0.1293,0.9991,-0.7406,1.0,0.998,1.0,-0.6427,0,7,0.87,0.8967,0.716,0.174,True,wf_folds<4 (got 3); wf_median_sharpe<=0.0 (got -7.962); wf_pct_positive_folds<0.5 (got 0.0); holdout_total_return<=0 (got -0.5093); profit_factor<=1.2 (got 0.833); max_drawdown<-0.2 (got -0.5207); label_permutation failed (p=1.0); random_baseline failed (p=0.998); block_bootstrap failed (p=1.0); stress_total_return<=0 (got -0.7406); yearly_consistency failed (0 of 7),"{""id"": ""med__reaction_close__prev_h4_extreme"", ""bias_timeframe"": ""H4"", ""setup_timeframe"": ""H4"", ""entry_timeframe"": ""M15"", ""signal"": {""type"": ""prev_color""}, ""filters"": [{""type"": ""regime"", ""ma_n"": 50, ""side"": ""with""}], ""entry"": {""type"": ""reaction_close""}, ""stop"": {""type"": ""prev_h4_extreme""}, ""exit"": {""type"": ""h4_close""}, ""risk"": {""per_trade_pct"": 0.5}, ""cost_bps"": 1.5, ""seed"": null}"
med__reaction_close__h4_atr_x1.0,False,False,False,3,-7.939,0.0,1778,-0.5232,-4.016,-3.77,2120,17.44,-0.5389,-2.404,-2.279,0.831,-0.5572,-0.1226,0.9991,-0.7499,1.0,0.998,1.0,-0.6655,1,7,0.92,0.9407,0.74,0.248,True,wf_folds<4 (got 3); wf_median_sharpe<=0.0 (got -7.939); wf_pct_positive_folds<0.5 (got 0.0); holdout_total_return<=0 (got -0.5389); profit_factor<=1.2 (got 0.831); max_drawdown<-0.2 (got -0.5572); label_permutation failed (p=1.0); random_baseline failed (p=0.998); block_bootstrap failed (p=1.0); stress_total_return<=0 (got -0.7499); yearly_consistency failed (1 of 7),"{""id"": ""med__reaction_close__h4_atr_x1.0"", ""bias_timeframe"": ""H4"", ""setup_timeframe"": ""H4"", ""entry_timeframe"": ""M15"", ""signal"": {""type"": ""prev_color""}, ""filters"": [{""type"": ""regime"", ""ma_n"": 50, ""side"": ""with""}], ""entry"": {""type"": ""reaction_close""}, ""stop"": {""type"": ""h4_atr"", ""mult"": 1.0, ""atr_n"": 14}, ""exit"": {""type"": ""h4_close""}, ""risk"": {""per_trade_pct"": 0.5}, ""cost_bps"": 1.5, ""seed"": null}"
med__fib_limit_entry_lvl0.382__prev_h4_open,False,False,False,3,-8.51,0.0,1239,-0.4413,-5.366,-5.399,1476,12.14,-0.4664,-2.967,-2.948,0.702,-0.4809,-0.218,0.9993,-0.4961,1.0,1.0,1.0,-0.5613,0,7,0.86,0.8877,0.528,0.1,True,wf_folds<4 (got 3); wf_median_sharpe<=0.0 (got -8.51); wf_pct_positive_folds<0.5 (got 0.0); holdout_total_return<=0 (got -0.4664); profit_factor<=1.2 (got 0.702); max_drawdown<-0.2 (got -0.4809); label_permutation failed (p=1.0); random_baseline failed (p=1.0); block_bootstrap failed (p=1.0); stress_total_return<=0 (got -0.4961); yearly_consistency failed (0 of 7),"{""id"": ""med__fib_limit_entry_lvl0.382__prev_h4_open"", ""bias_timeframe"": ""H4"", ""setup_timeframe"": ""H4"", ""entry_timeframe"": ""M15"", ""signal"": {""type"": ""prev_color""}, ""filters"": [{""type"": ""regime"", ""ma_n"": 50, ""side"": ""with""}], ""entry"": {""type"": ""fib_limit_entry"", ""level"": 0.382}, ""stop"": {""type"": ""prev_h4_open""}, ""exit"": {""type"": ""h4_close""}, ""risk"": {""per_trade_pct"": 0.5}, ""cost_bps"": 1.5, ""seed"": null}"
med__fib_limit_entry_lvl0.382__prev_h4_extreme,False,False,False,3,-4.503,0.0,1239,-0.4273,-4.153,-4.075,1476,12.14,-0.5379,-3.121,-3.155,0.708,-0.5405,-0.192,0.9993,-0.5629,1.0,1.0,1.0,-0.6404,0,7,0.898,0.9216,0.662,0.208,True,wf_folds<4 (got 3); wf_median_sharpe<=0.0 (got -4.503); wf_pct_positive_folds<0.5 (got 0.0); holdout_total_return<=0 (got -0.5379); profit_factor<=1.2 (got 0.708); max_drawdown<-0.2 (got -0.5405); label_permutation failed (p=1.0); random_baseline failed (p=1.0); block_bootstrap failed (p=1.0); stress_total_return<=0 (got -0.5629); yearly_consistency failed (0 of 7),"{""id"": ""med__fib_limit_entry_lvl0.382__prev_h4_extreme"", ""bias_timeframe"": ""H4"", ""setup_timeframe"": ""H4"", ""entry_timeframe"": ""M15"", ""signal"": {""type"": ""prev_color""}, ""filters"": [{""type"": ""regime"", ""ma_n"": 50, ""side"": ""with""}], ""entry"": {""type"": ""fib_limit_entry"", ""level"": 0.382}, ""stop"": {""type"": ""prev_h4_extreme""}, ""exit"": {""type"": ""h4_close""}, ""risk"": {""per_trade_pct"": 0.5}, ""cost_bps"": 1.5, ""seed"": null}"
med__fib_limit_entry_lvl0.382__h4_atr_x1.0,False,False,False,3,-5.634,0.0,1239,-0.4246,-3.613,-3.527,1476,12.14,-0.5221,-2.649,-2.725,0.743,-0.5297,-0.1496,0.9993,-0.5345,1.0,1.0,1.0,-0.6377,0,7,0.892,0.9163,0.714,0.206,True,wf_folds<4 (got 3); wf_median_sharpe<=0.0 (got -5.634); wf_pct_positive_folds<0.5 (got 0.0); holdout_total_return<=0 (got -0.5221); profit_factor<=1.2 (got 0.743); max_drawdown<-0.2 (got -0.5297); label_permutation failed (p=1.0); random_baseline failed (p=1.0); block_bootstrap failed (p=1.0); stress_total_return<=0 (got -0.5345); yearly_consistency failed (0 of 7),"{""id"": ""med__fib_limit_entry_lvl0.382__h4_atr_x1.0"", ""bias_timeframe"": ""H4"", ""setup_timeframe"": ""H4"", ""entry_timeframe"": ""M15"", ""signal"": {""type"": ""prev_color""}, ""filters"": [{""type"": ""regime"", ""ma_n"": 50, ""side"": ""with""}], ""entry"": {""type"": ""fib_limit_entry"", ""level"": 0.382}, ""stop"": {""type"": ""h4_atr"", ""mult"": 1.0, ""atr_n"": 14}, ""exit"": {""type"": ""h4_close""}, ""risk"": {""per_trade_pct"": 0.5}, ""cost_bps"": 1.5, ""seed"": null}"
med__fib_limit_entry_lvl0.5__prev_h4_open,False,False,False,3,-5.374,0.0,1080,-0.2478,-3.074,-2.995,1250,10.28,-0.277,-1.978,-1.982,0.781,-0.2898,-0.1697,0.9992,-0.3521,0.998,0.996,0.998,-0.3798,0,7,0.6,0.642,0.242,0.012,True,wf_folds<4 (got 3); wf_median_sharpe<=0.0 (got -5.374); wf_pct_positive_folds<0.5 (got 0.0); holdout_total_return<=0 (got -0.277); profit_factor<=1.2 (got 0.781); max_drawdown<-0.2 (got -0.2898); label_permutation failed (p=0.998); random_baseline failed (p=0.996); block_bootstrap failed (p=0.998); stress_total_return<=0 (got -0.3521); yearly_consistency failed (0 of 7),"{""id"": ""med__fib_limit_entry_lvl0.5__prev_h4_open"", ""bias_timeframe"": ""H4"", ""setup_timeframe"": ""H4"", ""entry_timeframe"": ""M15"", ""signal"": {""type"": ""prev_color""}, ""filters"": [{""type"": ""regime"", ""ma_n"": 50, ""side"": ""with""}], ""entry"": {""type"": ""fib_limit_entry"", ""level"": 0.5}, ""stop"": {""type"": ""prev_h4_open""}, ""exit"": {""type"": ""h4_close""}, ""risk"": {""per_trade_pct"": 0.5}, ""cost_bps"": 1.5, ""seed"": null}"
med__fib_limit_entry_lvl0.5__prev_h4_extreme,False,False,False,3,-5.208,0.0,1080,-0.2666,-2.549,-2.476,1250,10.28,-0.3994,-2.563,-2.523,0.746,-0.4059,-0.1809,0.9992,-0.4486,1.0,0.998,0.998,-0.507,0,7,0.772,0.8066,0.346,0.102,True,wf_folds<4 (got 3); wf_median_sharpe<=0.0 (got -5.208); wf_pct_positive_folds<0.5 (got 0.0); holdout_total_return<=0 (got -0.3994); profit_factor<=1.2 (got 0.746); max_drawdown<-0.2 (got -0.4059); label_permutation failed (p=1.0); random_baseline failed (p=0.998); block_bootstrap failed (p=0.998); stress_total_return<=0 (got -0.4486); yearly_consistency failed (0 of 7),"{""id"": ""med__fib_limit_entry_lvl0.5__prev_h4_extreme"", ""bias_timeframe"": ""H4"", ""setup_timeframe"": ""H4"", ""entry_timeframe"": ""M15"", ""signal"": {""type"": ""prev_color""}, ""filters"": [{""type"": ""regime"", ""ma_n"": 50, ""side"": ""with""}], ""entry"": {""type"": ""fib_limit_entry"", ""level"": 0.5}, ""stop"": {""type"": ""prev_h4_extreme""}, ""exit"": {""type"": ""h4_close""}, ""risk"": {""per_trade_pct"": 0.5}, ""cost_bps"": 1.5, ""seed"": null}"
med__fib_limit_entry_lvl0.5__h4_atr_x1.0,False,False,False,3,-5.326,0.0,1080,-0.2826,-2.218,-2.142,1250,10.28,-0.3836,-1.958,-2.066,0.786,-0.3966,-0.1243,0.9992,-0.4304,0.994,0.996,1.0,-0.5156,0,7,0.864,0.8913,0.462,0.092,True,wf_folds<4 (got 3); wf_median_sharpe<=0.0 (got -5.326); wf_pct_positive_folds<0.5 (got 0.0); holdout_total_return<=0 (got -0.3836); profit_factor<=1.2 (got 0.786); max_drawdown<-0.2 (got -0.3966); label_permutation failed (p=0.994); random_baseline failed (p=0.996); block_bootstrap failed (p=1.0); stress_total_return<=0 (got -0.4304); yearly_consistency failed (0 of 7),"{""id"": ""med__fib_limit_entry_lvl0.5__h4_atr_x1.0"", ""bias_timeframe"": ""H4"", ""setup_timeframe"": ""H4"", ""entry_timeframe"": ""M15"", ""signal"": {""type"": ""prev_color""}, ""filters"": [{""type"": ""regime"", ""ma_n"": 50, ""side"": ""with""}], ""entry"": {""type"": ""fib_limit_entry"", ""level"": 0.5}, ""stop"": {""type"": ""h4_atr"", ""mult"": 1.0, ""atr_n"": 14}, ""exit"": {""type"": ""h4_close""}, ""risk"": {""per_trade_pct"": 0.5}, ""cost_bps"": 1.5, ""seed"": null}"
med__fib_limit_entry_lvl0.618__prev_h4_open,False,False,False,3,-0.186,0.3333,881,-0.1153,-1.787,-1.739,1053,8.66,-0.0693,-0.561,-0.592,0.937,-0.0984,-0.0549,0.9972,-0.1291,0.794,0.776,0.878,-0.1573,0,7,0.288,0.3292,0.11,0.0,True,wf_folds<4 (got 3); wf_median_sharpe<=0.0 (got -0.186); wf_pct_positive_folds<0.5 (got 0.3333); holdout_total_return<=0 (got -0.0693); profit_factor<=1.2 (got 0.937); label_permutation failed (p=0.794); random_baseline failed (p=0.776); block_bootstrap failed (p=0.878); stress_total_return<=0 (got -0.1291); yearly_consistency failed (0 of 7),"{""id"": ""med__fib_limit_entry_lvl0.618__prev_h4_open"", ""bias_timeframe"": ""H4"", ""setup_timeframe"": ""H4"", ""entry_timeframe"": ""M15"", ""signal"": {""type"": ""prev_color""}, ""filters"": [{""type"": ""regime"", ""ma_n"": 50, ""side"": ""with""}], ""entry"": {""type"": ""fib_limit_entry"", ""level"": 0.618}, ""stop"": {""type"": ""prev_h4_open""}, ""exit"": {""type"": ""h4_close""}, ""risk"": {""per_trade_pct"": 0.5}, ""cost_bps"": 1.5, ""seed"": null}"
med__fib_limit_entry_lvl0.618__prev_h4_extreme,False,False,False,3,-2.391,0.3333,881,-0.1764,-1.965,-1.937,1053,8.66,-0.268,-1.906,-1.905,0.785,-0.2804,-0.1539,0.9991,-0.3237,0.996,1.0,1.0,-0.3822,0,7,0.67,0.7098,0.256,0.018,True,wf_folds<4 (got 3); wf_median_sharpe<=0.0 (got -2.391); wf_pct_positive_folds<0.5 (got 0.3333); holdout_total_return<=0 (got -0.268); profit_factor<=1.2 (got 0.785); max_drawdown<-0.2 (got -0.2804); label_permutation failed (p=0.996); random_baseline failed (p=1.0); block_bootstrap failed (p=1.0); stress_total_return<=0 (got -0.3237); yearly_consistency failed (0 of 7),"{""id"": ""med__fib_limit_entry_lvl0.618__prev_h4_extreme"", ""bias_timeframe"": ""H4"", ""setup_timeframe"": ""H4"", ""entry_timeframe"": ""M15"", ""signal"": {""type"": ""prev_color""}, ""filters"": [{""type"": ""regime"", ""ma_n"": 50, ""side"": ""with""}], ""entry"": {""type"": ""fib_limit_entry"", ""level"": 0.618}, ""stop"": {""type"": ""prev_h4_extreme""}, ""exit"": {""type"": ""h4_close""}, ""risk"": {""per_trade_pct"": 0.5}, ""cost_bps"": 1.5, ""seed"": null}"
med__fib_limit_entry_lvl0.618__h4_atr_x1.0,False,False,False,3,-2.496,0.3333,881,-0.1965,-1.637,-1.645,1053,8.66,-0.2928,-1.531,-1.636,0.81,-0.312,-0.1012,0.9934,-0.3576,0.992,0.996,0.988,-0.4388,0,7,0.774,0.8085,0.416,0.038,True,wf_folds<4 (got 3); wf_median_sharpe<=0.0 (got -2.496); wf_pct_positive_folds<0.5 (got 0.3333); holdout_total_return<=0 (got -0.2928); profit_factor<=1.2 (got 0.81); max_drawdown<-0.2 (got -0.312); label_permutation failed (p=0.992); random_baseline failed (p=0.996); block_bootstrap failed (p=0.988); stress_total_return<=0 (got -0.3576); yearly_consistency failed (0 of 7),"{""id"": ""med__fib_limit_entry_lvl0.618__h4_atr_x1.0"", ""bias_timeframe"": ""H4"", ""setup_timeframe"": ""H4"", ""entry_timeframe"": ""M15"", ""signal"": {""type"": ""prev_color""}, ""filters"": [{""type"": ""regime"", ""ma_n"": 50, ""side"": ""with""}], ""entry"": {""type"": ""fib_limit_entry"", ""level"": 0.618}, ""stop"": {""type"": ""h4_atr"", ""mult"": 1.0, ""atr_n"": 14}, ""exit"": {""type"": ""h4_close""}, ""risk"": {""per_trade_pct"": 0.5}, ""cost_bps"": 1.5, ""seed"": null}"
med__delayed_entry_1__prev_h4_open,False,False,False,3,-7.556,0.0,1783,-0.5495,-5.147,-4.918,2120,17.44,-0.4103,-1.91,-1.737,0.877,-0.4897,-0.117,0.9991,-0.688,0.998,0.998,0.998,-0.5678,1,7,0.836,0.8659,0.606,0.108,True,wf_folds<4 (got 3); wf_median_sharpe<=0.0 (got -7.556); wf_pct_positive_folds<0.5 (got 0.0); holdout_total_return<=0 (got -0.4103); profit_factor<=1.2 (got 0.877); max_drawdown<-0.2 (got -0.4897); label_permutation failed (p=0.998); random_baseline failed (p=0.998); block_bootstrap failed (p=0.998); stress_total_return<=0 (got -0.688); yearly_consistency failed (1 of 7),"{""id"": ""med__delayed_entry_1__prev_h4_open"", ""bias_timeframe"": ""H4"", ""setup_timeframe"": ""H4"", ""entry_timeframe"": ""M15"", ""signal"": {""type"": ""prev_color""}, ""filters"": [{""type"": ""regime"", ""ma_n"": 50, ""side"": ""with""}], ""entry"": {""type"": ""delayed_entry_1""}, ""stop"": {""type"": ""prev_h4_open""}, ""exit"": {""type"": ""h4_close""}, ""risk"": {""per_trade_pct"": 0.5}, ""cost_bps"": 1.5, ""seed"": null}"
med__delayed_entry_1__prev_h4_extreme,False,False,False,3,-7.685,0.0,1783,-0.5347,-4.337,-4.158,2120,17.44,-0.5131,-2.393,-2.26,0.836,-0.5356,-0.1305,0.9991,-0.7425,1.0,0.998,1.0,-0.6422,1,7,0.866,0.8931,0.738,0.174,True,wf_folds<4 (got 3); wf_median_sharpe<=0.0 (got -7.685); wf_pct_positive_folds<0.5 (got 0.0); holdout_total_return<=0 (got -0.5131); profit_factor<=1.2 (got 0.836); max_drawdown<-0.2 (got -0.5356); label_permutation failed (p=1.0); random_baseline failed (p=0.998); block_bootstrap failed (p=1.0); stress_total_return<=0 (got -0.7425); yearly_consistency failed (1 of 7),"{""id"": ""med__delayed_entry_1__prev_h4_extreme"", ""bias_timeframe"": ""H4"", ""setup_timeframe"": ""H4"", ""entry_timeframe"": ""M15"", ""signal"": {""type"": ""prev_color""}, ""filters"": [{""type"": ""regime"", ""ma_n"": 50, ""side"": ""with""}], ""entry"": {""type"": ""delayed_entry_1""}, ""stop"": {""type"": ""prev_h4_extreme""}, ""exit"": {""type"": ""h4_close""}, ""risk"": {""per_trade_pct"": 0.5}, ""cost_bps"": 1.5, ""seed"": null}"
med__delayed_entry_1__h4_atr_x1.0,False,False,False,3,-7.15,0.0,1783,-0.5429,-4.17,-3.899,2120,17.44,-0.4972,-2.075,-1.932,0.863,-0.5455,-0.1066,0.9991,-0.7352,0.996,0.998,1.0,-0.643,1,7,0.914,0.9355,0.702,0.224,True,wf_folds<4 (got 3); wf_median_sharpe<=0.0 (got -7.15); wf_pct_positive_folds<0.5 (got 0.0); holdout_total_return<=0 (got -0.4972); profit_factor<=1.2 (got 0.863); max_drawdown<-0.2 (got -0.5455); label_permutation failed (p=0.996); random_baseline failed (p=0.998); block_bootstrap failed (p=1.0); stress_total_return<=0 (got -0.7352); yearly_consistency failed (1 of 7),"{""id"": ""med__delayed_entry_1__h4_atr_x1.0"", ""bias_timeframe"": ""H4"", ""setup_timeframe"": ""H4"", ""entry_timeframe"": ""M15"", ""signal"": {""type"": ""prev_color""}, ""filters"": [{""type"": ""regime"", ""ma_n"": 50, ""side"": ""with""}], ""entry"": {""type"": ""delayed_entry_1""}, ""stop"": {""type"": ""h4_atr"", ""mult"": 1.0, ""atr_n"": 14}, ""exit"": {""type"": ""h4_close""}, ""risk"": {""per_trade_pct"": 0.5}, ""cost_bps"": 1.5, ""seed"": null}"
med__delayed_entry_2__prev_h4_open,False,False,False,3,-7.342,0.0,1783,-0.4669,-4.092,-3.906,2120,17.44,-0.3571,-1.663,-1.542,0.897,-0.446,-0.1031,0.9991,-0.6591,0.996,0.996,1.0,-0.5212,1,7,0.786,0.8197,0.492,0.07,True,wf_folds<4 (got 3); wf_median_sharpe<=0.0 (got -7.342); wf_pct_positive_folds<0.5 (got 0.0); holdout_total_return<=0 (got -0.3571); profit_factor<=1.2 (got 0.897); max_drawdown<-0.2 (got -0.446); label_permutation failed (p=0.996); random_baseline failed (p=0.996); block_bootstrap failed (p=1.0); stress_total_return<=0 (got -0.6591); yearly_consistency failed (1 of 7),"{""id"": ""med__delayed_entry_2__prev_h4_open"", ""bias_timeframe"": ""H4"", ""setup_timeframe"": ""H4"", ""entry_timeframe"": ""M15"", ""signal"": {""type"": ""prev_color""}, ""filters"": [{""type"": ""regime"", ""ma_n"": 50, ""side"": ""with""}], ""entry"": {""type"": ""delayed_entry_2""}, ""stop"": {""type"": ""prev_h4_open""}, ""exit"": {""type"": ""h4_close""}, ""risk"": {""per_trade_pct"": 0.5}, ""cost_bps"": 1.5, ""seed"": null}"
med__delayed_entry_2__prev_h4_extreme,False,False,False,3,-6.361,0.0,1783,-0.4804,-3.841,-3.683,2120,17.44,-0.4792,-2.257,-2.151,0.847,-0.5104,-0.1252,0.9991,-0.724,1.0,0.998,1.0,-0.6118,1,7,0.854,0.8823,0.674,0.132,True,wf_folds<4 (got 3); wf_median_sharpe<=0.0 (got -6.361); wf_pct_positive_folds<0.5 (got 0.0); holdout_total_return<=0 (got -0.4792); profit_factor<=1.2 (got 0.847); max_drawdown<-0.2 (got -0.5104); label_permutation failed (p=1.0); random_baseline failed (p=0.998); block_bootstrap failed (p=1.0); stress_total_return<=0 (got -0.724); yearly_consistency failed (1 of 7),"{""id"": ""med__delayed_entry_2__prev_h4_extreme"", ""bias_timeframe"": ""H4"", ""setup_timeframe"": ""H4"", ""entry_timeframe"": ""M15"", ""signal"": {""type"": ""prev_color""}, ""filters"": [{""type"": ""regime"", ""ma_n"": 50, ""side"": ""with""}], ""entry"": {""type"": ""delayed_entry_2""}, ""stop"": {""type"": ""prev_h4_extreme""}, ""exit"": {""type"": ""h4_close""}, ""risk"": {""per_trade_pct"": 0.5}, ""cost_bps"": 1.5, ""seed"": null}"
med__delayed_entry_2__h4_atr_x1.0,False,False,False,3,-6.793,0.0,1783,-0.4869,-3.67,-3.435,2120,17.44,-0.5195,-2.305,-2.157,0.84,-0.5483,-0.1202,0.9986,-0.7403,1.0,0.998,1.0,-0.6463,1,7,0.906,0.9286,0.722,0.22,True,wf_folds<4 (got 3); wf_median_sharpe<=0.0 (got -6.793); wf_pct_positive_folds<0.5 (got 0.0); holdout_total_return<=0 (got -0.5195); profit_factor<=1.2 (got 0.84); max_drawdown<-0.2 (got -0.5483); label_permutation failed (p=1.0); random_baseline failed (p=0.998); block_bootstrap failed (p=1.0); stress_total_return<=0 (got -0.7403); yearly_consistency failed (1 of 7),"{""id"": ""med__delayed_entry_2__h4_atr_x1.0"", ""bias_timeframe"": ""H4"", ""setup_timeframe"": ""H4"", ""entry_timeframe"": ""M15"", ""signal"": {""type"": ""prev_color""}, ""filters"": [{""type"": ""regime"", ""ma_n"": 50, ""side"": ""with""}], ""entry"": {""type"": ""delayed_entry_2""}, ""stop"": {""type"": ""h4_atr"", ""mult"": 1.0, ""atr_n"": 14}, ""exit"": {""type"": ""h4_close""}, ""risk"": {""per_trade_pct"": 0.5}, ""cost_bps"": 1.5, ""seed"": null}"
med__zone_midpoint_limit__prev_h4_open,False,False,False,3,-4.895,0.0,1081,-0.1479,-1.875,-1.756,1244,10.23,-0.15,-1.15,-1.097,0.887,-0.1914,-0.125,0.9992,-0.2266,0.962,0.952,0.96,-0.2637,0,7,0.358,0.401,0.044,0.002,True,wf_folds<4 (got 3); wf_median_sharpe<=0.0 (got -4.895); wf_pct_positive_folds<0.5 (got 0.0); holdout_total_return<=0 (got -0.15); profit_factor<=1.2 (got 0.887); label_permutation failed (p=0.962); random_baseline failed (p=0.952); block_bootstrap failed (p=0.96); stress_total_return<=0 (got -0.2266); yearly_consistency failed (0 of 7),"{""id"": ""med__zone_midpoint_limit__prev_h4_open"", ""bias_timeframe"": ""H4"", ""setup_timeframe"": ""H4"", ""entry_timeframe"": ""M15"", ""signal"": {""type"": ""prev_color""}, ""filters"": [{""type"": ""regime"", ""ma_n"": 50, ""side"": ""with""}], ""entry"": {""type"": ""zone_midpoint_limit""}, ""stop"": {""type"": ""prev_h4_open""}, ""exit"": {""type"": ""h4_close""}, ""risk"": {""per_trade_pct"": 0.5}, ""cost_bps"": 1.5, ""seed"": null}"
med__zone_midpoint_limit__prev_h4_extreme,False,False,False,3,-5.723,0.3333,1081,-0.1408,-1.324,-1.243,1244,10.23,-0.1859,-1.072,-1.087,0.912,-0.239,-0.0813,0.9992,-0.2518,0.96,0.936,0.962,-0.3236,0,7,0.614,0.6556,0.162,0.016,True,wf_folds<4 (got 3); wf_median_sharpe<=0.0 (got -5.723); wf_pct_positive_folds<0.5 (got 0.3333); holdout_total_return<=0 (got -0.1859); profit_factor<=1.2 (got 0.912); max_drawdown<-0.2 (got -0.239); label_permutation failed (p=0.96); random_baseline failed (p=0.936); block_bootstrap failed (p=0.962); stress_total_return<=0 (got -0.2518); yearly_consistency failed (0 of 7),"{""id"": ""med__zone_midpoint_limit__prev_h4_extreme"", ""bias_timeframe"": ""H4"", ""setup_timeframe"": ""H4"", ""entry_timeframe"": ""M15"", ""signal"": {""type"": ""prev_color""}, ""filters"": [{""type"": ""regime"", ""ma_n"": 50, ""side"": ""with""}], ""entry"": {""type"": ""zone_midpoint_limit""}, ""stop"": {""type"": ""prev_h4_extreme""}, ""exit"": {""type"": ""h4_close""}, ""risk"": {""per_trade_pct"": 0.5}, ""cost_bps"": 1.5, ""seed"": null}"
med__zone_midpoint_limit__h4_atr_x1.0,False,False,False,3,-4.914,0.3333,1081,-0.1788,-1.374,-1.316,1244,10.23,-0.1945,-0.862,-0.89,0.914,-0.2346,-0.0557,0.9984,-0.2489,0.928,0.896,0.936,-0.3489,0,7,0.792,0.8253,0.36,0.016,True,wf_folds<4 (got 3); wf_median_sharpe<=0.0 (got -4.914); wf_pct_positive_folds<0.5 (got 0.3333); holdout_total_return<=0 (got -0.1945); profit_factor<=1.2 (got 0.914); max_drawdown<-0.2 (got -0.2346); label_permutation failed (p=0.928); random_baseline failed (p=0.896); block_bootstrap failed (p=0.936); stress_total_return<=0 (got -0.2489); yearly_consistency failed (0 of 7),"{""id"": ""med__zone_midpoint_limit__h4_atr_x1.0"", ""bias_timeframe"": ""H4"", ""setup_timeframe"": ""H4"", ""entry_timeframe"": ""M15"", ""signal"": {""type"": ""prev_color""}, ""filters"": [{""type"": ""regime"", ""ma_n"": 50, ""side"": ""with""}], ""entry"": {""type"": ""zone_midpoint_limit""}, ""stop"": {""type"": ""h4_atr"", ""mult"": 1.0, ""atr_n"": 14}, ""exit"": {""type"": ""h4_close""}, ""risk"": {""per_trade_pct"": 0.5}, ""cost_bps"": 1.5, ""seed"": null}"
ny__touch_entry__prev_h4_open,False,False,False,3,-5.36,0.0,332,-0.1325,-1.503,-1.948,349,2.87,-0.0726,-0.561,-0.768,0.899,-0.1441,-0.0626,0.9742,-0.1626,0.832,0.804,0.744,-0.2031,0,7,0.61,0.6518,0.156,0.008,True,wf_folds<4 (got 3); wf_median_sharpe<=0.0 (got -5.36); wf_pct_positive_folds<0.5 (got 0.0); holdout_total_return<=0 (got -0.0726); profit_factor<=1.2 (got 0.899); label_permutation failed (p=0.832); random_baseline failed (p=0.804); block_bootstrap failed (p=0.744); stress_total_return<=0 (got -0.1626); yearly_consistency failed (0 of 7),"{""id"": ""ny__touch_entry__prev_h4_open"", ""bias_timeframe"": ""H4"", ""setup_timeframe"": ""H4"", ""entry_timeframe"": ""M15"", ""signal"": {""type"": ""prev_color""}, ""filters"": [{""type"": ""body_atr"", ""min"": 0.5, ""atr_n"": 14}, {""type"": ""regime"", ""ma_n"": 50, ""side"": ""with""}, {""type"": ""session"", ""hours_utc"": [12, 13, 14, 15, 16]}], ""entry"": {""type"": ""touch_entry""}, ""stop"": {""type"": ""prev_h4_open""}, ""exit"": {""type"": ""h4_close""}, ""risk"": {""per_trade_pct"": 0.5}, ""cost_bps"": 1.5, ""seed"": null}"
ny__touch_entry__prev_h4_extreme,False,False,False,3,-4.206,0.0,332,-0.0949,-0.982,-1.299,349,2.87,-0.0477,-0.349,-0.468,0.944,-0.1194,-0.0391,0.9742,-0.1401,0.728,0.712,0.64,-0.1848,0,7,0.586,0.6284,0.162,0.004,True,wf_folds<4 (got 3); wf_median_sharpe<=0.0 (got -4.206); wf_pct_positive_folds<0.5 (got 0.0); holdout_total_return<=0 (got -0.0477); profit_factor<=1.2 (got 0.944); label_permutation failed (p=0.728); random_baseline failed (p=0.712); block_bootstrap failed (p=0.64); stress_total_return<=0 (got -0.1401); yearly_consistency failed (0 of 7),"{""id"": ""ny__touch_entry__prev_h4_extreme"", ""bias_timeframe"": ""H4"", ""setup_timeframe"": ""H4"", ""entry_timeframe"": ""M15"", ""signal"": {""type"": ""prev_color""}, ""filters"": [{""type"": ""body_atr"", ""min"": 0.5, ""atr_n"": 14}, {""type"": ""regime"", ""ma_n"": 50, ""side"": ""with""}, {""type"": ""session"", ""hours_utc"": [12, 13, 14, 15, 16]}], ""entry"": {""type"": ""touch_entry""}, ""stop"": {""type"": ""prev_h4_extreme""}, ""exit"": {""type"": ""h4_close""}, ""risk"": {""per_trade_pct"": 0.5}, ""cost_bps"": 1.5, ""seed"": null}"
ny__touch_entry__h4_atr_x1.0,False,False,False,3,-3.123,0.0,332,-0.1296,-1.376,-1.797,349,2.87,-0.0821,-0.639,-0.851,0.874,-0.151,-0.0706,0.9799,-0.1642,0.872,0.832,0.784,-0.2212,0,7,0.636,0.677,0.222,0.012,True,wf_folds<4 (got 3); wf_median_sharpe<=0.0 (got -3.123); wf_pct_positive_folds<0.5 (got 0.0); holdout_total_return<=0 (got -0.0821); profit_factor<=1.2 (got 0.874); label_permutation failed (p=0.872); random_baseline failed (p=0.832); block_bootstrap failed (p=0.784); stress_total_return<=0 (got -0.1642); yearly_consistency failed (0 of 7),"{""id"": ""ny__touch_entry__h4_atr_x1.0"", ""bias_timeframe"": ""H4"", ""setup_timeframe"": ""H4"", ""entry_timeframe"": ""M15"", ""signal"": {""type"": ""prev_color""}, ""filters"": [{""type"": ""body_atr"", ""min"": 0.5, ""atr_n"": 14}, {""type"": ""regime"", ""ma_n"": 50, ""side"": ""with""}, {""type"": ""session"", ""hours_utc"": [12, 13, 14, 15, 16]}], ""entry"": {""type"": ""touch_entry""}, ""stop"": {""type"": ""h4_atr"", ""mult"": 1.0, ""atr_n"": 14}, ""exit"": {""type"": ""h4_close""}, ""risk"": {""per_trade_pct"": 0.5}, ""cost_bps"": 1.5, ""seed"": null}"
ny__reaction_close__prev_h4_open,False,False,False,3,-9.867,0.0,332,-0.1011,-1.162,-1.514,349,2.87,-0.0034,-0.002,-0.003,1.047,-0.0887,-0.0003,0.9857,-0.1003,0.514,0.516,0.448,-0.1319,1,7,0.488,0.5317,0.04,0.0,True,wf_folds<4 (got 3); wf_median_sharpe<=0.0 (got -9.867); wf_pct_positive_folds<0.5 (got 0.0); holdout_total_return<=0 (got -0.0034); profit_factor<=1.2 (got 1.047); label_permutation failed (p=0.514); random_baseline failed (p=0.516); block_bootstrap failed (p=0.448); stress_total_return<=0 (got -0.1003); yearly_consistency failed (1 of 7),"{""id"": ""ny__reaction_close__prev_h4_open"", ""bias_timeframe"": ""H4"", ""setup_timeframe"": ""H4"", ""entry_timeframe"": ""M15"", ""signal"": {""type"": ""prev_color""}, ""filters"": [{""type"": ""body_atr"", ""min"": 0.5, ""atr_n"": 14}, {""type"": ""regime"", ""ma_n"": 50, ""side"": ""with""}, {""type"": ""session"", ""hours_utc"": [12, 13, 14, 15, 16]}], ""entry"": {""type"": ""reaction_close""}, ""stop"": {""type"": ""prev_h4_open""}, ""exit"": {""type"": ""h4_close""}, ""risk"": {""per_trade_pct"": 0.5}, ""cost_bps"": 1.5, ""seed"": null}"
ny__reaction_close__prev_h4_extreme,False,False,False,3,-9.42,0.3333,332,-0.0622,-0.647,-0.863,349,2.87,0.0144,0.143,0.19,1.092,-0.0909,0.0178,0.9885,-0.0841,0.422,0.434,0.362,-0.1201,2,7,0.47,0.5138,0.044,0.0,True,wf_folds<4 (got 3); wf_median_sharpe<=0.0 (got -9.42); wf_pct_positive_folds<0.5 (got 0.3333); profit_factor<=1.2 (got 1.092); label_permutation failed (p=0.422); random_baseline failed (p=0.434); block_bootstrap failed (p=0.362); stress_total_return<=0 (got -0.0841),"{""id"": ""ny__reaction_close__prev_h4_extreme"", ""bias_timeframe"": ""H4"", ""setup_timeframe"": ""H4"", ""entry_timeframe"": ""M15"", ""signal"": {""type"": ""prev_color""}, ""filters"": [{""type"": ""body_atr"", ""min"": 0.5, ""atr_n"": 14}, {""type"": ""regime"", ""ma_n"": 50, ""side"": ""with""}, {""type"": ""session"", ""hours_utc"": [12, 13, 14, 15, 16]}], ""entry"": {""type"": ""reaction_close""}, ""stop"": {""type"": ""prev_h4_extreme""}, ""exit"": {""type"": ""h4_close""}, ""risk"": {""per_trade_pct"": 0.5}, ""cost_bps"": 1.5, ""seed"": null}"
ny__reaction_close__h4_atr_x1.0,False,False,False,3,-10.779,0.0,332,-0.0897,-0.968,-1.286,349,2.87,0.0033,0.053,0.071,1.065,-0.0946,0.0066,0.9885,-0.0954,0.474,0.482,0.42,-0.1326,1,7,0.45,0.4938,0.062,0.002,True,wf_folds<4 (got 3); wf_median_sharpe<=0.0 (got -10.779); wf_pct_positive_folds<0.5 (got 0.0); profit_factor<=1.2 (got 1.065); label_permutation failed (p=0.474); random_baseline failed (p=0.482); block_bootstrap failed (p=0.42); stress_total_return<=0 (got -0.0954); yearly_consistency failed (1 of 7),"{""id"": ""ny__reaction_close__h4_atr_x1.0"", ""bias_timeframe"": ""H4"", ""setup_timeframe"": ""H4"", ""entry_timeframe"": ""M15"", ""signal"": {""type"": ""prev_color""}, ""filters"": [{""type"": ""body_atr"", ""min"": 0.5, ""atr_n"": 14}, {""type"": ""regime"", ""ma_n"": 50, ""side"": ""with""}, {""type"": ""session"", ""hours_utc"": [12, 13, 14, 15, 16]}], ""entry"": {""type"": ""reaction_close""}, ""stop"": {""type"": ""h4_atr"", ""mult"": 1.0, ""atr_n"": 14}, ""exit"": {""type"": ""h4_close""}, ""risk"": {""per_trade_pct"": 0.5}, ""cost_bps"": 1.5, ""seed"": null}"
ny__fib_limit_entry_lvl0.382__prev_h4_open,False,False,False,3,-0.531,0.3333,189,-0.0633,-0.991,-1.65,194,1.6,0.0095,0.129,0.243,1.102,-0.0505,0.0221,0.9639,-0.0049,0.454,0.434,0.41,-0.0748,1,7,0.18,0.2161,0.008,0.0,True,wf_folds<4 (got 3); wf_median_sharpe<=0.0 (got -0.531); wf_pct_positive_folds<0.5 (got 0.3333); profit_factor<=1.2 (got 1.102); label_permutation failed (p=0.454); random_baseline failed (p=0.434); block_bootstrap failed (p=0.41); stress_total_return<=0 (got -0.0049); yearly_consistency failed (1 of 7),"{""id"": ""ny__fib_limit_entry_lvl0.382__prev_h4_open"", ""bias_timeframe"": ""H4"", ""setup_timeframe"": ""H4"", ""entry_timeframe"": ""M15"", ""signal"": {""type"": ""prev_color""}, ""filters"": [{""type"": ""body_atr"", ""min"": 0.5, ""atr_n"": 14}, {""type"": ""regime"", ""ma_n"": 50, ""side"": ""with""}, {""type"": ""session"", ""hours_utc"": [12, 13, 14, 15, 16]}], ""entry"": {""type"": ""fib_limit_entry"", ""level"": 0.382}, ""stop"": {""type"": ""prev_h4_open""}, ""exit"": {""type"": ""h4_close""}, ""risk"": {""per_trade_pct"": 0.5}, ""cost_bps"": 1.5, ""seed"": null}"
ny__fib_limit_entry_lvl0.382__prev_h4_extreme,False,False,False,3,1.183,0.6667,189,-0.0168,-0.21,-0.345,194,1.6,0.0442,0.503,0.917,1.242,-0.037,0.0841,0.933,0.0245,0.24,0.238,0.236,-0.0491,3,7,0.146,0.1796,0.004,0.0,True,wf_folds<4 (got 3); label_permutation failed (p=0.24); random_baseline failed (p=0.238); block_bootstrap failed (p=0.236),"{""id"": ""ny__fib_limit_entry_lvl0.382__prev_h4_extreme"", ""bias_timeframe"": ""H4"", ""setup_timeframe"": ""H4"", ""entry_timeframe"": ""M15"", ""signal"": {""type"": ""prev_color""}, ""filters"": [{""type"": ""body_atr"", ""min"": 0.5, ""atr_n"": 14}, {""type"": ""regime"", ""ma_n"": 50, ""side"": ""with""}, {""type"": ""session"", ""hours_utc"": [12, 13, 14, 15, 16]}], ""entry"": {""type"": ""fib_limit_entry"", ""level"": 0.382}, ""stop"": {""type"": ""prev_h4_extreme""}, ""exit"": {""type"": ""h4_close""}, ""risk"": {""per_trade_pct"": 0.5}, ""cost_bps"": 1.5, ""seed"": null}"
ny__fib_limit_entry_lvl0.382__h4_atr_x1.0,False,False,False,3,-1.681,0.3333,189,-0.0204,-0.241,-0.395,194,1.6,0.0529,0.586,1.07,1.29,-0.0404,0.0941,0.9175,0.033,0.23,0.212,0.212,-0.0429,4,7,0.432,0.4758,0.012,0.0,True,wf_folds<4 (got 3); wf_median_sharpe<=0.0 (got -1.681); wf_pct_positive_folds<0.5 (got 0.3333); label_permutation failed (p=0.23); random_baseline failed (p=0.212); block_bootstrap failed (p=0.212),"{""id"": ""ny__fib_limit_entry_lvl0.382__h4_atr_x1.0"", ""bias_timeframe"": ""H4"", ""setup_timeframe"": ""H4"", ""entry_timeframe"": ""M15"", ""signal"": {""type"": ""prev_color""}, ""filters"": [{""type"": ""body_atr"", ""min"": 0.5, ""atr_n"": 14}, {""type"": ""regime"", ""ma_n"": 50, ""side"": ""with""}, {""type"": ""session"", ""hours_utc"": [12, 13, 14, 15, 16]}], ""entry"": {""type"": ""fib_limit_entry"", ""level"": 0.382}, ""stop"": {""type"": ""h4_atr"", ""mult"": 1.0, ""atr_n"": 14}, ""exit"": {""type"": ""h4_close""}, ""risk"": {""per_trade_pct"": 0.5}, ""cost_bps"": 1.5, ""seed"": null}"
ny__fib_limit_entry_lvl0.5__prev_h4_open,False,False,False,3,-8.026,0.3333,156,0.0014,0.038,0.068,145,1.19,0.0026,0.051,0.112,1.046,-0.0421,0.0111,0.9034,-0.0049,0.47,0.502,0.438,-0.0625,4,7,0.432,0.4758,0.008,0.0,True,wf_folds<4 (got 3); wf_median_sharpe<=0.0 (got -8.026); wf_pct_positive_folds<0.5 (got 0.3333); profit_factor<=1.2 (got 1.046); label_permutation failed (p=0.47); random_baseline failed (p=0.502); block_bootstrap failed (p=0.438); stress_total_return<=0 (got -0.0049),"{""id"": ""ny__fib_limit_entry_lvl0.5__prev_h4_open"", ""bias_timeframe"": ""H4"", ""setup_timeframe"": ""H4"", ""entry_timeframe"": ""M15"", ""signal"": {""type"": ""prev_color""}, ""filters"": [{""type"": ""body_atr"", ""min"": 0.5, ""atr_n"": 14}, {""type"": ""regime"", ""ma_n"": 50, ""side"": ""with""}, {""type"": ""session"", ""hours_utc"": [12, 13, 14, 15, 16]}], ""entry"": {""type"": ""fib_limit_entry"", ""level"": 0.5}, ""stop"": {""type"": ""prev_h4_open""}, ""exit"": {""type"": ""h4_close""}, ""risk"": {""per_trade_pct"": 0.5}, ""cost_bps"": 1.5, ""seed"": null}"
ny__fib_limit_entry_lvl0.5__prev_h4_extreme,False,False,False,3,-3.65,0.3333,156,0.0473,0.678,1.212,145,1.19,0.0244,0.317,0.655,1.163,-0.0341,0.0645,0.9034,0.0176,0.316,0.316,0.254,-0.0454,4,7,0.39,0.4334,0.006,0.0,True,wf_folds<4 (got 3); wf_median_sharpe<=0.0 (got -3.65); wf_pct_positive_folds<0.5 (got 0.3333); profit_factor<=1.2 (got 1.163); label_permutation failed (p=0.316); random_baseline failed (p=0.316); block_bootstrap failed (p=0.254),"{""id"": ""ny__fib_limit_entry_lvl0.5__prev_h4_extreme"", ""bias_timeframe"": ""H4"", ""setup_timeframe"": ""H4"", ""entry_timeframe"": ""M15"", ""signal"": {""type"": ""prev_color""}, ""filters"": [{""type"": ""body_atr"", ""min"": 0.5, ""atr_n"": 14}, {""type"": ""regime"", ""ma_n"": 50, ""side"": ""with""}, {""type"": ""session"", ""hours_utc"": [12, 13, 14, 15, 16]}], ""entry"": {""type"": ""fib_limit_entry"", ""level"": 0.5}, ""stop"": {""type"": ""prev_h4_extreme""}, ""exit"": {""type"": ""h4_close""}, ""risk"": {""per_trade_pct"": 0.5}, ""cost_bps"": 1.5, ""seed"": null}"
ny__fib_limit_entry_lvl0.5__h4_atr_x1.0,False,False,False,3,-10.283,0.3333,156,0.0544,0.697,1.259,145,1.19,0.0252,0.312,0.643,1.184,-0.0456,0.0561,0.8966,0.0208,0.286,0.32,0.278,-0.0549,5,7,0.586,0.6284,0.008,0.0,True,wf_folds<4 (got 3); wf_median_sharpe<=0.0 (got -10.283); wf_pct_positive_folds<0.5 (got 0.3333); profit_factor<=1.2 (got 1.184); label_permutation failed (p=0.286); random_baseline failed (p=0.32); block_bootstrap failed (p=0.278),"{""id"": ""ny__fib_limit_entry_lvl0.5__h4_atr_x1.0"", ""bias_timeframe"": ""H4"", ""setup_timeframe"": ""H4"", ""entry_timeframe"": ""M15"", ""signal"": {""type"": ""prev_color""}, ""filters"": [{""type"": ""body_atr"", ""min"": 0.5, ""atr_n"": 14}, {""type"": ""regime"", ""ma_n"": 50, ""side"": ""with""}, {""type"": ""session"", ""hours_utc"": [12, 13, 14, 15, 16]}], ""entry"": {""type"": ""fib_limit_entry"", ""level"": 0.5}, ""stop"": {""type"": ""h4_atr"", ""mult"": 1.0, ""atr_n"": 14}, ""exit"": {""type"": ""h4_close""}, ""risk"": {""per_trade_pct"": 0.5}, ""cost_bps"": 1.5, ""seed"": null}"
ny__fib_limit_entry_lvl0.618__prev_h4_open,False,False,False,3,-1.07,0.3333,117,0.0147,0.306,0.624,112,0.92,0.0372,0.628,1.427,1.262,-0.0212,0.1789,0.8482,0.0082,0.18,0.178,0.148,-0.0194,4,7,0.412,0.4557,0.0,0.0,True,wf_folds<4 (got 3); wf_median_sharpe<=0.0 (got -1.07); wf_pct_positive_folds<0.5 (got 0.3333); label_permutation failed (p=0.18); random_baseline failed (p=0.178); block_bootstrap failed (p=0.148),"{""id"": ""ny__fib_limit_entry_lvl0.618__prev_h4_open"", ""bias_timeframe"": ""H4"", ""setup_timeframe"": ""H4"", ""entry_timeframe"": ""M15"", ""signal"": {""type"": ""prev_color""}, ""filters"": [{""type"": ""body_atr"", ""min"": 0.5, ""atr_n"": 14}, {""type"": ""regime"", ""ma_n"": 50, ""side"": ""with""}, {""type"": ""session"", ""hours_utc"": [12, 13, 14, 15, 16]}], ""entry"": {""type"": ""fib_limit_entry"", ""level"": 0.618}, ""stop"": {""type"": ""prev_h4_open""}, ""exit"": {""type"": ""h4_close""}, ""risk"": {""per_trade_pct"": 0.5}, ""cost_bps"": 1.5, ""seed"": null}"
ny__fib_limit_entry_lvl0.618__prev_h4_extreme,False,False,False,3,1.84,0.6667,117,0.0479,0.772,1.567,112,0.92,0.0449,0.678,1.531,1.298,-0.0174,0.1656,0.8214,0.0157,0.166,0.158,0.116,-0.0128,5,7,0.388,0.4314,0.0,0.0,True,wf_folds<4 (got 3); label_permutation failed (p=0.166); random_baseline failed (p=0.158); block_bootstrap failed (p=0.116),"{""id"": ""ny__fib_limit_entry_lvl0.618__prev_h4_extreme"", ""bias_timeframe"": ""H4"", ""setup_timeframe"": ""H4"", ""entry_timeframe"": ""M15"", ""signal"": {""type"": ""prev_color""}, ""filters"": [{""type"": ""body_atr"", ""min"": 0.5, ""atr_n"": 14}, {""type"": ""regime"", ""ma_n"": 50, ""side"": ""with""}, {""type"": ""session"", ""hours_utc"": [12, 13, 14, 15, 16]}], ""entry"": {""type"": ""fib_limit_entry"", ""level"": 0.618}, ""stop"": {""type"": ""prev_h4_extreme""}, ""exit"": {""type"": ""h4_close""}, ""risk"": {""per_trade_pct"": 0.5}, ""cost_bps"": 1.5, ""seed"": null}"
ny__fib_limit_entry_lvl0.618__h4_atr_x1.0,False,False,False,3,-6.049,0.3333,117,0.0649,0.893,1.823,112,0.92,0.0506,0.677,1.539,1.316,-0.0269,0.1303,0.8304,0.0212,0.148,0.16,0.126,-0.0222,5,7,0.596,0.6381,0.0,0.0,True,wf_folds<4 (got 3); wf_median_sharpe<=0.0 (got -6.049); wf_pct_positive_folds<0.5 (got 0.3333); label_permutation failed (p=0.148); random_baseline failed (p=0.16); block_bootstrap failed (p=0.126),"{""id"": ""ny__fib_limit_entry_lvl0.618__h4_atr_x1.0"", ""bias_timeframe"": ""H4"", ""setup_timeframe"": ""H4"", ""entry_timeframe"": ""M15"", ""signal"": {""type"": ""prev_color""}, ""filters"": [{""type"": ""body_atr"", ""min"": 0.5, ""atr_n"": 14}, {""type"": ""regime"", ""ma_n"": 50, ""side"": ""with""}, {""type"": ""session"", ""hours_utc"": [12, 13, 14, 15, 16]}], ""entry"": {""type"": ""fib_limit_entry"", ""level"": 0.618}, ""stop"": {""type"": ""h4_atr"", ""mult"": 1.0, ""atr_n"": 14}, ""exit"": {""type"": ""h4_close""}, ""risk"": {""per_trade_pct"": 0.5}, ""cost_bps"": 1.5, ""seed"": null}"
ny__delayed_entry_1__prev_h4_open,False,False,False,3,-4.574,0.0,332,-0.163,-1.931,-2.519,349,2.87,-0.0107,-0.061,-0.083,1.036,-0.0994,-0.0073,0.9742,-0.107,0.56,0.558,0.502,-0.1431,1,7,0.424,0.4677,0.058,0.002,True,wf_folds<4 (got 3); wf_median_sharpe<=0.0 (got -4.574); wf_pct_positive_folds<0.5 (got 0.0); holdout_total_return<=0 (got -0.0107); profit_factor<=1.2 (got 1.036); label_permutation failed (p=0.56); random_baseline failed (p=0.558); block_bootstrap failed (p=0.502); stress_total_return<=0 (got -0.107); yearly_consistency failed (1 of 7),"{""id"": ""ny__delayed_entry_1__prev_h4_open"", ""bias_timeframe"": ""H4"", ""setup_timeframe"": ""H4"", ""entry_timeframe"": ""M15"", ""signal"": {""type"": ""prev_color""}, ""filters"": [{""type"": ""body_atr"", ""min"": 0.5, ""atr_n"": 14}, {""type"": ""regime"", ""ma_n"": 50, ""side"": ""with""}, {""type"": ""session"", ""hours_utc"": [12, 13, 14, 15, 16]}], ""entry"": {""type"": ""delayed_entry_1""}, ""stop"": {""type"": ""prev_h4_open""}, ""exit"": {""type"": ""h4_close""}, ""risk"": {""per_trade_pct"": 0.5}, ""cost_bps"": 1.5, ""seed"": null}"
ny__delayed_entry_1__prev_h4_extreme,False,False,False,3,-3.458,0.3333,332,-0.1268,-1.372,-1.826,349,2.87,0.0108,0.114,0.151,1.085,-0.0941,0.0138,0.9799,-0.0875,0.43,0.442,0.388,-0.1295,2,7,0.42,0.4637,0.056,0.002,True,wf_folds<4 (got 3); wf_median_sharpe<=0.0 (got -3.458); wf_pct_positive_folds<0.5 (got 0.3333); profit_factor<=1.2 (got 1.085); label_permutation failed (p=0.43); random_baseline failed (p=0.442); block_bootstrap failed (p=0.388); stress_total_return<=0 (got -0.0875),"{""id"": ""ny__delayed_entry_1__prev_h4_extreme"", ""bias_timeframe"": ""H4"", ""setup_timeframe"": ""H4"", ""entry_timeframe"": ""M15"", ""signal"": {""type"": ""prev_color""}, ""filters"": [{""type"": ""body_atr"", ""min"": 0.5, ""atr_n"": 14}, {""type"": ""regime"", ""ma_n"": 50, ""side"": ""with""}, {""type"": ""session"", ""hours_utc"": [12, 13, 14, 15, 16]}], ""entry"": {""type"": ""delayed_entry_1""}, ""stop"": {""type"": ""prev_h4_extreme""}, ""exit"": {""type"": ""h4_close""}, ""risk"": {""per_trade_pct"": 0.5}, ""cost_bps"": 1.5, ""seed"": null}"
ny__delayed_entry_1__h4_atr_x1.0,False,False,False,3,-2.643,0.3333,332,-0.1223,-1.327,-1.727,349,2.87,-0.0053,-0.016,-0.021,1.062,-0.1035,-0.0018,0.9885,-0.1045,0.526,0.526,0.494,-0.1546,2,7,0.438,0.4818,0.068,0.002,True,wf_folds<4 (got 3); wf_median_sharpe<=0.0 (got -2.643); wf_pct_positive_folds<0.5 (got 0.3333); holdout_total_return<=0 (got -0.0053); profit_factor<=1.2 (got 1.062); label_permutation failed (p=0.526); random_baseline failed (p=0.526); block_bootstrap failed (p=0.494); stress_total_return<=0 (got -0.1045),"{""id"": ""ny__delayed_entry_1__h4_atr_x1.0"", ""bias_timeframe"": ""H4"", ""setup_timeframe"": ""H4"", ""entry_timeframe"": ""M15"", ""signal"": {""type"": ""prev_color""}, ""filters"": [{""type"": ""body_atr"", ""min"": 0.5, ""atr_n"": 14}, {""type"": ""regime"", ""ma_n"": 50, ""side"": ""with""}, {""type"": ""session"", ""hours_utc"": [12, 13, 14, 15, 16]}], ""entry"": {""type"": ""delayed_entry_1""}, ""stop"": {""type"": ""h4_atr"", ""mult"": 1.0, ""atr_n"": 14}, ""exit"": {""type"": ""h4_close""}, ""risk"": {""per_trade_pct"": 0.5}, ""cost_bps"": 1.5, ""seed"": null}"
ny__delayed_entry_2__prev_h4_open,False,False,False,3,-8.739,0.0,332,-0.1142,-1.333,-1.728,349,2.87,-0.0022,0.008,0.011,1.052,-0.1009,0.001,0.9742,-0.0991,0.514,0.51,0.448,-0.137,1,7,0.352,0.3948,0.042,0.0,True,wf_folds<4 (got 3); wf_median_sharpe<=0.0 (got -8.739); wf_pct_positive_folds<0.5 (got 0.0); holdout_total_return<=0 (got -0.0022); profit_factor<=1.2 (got 1.052); label_permutation failed (p=0.514); random_baseline failed (p=0.51); block_bootstrap failed (p=0.448); stress_total_return<=0 (got -0.0991); yearly_consistency failed (1 of 7),"{""id"": ""ny__delayed_entry_2__prev_h4_open"", ""bias_timeframe"": ""H4"", ""setup_timeframe"": ""H4"", ""entry_timeframe"": ""M15"", ""signal"": {""type"": ""prev_color""}, ""filters"": [{""type"": ""body_atr"", ""min"": 0.5, ""atr_n"": 14}, {""type"": ""regime"", ""ma_n"": 50, ""side"": ""with""}, {""type"": ""session"", ""hours_utc"": [12, 13, 14, 15, 16]}], ""entry"": {""type"": ""delayed_entry_2""}, ""stop"": {""type"": ""prev_h4_open""}, ""exit"": {""type"": ""h4_close""}, ""risk"": {""per_trade_pct"": 0.5}, ""cost_bps"": 1.5, ""seed"": null}"
ny__delayed_entry_2__prev_h4_extreme,False,False,False,3,-7.92,0.3333,332,-0.0758,-0.802,-1.066,349,2.87,0.0195,0.183,0.244,1.104,-0.0977,0.0233,0.9771,-0.0794,0.416,0.412,0.352,-0.125,2,7,0.372,0.4152,0.046,0.0,True,wf_folds<4 (got 3); wf_median_sharpe<=0.0 (got -7.92); wf_pct_positive_folds<0.5 (got 0.3333); profit_factor<=1.2 (got 1.104); label_permutation failed (p=0.416); random_baseline failed (p=0.412); block_bootstrap failed (p=0.352); stress_total_return<=0 (got -0.0794),"{""id"": ""ny__delayed_entry_2__prev_h4_extreme"", ""bias_timeframe"": ""H4"", ""setup_timeframe"": ""H4"", ""entry_timeframe"": ""M15"", ""signal"": {""type"": ""prev_color""}, ""filters"": [{""type"": ""body_atr"", ""min"": 0.5, ""atr_n"": 14}, {""type"": ""regime"", ""ma_n"": 50, ""side"": ""with""}, {""type"": ""session"", ""hours_utc"": [12, 13, 14, 15, 16]}], ""entry"": {""type"": ""delayed_entry_2""}, ""stop"": {""type"": ""prev_h4_extreme""}, ""exit"": {""type"": ""h4_close""}, ""risk"": {""per_trade_pct"": 0.5}, ""cost_bps"": 1.5, ""seed"": null}"
ny__delayed_entry_2__h4_atr_x1.0,False,False,False,3,-7.025,0.3333,332,-0.0613,-0.635,-0.839,349,2.87,-0.005,-0.014,-0.019,1.062,-0.1,-0.0018,0.9914,-0.0918,0.526,0.524,0.46,-0.1438,1,7,0.498,0.5417,0.062,0.0,True,wf_folds<4 (got 3); wf_median_sharpe<=0.0 (got -7.025); wf_pct_positive_folds<0.5 (got 0.3333); holdout_total_return<=0 (got -0.005); profit_factor<=1.2 (got 1.062); label_permutation failed (p=0.526); random_baseline failed (p=0.524); block_bootstrap failed (p=0.46); stress_total_return<=0 (got -0.0918); yearly_consistency failed (1 of 7),"{""id"": ""ny__delayed_entry_2__h4_atr_x1.0"", ""bias_timeframe"": ""H4"", ""setup_timeframe"": ""H4"", ""entry_timeframe"": ""M15"", ""signal"": {""type"": ""prev_color""}, ""filters"": [{""type"": ""body_atr"", ""min"": 0.5, ""atr_n"": 14}, {""type"": ""regime"", ""ma_n"": 50, ""side"": ""with""}, {""type"": ""session"", ""hours_utc"": [12, 13, 14, 15, 16]}], ""entry"": {""type"": ""delayed_entry_2""}, ""stop"": {""type"": ""h4_atr"", ""mult"": 1.0, ""atr_n"": 14}, ""exit"": {""type"": ""h4_close""}, ""risk"": {""per_trade_pct"": 0.5}, ""cost_bps"": 1.5, ""seed"": null}"
ny__zone_midpoint_limit__prev_h4_open,False,False,False,3,-12.976,0.3333,148,0.0346,0.609,1.128,140,1.15,0.0676,0.878,1.863,1.489,-0.0233,0.2366,0.9,0.0533,0.086,0.098,0.114,-0.0188,4,7,0.036,0.0562,0.0,0.0,True,wf_folds<4 (got 3); wf_median_sharpe<=0.0 (got -12.976); wf_pct_positive_folds<0.5 (got 0.3333); label_permutation failed (p=0.086); random_baseline failed (p=0.098); block_bootstrap failed (p=0.114),"{""id"": ""ny__zone_midpoint_limit__prev_h4_open"", ""bias_timeframe"": ""H4"", ""setup_timeframe"": ""H4"", ""entry_timeframe"": ""M15"", ""signal"": {""type"": ""prev_color""}, ""filters"": [{""type"": ""body_atr"", ""min"": 0.5, ""atr_n"": 14}, {""type"": ""regime"", ""ma_n"": 50, ""side"": ""with""}, {""type"": ""session"", ""hours_utc"": [12, 13, 14, 15, 16]}], ""entry"": {""type"": ""zone_midpoint_limit""}, ""stop"": {""type"": ""prev_h4_open""}, ""exit"": {""type"": ""h4_close""}, ""risk"": {""per_trade_pct"": 0.5}, ""cost_bps"": 1.5, ""seed"": null}"
ny__zone_midpoint_limit__prev_h4_extreme,False,False,False,3,-6.358,0.3333,148,0.0548,0.866,1.581,140,1.15,0.0899,1.118,2.339,1.652,-0.0257,0.2797,0.8786,0.0763,0.04,0.05,0.056,0.0004,5,7,0.022,0.039,0.0,0.0,True,wf_folds<4 (got 3); wf_median_sharpe<=0.0 (got -6.358); wf_pct_positive_folds<0.5 (got 0.3333); random_baseline failed (p=0.05); block_bootstrap failed (p=0.056),"{""id"": ""ny__zone_midpoint_limit__prev_h4_extreme"", ""bias_timeframe"": ""H4"", ""setup_timeframe"": ""H4"", ""entry_timeframe"": ""M15"", ""signal"": {""type"": ""prev_color""}, ""filters"": [{""type"": ""body_atr"", ""min"": 0.5, ""atr_n"": 14}, {""type"": ""regime"", ""ma_n"": 50, ""side"": ""with""}, {""type"": ""session"", ""hours_utc"": [12, 13, 14, 15, 16]}], ""entry"": {""type"": ""zone_midpoint_limit""}, ""stop"": {""type"": ""prev_h4_extreme""}, ""exit"": {""type"": ""h4_close""}, ""risk"": {""per_trade_pct"": 0.5}, ""cost_bps"": 1.5, ""seed"": null}"
ny__zone_midpoint_limit__h4_atr_x1.0,False,False,False,3,-9.965,0.3333,148,0.0629,0.867,1.602,140,1.15,0.0866,1.014,2.123,1.591,-0.0387,0.22,0.8786,0.073,0.054,0.062,0.114,-0.0142,5,7,0.084,0.1116,0.004,0.0,True,wf_folds<4 (got 3); wf_median_sharpe<=0.0 (got -9.965); wf_pct_positive_folds<0.5 (got 0.3333); label_permutation failed (p=0.054); random_baseline failed (p=0.062); block_bootstrap failed (p=0.114),"{""id"": ""ny__zone_midpoint_limit__h4_atr_x1.0"", ""bias_timeframe"": ""H4"", ""setup_timeframe"": ""H4"", ""entry_timeframe"": ""M15"", ""signal"": {""type"": ""prev_color""}, ""filters"": [{""type"": ""body_atr"", ""min"": 0.5, ""atr_n"": 14}, {""type"": ""regime"", ""ma_n"": 50, ""side"": ""with""}, {""type"": ""session"", ""hours_utc"": [12, 13, 14, 15, 16]}], ""entry"": {""type"": ""zone_midpoint_limit""}, ""stop"": {""type"": ""h4_atr"", ""mult"": 1.0, ""atr_n"": 14}, ""exit"": {""type"": ""h4_close""}, ""risk"": {""per_trade_pct"": 0.5}, ""cost_bps"": 1.5, ""seed"": null}"
