strategy_id,account,firm,drawdown_type,risk_model,daily_rules,pass_probability,blowup_probability,timeout_probability,consistency_breach_rate,median_days_to_pass,median_end_balance,first_payout_probability,blowup_before_payout_probability,median_days_to_payout,prop_score,cert_ok,cert_fails,main_failure_reason
exhaustion_reversal_M15_filters[0].min=0.6,generic_static_50k,Generic,static,micro_1,stop_w1,0.98,0.0,0.02,0.0816,22.0,53306.98,0.99,0.01,8.0,1.451,True,,none
exhaustion_reversal_M15_filters[0].min=0.6,generic_static_50k,Generic,static,dollar_risk_50,stop_w1,0.98,0.0,0.02,0.0714,21.5,53333.09,0.98,0.02,8.0,1.449,True,,none
exhaustion_reversal_M15_filters[0].min=0.6,generic_static_50k,Generic,static,pct_dd_buffer_2pct,stop_w1,0.97,0.01,0.02,0.0722,22.0,53266.36,0.98,0.02,8.0,1.432,True,,max_loss_static
exhaustion_reversal_M15_filters[0].min=0.6,generic_static_50k,Generic,static,dollar_risk_100,stop_w1,0.97,0.01,0.02,0.0825,20.0,53260.73,0.98,0.02,9.0,1.429,True,,max_loss_static
exhaustion_reversal_M15_filters[0].min=0.6,generic_static_50k,Generic,static,pct_dd_buffer_2pct,none,0.95,0.02,0.03,0.0,21.0,53246.96,0.96,0.03,8.5,1.416,True,,max_loss_static
exhaustion_reversal_M15_filters[0].min=0.6,generic_static_50k,Generic,static,dollar_risk_50,none,0.93,0.01,0.06,0.0,20.0,53194.17,0.98,0.01,9.0,1.413,True,,max_loss_static
exhaustion_reversal_M15_filters[0].min=0.6,generic_static_50k,Generic,static,dollar_risk_100,none,0.93,0.01,0.06,0.0108,21.0,53210.14,0.96,0.04,8.0,1.4,True,,max_loss_static
exhaustion_reversal_M15_filters[0].min=0.6,generic_static_50k,Generic,static,micro_1,none,0.91,0.03,0.06,0.011,20.0,53220.13,0.98,0.01,9.0,1.376,True,,max_loss_static
exhaustion_reversal_M15_filters[0].min=0.6,mffu_50k,MyFundedFutures,intraday_trailing,dollar_risk_100,none,0.87,0.0,0.13,0.0345,20.0,53174.4,1.0,0.0,8.0,1.361,True,,none
exhaustion_reversal_M15_filters[0].min=0.6,mffu_50k,MyFundedFutures,intraday_trailing,dollar_risk_50,none,0.86,0.0,0.14,0.0465,20.0,53188.95,0.99,0.0,8.0,1.343,True,,none
exhaustion_reversal_M15_filters[0].min=0.6,mffu_50k,MyFundedFutures,intraday_trailing,pct_dd_buffer_2pct,none,0.86,0.0,0.14,0.0698,20.0,53188.98,0.99,0.0,8.0,1.337,True,,none
exhaustion_reversal_M15_filters[0].min=0.6,mffu_50k,MyFundedFutures,intraday_trailing,micro_1,none,0.85,0.0,0.15,0.0471,20.0,53220.33,0.99,0.0,8.0,1.333,True,,none
exhaustion_reversal_M15_filters[0].min=0.6,topstep_50k,Topstep,eod_trailing,dollar_risk_50,stop_w1,0.92,0.07,0.01,0.0761,21.0,53251.42,0.93,0.07,8.0,1.315,True,,trailing_dd_eod
exhaustion_reversal_M15_filters[0].min=0.6,topstep_50k,Topstep,eod_trailing,dollar_risk_100,stop_w1,0.92,0.07,0.01,0.0761,19.0,53216.98,0.93,0.07,9.0,1.315,True,,trailing_dd_eod
exhaustion_reversal_M15_filters[0].min=0.6,topstep_50k,Topstep,eod_trailing,micro_1,stop_w1,0.92,0.07,0.01,0.087,21.0,53252.56,0.93,0.07,8.0,1.312,True,,trailing_dd_eod
exhaustion_reversal_M15_filters[0].min=0.6,topstep_50k,Topstep,eod_trailing,pct_dd_buffer_2pct,stop_w1,0.92,0.07,0.01,0.0978,20.0,53211.28,0.93,0.07,8.0,1.309,True,,trailing_dd_eod
exhaustion_reversal_M15_filters[0].min=0.6,generic_static_50k,Generic,static,dollar_risk_100,max2,0.8,0.06,0.14,0.0125,27.0,53188.3,0.91,0.05,11.0,1.21,True,,max_loss_static
exhaustion_reversal_M15_filters[0].min=0.6,generic_static_50k,Generic,static,micro_1,max2,0.81,0.09,0.1,0.0247,29.0,53168.7,0.92,0.06,11.0,1.201,True,,max_loss_static
exhaustion_reversal_M15_filters[0].min=0.6,generic_static_50k,Generic,static,dollar_risk_50,max2,0.8,0.08,0.12,0.025,28.0,53184.64,0.92,0.06,12.5,1.198,True,,max_loss_static
exhaustion_reversal_M15_filters[0].min=0.6,generic_static_50k,Generic,static,pct_dd_buffer_2pct,max2,0.78,0.06,0.16,0.0128,25.5,53151.8,0.92,0.06,12.5,1.195,True,,max_loss_static
exhaustion_reversal_M15_filters[0].min=0.6,mffu_50k,MyFundedFutures,intraday_trailing,dollar_risk_100,max2,0.67,0.0,0.33,0.0746,22.0,53107.58,0.94,0.0,8.0,1.125,True,,none
vwap_mean_reversion_M15_filters[0].max_z=2.5,generic_static_50k,Generic,static,dollar_risk_50,stop_w1,0.71,0.07,0.22,0.0141,30.0,53090.2,0.91,0.07,10.0,1.113,True,,max_loss_static
exhaustion_reversal_M15_filters[0].min=0.6,mffu_50k,MyFundedFutures,intraday_trailing,pct_dd_buffer_2pct,max2,0.64,0.0,0.36,0.0781,20.0,53090.98,0.94,0.0,8.0,1.095,True,,none
exhaustion_reversal_M15_filters[0].min=0.6,mffu_50k,MyFundedFutures,intraday_trailing,dollar_risk_50,max2,0.63,0.0,0.37,0.0476,20.0,53088.94,0.94,0.0,8.0,1.091,True,,none
exhaustion_reversal_M15_filters[0].min=0.6,mffu_50k,MyFundedFutures,intraday_trailing,micro_1,max2,0.63,0.0,0.37,0.0635,20.0,53109.47,0.94,0.0,8.0,1.088,True,,none
vwap_mean_reversion_M15_filters[0].max_z=3.0,generic_static_50k,Generic,static,dollar_risk_50,stop_w1,0.67,0.1,0.23,0.0299,28.0,53058.76,0.95,0.02,13.0,1.069,True,,max_loss_static
exhaustion_reversal_M15_filters[0].min=0.6,mffu_50k,MyFundedFutures,intraday_trailing,dollar_risk_100,dp500_dl300,0.61,0.0,0.39,0.0984,22.0,53036.64,0.91,0.0,9.0,1.047,True,,none
exhaustion_reversal_M15_filters[0].min=0.6,mffu_50k,MyFundedFutures,intraday_trailing,dollar_risk_100,stop_l2,0.6,0.0,0.4,0.0167,22.5,53062.09,0.89,0.0,8.0,1.042,True,,none
exhaustion_reversal_M15_filters[0].min=0.6,generic_static_50k,Generic,static,dollar_risk_100,stop_l2,0.68,0.11,0.21,0.0147,22.5,53070.51,0.88,0.12,10.0,1.04,True,,max_loss_static
vwap_mean_reversion_M15_filters[0].max_z=3.0,generic_static_50k,Generic,static,pct_dd_buffer_2pct,stop_w1,0.64,0.12,0.24,0.0156,27.0,53080.64,0.95,0.02,13.0,1.028,True,,max_loss_static
exhaustion_reversal_M15_filters[0].min=0.6,mffu_50k,MyFundedFutures,intraday_trailing,pct_dd_buffer_2pct,dp500_dl300,0.58,0.0,0.42,0.1034,24.0,53068.87,0.91,0.0,9.0,1.017,True,,none
exhaustion_reversal_M15_filters[0].min=0.6,mffu_50k,MyFundedFutures,intraday_trailing,micro_1,dp500_dl300,0.56,0.0,0.44,0.0714,24.0,53089.31,0.91,0.0,10.0,1.003,True,,none
exhaustion_reversal_M15_filters[0].min=0.6,generic_static_50k,Generic,static,dollar_risk_50,stop_l2,0.65,0.12,0.23,0.0154,24.0,53134.26,0.86,0.11,11.0,0.993,True,,max_loss_static
exhaustion_reversal_M15_filters[0].min=0.6,generic_static_50k,Generic,static,pct_dd_buffer_2pct,stop_l2,0.66,0.14,0.2,0.0152,24.0,53089.35,0.86,0.11,9.0,0.989,True,,max_loss_static
exhaustion_reversal_M15_filters[0].min=0.6,mffu_50k,MyFundedFutures,intraday_trailing,pct_dd_buffer_2pct,stop_l2,0.55,0.0,0.45,0.0545,25.0,53089.78,0.89,0.0,8.0,0.986,True,,none
exhaustion_reversal_M15_filters[0].min=0.6,mffu_50k,MyFundedFutures,intraday_trailing,micro_1,stop_l2,0.54,0.0,0.46,0.0556,23.5,53075.85,0.9,0.0,8.0,0.981,True,,none
exhaustion_reversal_M15_filters[0].min=0.6,mffu_50k,MyFundedFutures,intraday_trailing,dollar_risk_50,dp500_dl300,0.54,0.0,0.46,0.1111,24.0,53091.05,0.91,0.0,10.0,0.977,True,,none
exhaustion_reversal_M15_filters[0].min=0.6,mffu_50k,MyFundedFutures,intraday_trailing,dollar_risk_50,stop_l2,0.53,0.0,0.47,0.0377,25.0,53070.42,0.89,0.0,8.0,0.969,True,,none
exhaustion_reversal_M15_filters[0].min=0.6,generic_static_50k,Generic,static,dollar_risk_50,ny_only_max2,0.59,0.08,0.33,0.0339,27.0,53089.61,0.88,0.08,12.0,0.968,True,,max_loss_static
exhaustion_reversal_M15_filters[0].min=0.6,generic_static_50k,Generic,static,dollar_risk_100,ny_only_max2,0.6,0.1,0.3,0.0167,27.0,53140.76,0.88,0.07,13.0,0.967,True,,max_loss_static
exhaustion_reversal_M15_filters[0].min=0.6,generic_static_50k,Generic,static,pct_dd_buffer_2pct,ny_only_max2,0.6,0.12,0.28,0.0167,27.0,53109.72,0.88,0.08,12.0,0.953,True,,max_loss_static
exhaustion_reversal_M15_filters[0].min=0.6,generic_static_50k,Generic,static,micro_1,stop_l2,0.63,0.15,0.22,0.0159,23.0,53122.27,0.85,0.11,11.0,0.947,True,,max_loss_static
exhaustion_reversal_M15_filters[0].min=0.6,generic_static_50k,Generic,static,micro_1,ny_only_max2,0.58,0.1,0.32,0.0345,26.0,53105.75,0.88,0.08,12.0,0.944,True,,max_loss_static
vwap_mean_reversion_M15_filters[0].max_z=2.5,mffu_50k,MyFundedFutures,intraday_trailing,dollar_risk_50,stop_w1,0.55,0.09,0.36,0.0545,27.0,53018.94,0.91,0.04,11.0,0.933,True,,daily_loss
vwap_mean_reversion_M15_filters[0].max_z=3.0,mffu_50k,MyFundedFutures,intraday_trailing,micro_1,stop_w1,0.55,0.09,0.36,0.1273,22.0,53022.28,0.92,0.05,12.0,0.926,True,,daily_loss
vwap_mean_reversion_M15_filters[0].max_z=3.0,mffu_50k,MyFundedFutures,intraday_trailing,dollar_risk_50,stop_w1,0.55,0.09,0.36,0.1273,22.0,53020.99,0.92,0.05,12.0,0.926,True,,daily_loss
vwap_mean_reversion_M15_filters[0].max_z=3.0,mffu_50k,MyFundedFutures,intraday_trailing,pct_dd_buffer_2pct,stop_w1,0.55,0.09,0.36,0.1455,23.0,53038.82,0.92,0.05,12.5,0.923,True,,daily_loss
vwap_mean_reversion_M15_filters[0].max_z=2.5,mffu_50k,MyFundedFutures,intraday_trailing,pct_dd_buffer_2pct,stop_w1,0.54,0.09,0.37,0.0556,27.0,53020.14,0.91,0.04,11.0,0.923,True,,daily_loss
vwap_mean_reversion_M15_filters[0].max_z=2.5,mffu_50k,MyFundedFutures,intraday_trailing,micro_1,stop_w1,0.54,0.09,0.37,0.0741,27.0,53046.26,0.91,0.04,10.0,0.92,True,,daily_loss
vwap_mean_reversion_M15_filters[0].max_z=3.0,mffu_50k,MyFundedFutures,intraday_trailing,dollar_risk_100,stop_w1,0.55,0.09,0.36,0.1455,27.0,53039.42,0.91,0.05,13.0,0.918,True,,daily_loss
vwap_mean_reversion_M15_filters[0].max_z=2.5,mffu_50k,MyFundedFutures,intraday_trailing,dollar_risk_100,stop_w1,0.54,0.09,0.37,0.0741,28.5,53028.59,0.9,0.04,10.0,0.915,True,,daily_loss
vwap_mean_reversion_M15_filters[0].max_z=2.0,mffu_50k,MyFundedFutures,intraday_trailing,micro_1,stop_w1,0.44,0.12,0.44,0.1364,25.5,52294.0,0.95,0.05,11.0,0.813,True,,daily_loss
vwap_mean_reversion_M15_filters[0].max_z=2.0,mffu_50k,MyFundedFutures,intraday_trailing,dollar_risk_50,stop_w1,0.44,0.12,0.44,0.1364,23.0,52351.18,0.95,0.05,11.0,0.813,True,,daily_loss
vwap_mean_reversion_M15_filters[0].max_z=2.0,mffu_50k,MyFundedFutures,intraday_trailing,pct_dd_buffer_2pct,stop_w1,0.44,0.12,0.44,0.1364,25.5,52226.0,0.95,0.05,11.0,0.813,True,,daily_loss
vwap_mean_reversion_M15_filters[0].max_z=2.0,mffu_50k,MyFundedFutures,intraday_trailing,micro_1,dp500_dl300,0.36,0.0,0.64,0.0556,26.5,51657.11,0.83,0.0,10.0,0.769,True,,none
vwap_mean_reversion_M15_filters[0].max_z=2.0,generic_static_50k,Generic,static,dollar_risk_100,ny_only_max2,0.36,0.14,0.5,0.0833,29.0,51314.4,0.8,0.08,17.0,0.653,True,,max_loss_static
exhaustion_reversal_M15_filters[0].min=0.6,mffu_50k,MyFundedFutures,intraday_trailing,micro_1,stop_w1,0.91,0.0,0.09,0.1978,21.0,53252.56,1.0,0.0,8.0,1.356,False,consistency_breach=19.78% > 15%,none
exhaustion_reversal_M15_filters[0].min=0.6,mffu_50k,MyFundedFutures,intraday_trailing,dollar_risk_50,stop_w1,0.91,0.0,0.09,0.1978,21.0,53273.0,0.99,0.0,8.0,1.351,False,consistency_breach=19.78% > 15%,none
exhaustion_reversal_M15_filters[0].min=0.6,mffu_50k,MyFundedFutures,intraday_trailing,dollar_risk_100,stop_w1,0.9,0.0,0.1,0.1889,18.0,53185.9,1.0,0.0,7.5,1.349,False,consistency_breach=18.89% > 15%,none
exhaustion_reversal_M15_filters[0].min=0.6,mffu_50k,MyFundedFutures,intraday_trailing,pct_dd_buffer_2pct,stop_w1,0.9,0.0,0.1,0.2,19.0,53215.02,1.0,0.0,8.0,1.346,False,consistency_breach=20.00% > 15%,none
vwap_mean_reversion_M15_filters[0].max_z=2.0,generic_static_50k,Generic,static,micro_1,stop_w1,0.69,0.04,0.27,0.0435,33.0,53119.5,0.97,0.02,12.0,1.138,False,median_days=33.0 > 30,max_loss_static
vwap_mean_reversion_M15_filters[0].max_z=2.0,generic_static_50k,Generic,static,dollar_risk_50,stop_w1,0.67,0.04,0.29,0.0448,31.0,53093.13,0.95,0.04,11.0,1.108,False,median_days=31.0 > 30,max_loss_static
vwap_mean_reversion_M15_filters[0].max_z=2.5,generic_static_50k,Generic,static,micro_1,stop_w1,0.69,0.06,0.25,0.0,32.0,53094.02,0.91,0.08,10.0,1.103,False,median_days=32.0 > 30,max_loss_static
vwap_mean_reversion_M15_filters[0].max_z=2.0,generic_static_50k,Generic,static,pct_dd_buffer_2pct,stop_w1,0.67,0.05,0.28,0.0597,31.0,53085.73,0.96,0.03,11.0,1.103,False,median_days=31.0 > 30,max_loss_static
vwap_mean_reversion_M15_filters[0].max_z=2.5,generic_static_50k,Generic,static,pct_dd_buffer_2pct,stop_w1,0.68,0.06,0.26,0.0147,33.5,53092.54,0.91,0.07,9.0,1.09,False,median_days=33.5 > 30,max_loss_static
vwap_mean_reversion_M15_filters[0].max_z=3.0,generic_static_50k,Generic,static,micro_1,stop_w1,0.68,0.11,0.21,0.0,30.5,53084.8,0.95,0.02,13.0,1.078,False,median_days=30.5 > 30,max_loss_static
vwap_mean_reversion_M15_filters[0].max_z=2.0,generic_static_50k,Generic,static,dollar_risk_100,stop_w1,0.64,0.06,0.3,0.0469,32.0,53080.64,0.94,0.05,11.5,1.059,False,median_days=32.0 > 30,max_loss_static
vwap_mean_reversion_M15_filters[0].max_z=2.5,generic_static_50k,Generic,static,dollar_risk_100,stop_w1,0.66,0.09,0.25,0.0,32.5,53064.91,0.9,0.07,9.5,1.047,False,median_days=32.5 > 30,max_loss_static
exhaustion_reversal_M15_filters[0].min=0.6,generic_static_50k,Generic,static,dollar_risk_100,dp500_dl300,0.72,0.16,0.12,0.0556,24.5,53160.22,0.88,0.09,11.0,1.036,False,blowup_prob=16.00% > 15%,max_loss_static
exhaustion_reversal_M15_filters[0].min=0.6,topstep_50k,Topstep,eod_trailing,dollar_risk_100,none,0.76,0.22,0.02,0.0263,17.5,53168.74,0.87,0.13,8.0,1.035,False,blowup_prob=22.00% > 15%,trailing_dd_eod
exhaustion_reversal_M15_filters[0].min=0.6,topstep_50k,Topstep,eod_trailing,micro_1,none,0.75,0.24,0.01,0.0267,17.0,53155.51,0.86,0.14,8.0,1.006,False,blowup_prob=24.00% > 15%,trailing_dd_eod
exhaustion_reversal_M15_filters[0].min=0.6,topstep_50k,Topstep,eod_trailing,dollar_risk_50,none,0.75,0.24,0.01,0.0267,17.0,53129.83,0.85,0.15,8.0,1.001,False,blowup_prob=24.00% > 15%,trailing_dd_eod
exhaustion_reversal_M15_filters[0].min=0.6,topstep_50k,Topstep,eod_trailing,pct_dd_buffer_2pct,none,0.75,0.24,0.01,0.0267,17.0,53181.73,0.85,0.15,8.0,1.001,False,blowup_prob=24.00% > 15%,trailing_dd_eod
vwap_mean_reversion_M15_filters[0].max_z=3.0,generic_static_50k,Generic,static,dollar_risk_100,stop_w1,0.65,0.16,0.19,0.0615,30.0,53058.83,0.91,0.04,13.0,0.981,False,blowup_prob=16.00% > 15%,max_loss_static
exhaustion_reversal_M15_filters[0].min=0.6,generic_static_50k,Generic,static,micro_1,dp500_dl300,0.65,0.17,0.18,0.0462,26.0,53114.63,0.86,0.14,10.5,0.952,False,blowup_prob=17.00% > 15%,max_loss_static
exhaustion_reversal_M15_filters[0].min=0.6,generic_static_50k,Generic,static,pct_dd_buffer_2pct,dp500_dl300,0.66,0.19,0.15,0.0606,25.0,53135.54,0.84,0.16,9.0,0.935,False,blowup_prob=19.00% > 15%,max_loss_static
exhaustion_reversal_M15_filters[0].min=0.6,generic_static_50k,Generic,static,dollar_risk_50,dp500_dl300,0.64,0.18,0.18,0.0469,24.5,53094.88,0.83,0.16,9.0,0.92,False,blowup_prob=18.00% > 15%,max_loss_static
exhaustion_reversal_M15_filters[0].min=0.6,mffu_50k,MyFundedFutures,intraday_trailing,micro_1,ny_only_max2,0.49,0.0,0.51,0.1633,23.0,52697.68,0.9,0.0,11.0,0.916,False,consistency_breach=16.33% > 15%,none
exhaustion_reversal_M15_filters[0].min=0.6,mffu_50k,MyFundedFutures,intraday_trailing,dollar_risk_50,ny_only_max2,0.49,0.0,0.51,0.1633,23.0,52688.19,0.9,0.0,11.0,0.916,False,consistency_breach=16.33% > 15%,none
exhaustion_reversal_M15_filters[0].min=0.6,mffu_50k,MyFundedFutures,intraday_trailing,dollar_risk_100,ny_only_max2,0.49,0.0,0.51,0.1837,24.0,52647.86,0.9,0.0,10.0,0.913,False,consistency_breach=18.37% > 15%,none
exhaustion_reversal_M15_filters[0].min=0.6,mffu_50k,MyFundedFutures,intraday_trailing,pct_dd_buffer_2pct,ny_only_max2,0.48,0.0,0.52,0.2083,23.0,52397.82,0.91,0.0,10.0,0.905,False,consistency_breach=20.83% > 15%,none
vwap_mean_reversion_M15_filters[0].max_z=2.0,generic_static_50k,Generic,static,dollar_risk_50,max2,0.57,0.14,0.29,0.1754,32.0,53054.71,0.82,0.13,12.0,0.852,False,consistency_breach=17.54% > 15%; median_days=32.0 > 30,max_loss_static
vwap_mean_reversion_M15_filters[0].max_z=2.0,generic_static_50k,Generic,static,pct_dd_buffer_2pct,max2,0.56,0.14,0.3,0.1964,33.0,53045.46,0.83,0.12,13.0,0.844,False,consistency_breach=19.64% > 15%; median_days=33.0 > 30,max_loss_static
vwap_mean_reversion_M15_filters[0].max_z=2.0,generic_static_50k,Generic,static,micro_1,max2,0.57,0.17,0.26,0.1579,31.0,53037.94,0.83,0.11,13.0,0.839,False,blowup_prob=17.00% > 15%; consistency_breach=15.79% > 15%; median_days=31.0 > 30,max_loss_static
exhaustion_reversal_M15_filters[0].min=0.6,topstep_50k,Topstep,eod_trailing,dollar_risk_50,max2,0.65,0.34,0.01,0.0,28.0,53127.41,0.85,0.15,9.0,0.837,False,blowup_prob=34.00% > 15%,trailing_dd_eod
exhaustion_reversal_M15_filters[0].min=0.6,topstep_50k,Topstep,eod_trailing,dollar_risk_100,max2,0.64,0.33,0.03,0.0,24.5,53143.64,0.85,0.15,9.0,0.834,False,blowup_prob=33.00% > 15%,trailing_dd_eod
exhaustion_reversal_M15_filters[0].min=0.6,topstep_50k,Topstep,eod_trailing,micro_1,max2,0.64,0.33,0.03,0.0156,28.5,53128.2,0.85,0.15,9.0,0.831,False,blowup_prob=33.00% > 15%,trailing_dd_eod
vwap_mean_reversion_M15_filters[0].max_z=2.0,mffu_50k,MyFundedFutures,intraday_trailing,micro_1,max2,0.43,0.0,0.57,0.2791,27.0,51792.95,0.87,0.0,15.0,0.829,False,consistency_breach=27.91% > 15%,none
vwap_mean_reversion_M15_filters[0].max_z=2.0,mffu_50k,MyFundedFutures,intraday_trailing,micro_1,stop_l2,0.46,0.0,0.54,0.5435,19.5,51613.3,0.87,0.0,13.0,0.82,False,consistency_breach=54.35% > 15%,none
vwap_mean_reversion_M15_filters[0].max_z=2.0,generic_static_50k,Generic,static,reduce_after_loss,stop_w1,0.59,0.27,0.14,0.1186,20.0,53104.51,0.88,0.12,11.0,0.82,False,blowup_prob=27.00% > 15%,daily_loss
exhaustion_reversal_M15_filters[0].min=0.6,topstep_50k,Topstep,eod_trailing,pct_dd_buffer_2pct,max2,0.63,0.34,0.03,0.0,23.0,53057.57,0.85,0.15,9.0,0.817,False,blowup_prob=34.00% > 15%,trailing_dd_eod
vwap_mean_reversion_M15_filters[0].max_z=2.0,generic_static_50k,Generic,static,dollar_risk_100,max2,0.56,0.2,0.24,0.125,34.0,53036.64,0.82,0.12,12.0,0.809,False,blowup_prob=20.00% > 15%; median_days=34.0 > 30,max_loss_static
vwap_mean_reversion_M15_filters[0].max_z=2.0,mffu_50k,MyFundedFutures,intraday_trailing,pct_dd_buffer_2pct,stop_l2,0.45,0.0,0.55,0.5778,20.0,51403.0,0.87,0.0,13.0,0.807,False,consistency_breach=57.78% > 15%,none
vwap_mean_reversion_M15_filters[0].max_z=2.0,mffu_50k,MyFundedFutures,intraday_trailing,micro_1,none,0.5,0.11,0.39,0.4,23.5,52975.65,0.88,0.05,10.0,0.803,False,consistency_breach=40.00% > 15%,daily_loss
vwap_mean_reversion_M15_filters[0].max_z=2.0,mffu_50k,MyFundedFutures,intraday_trailing,pct_dd_buffer_2pct,max2,0.41,0.0,0.59,0.3659,24.0,51925.8,0.87,0.0,15.0,0.8,False,consistency_breach=36.59% > 15%,none
vwap_mean_reversion_M15_filters[0].max_z=2.0,mffu_50k,MyFundedFutures,intraday_trailing,dollar_risk_100,none,0.5,0.12,0.38,0.38,24.5,52577.65,0.88,0.05,10.0,0.799,False,consistency_breach=38.00% > 15%,daily_loss
vwap_mean_reversion_M15_filters[0].max_z=2.0,topstep_50k,Topstep,eod_trailing,micro_1,stop_w1,0.57,0.3,0.13,0.0175,34.0,53024.57,0.88,0.12,12.0,0.797,False,blowup_prob=30.00% > 15%; median_days=34.0 > 30,daily_loss
vwap_mean_reversion_M15_filters[0].max_z=2.0,mffu_50k,MyFundedFutures,intraday_trailing,dollar_risk_50,stop_l2,0.44,0.0,0.56,0.5909,19.0,51488.71,0.87,0.0,13.0,0.797,False,consistency_breach=59.09% > 15%,none
vwap_mean_reversion_M15_filters[0].max_z=2.0,mffu_50k,MyFundedFutures,intraday_trailing,reduce_after_loss,stop_w1,0.52,0.19,0.29,0.2692,24.5,53022.85,0.9,0.09,8.0,0.795,False,blowup_prob=19.00% > 15%; consistency_breach=26.92% > 15%,daily_loss
vwap_mean_reversion_M15_filters[0].max_z=2.5,topstep_50k,Topstep,eod_trailing,micro_1,stop_w1,0.6,0.3,0.1,0.0167,29.5,53094.46,0.81,0.19,10.0,0.792,False,blowup_prob=30.00% > 15%,trailing_dd_eod
vwap_mean_reversion_M15_filters[0].max_z=2.0,mffu_50k,MyFundedFutures,intraday_trailing,dollar_risk_100,max2,0.41,0.0,0.59,0.3171,28.0,51670.78,0.84,0.0,13.0,0.791,False,consistency_breach=31.71% > 15%,none
vwap_mean_reversion_M15_filters[0].max_z=2.0,mffu_50k,MyFundedFutures,intraday_trailing,dollar_risk_100,stop_w1,0.43,0.12,0.45,0.1628,28.0,52040.53,0.93,0.05,10.0,0.79,False,consistency_breach=16.28% > 15%,daily_loss
vwap_mean_reversion_M15_filters[0].max_z=2.0,mffu_50k,MyFundedFutures,intraday_trailing,dollar_risk_50,none,0.49,0.12,0.39,0.4082,23.0,52285.03,0.88,0.05,10.0,0.786,False,consistency_breach=40.82% > 15%,daily_loss
vwap_mean_reversion_M15_filters[0].max_z=2.0,topstep_50k,Topstep,eod_trailing,pct_dd_buffer_2pct,stop_w1,0.56,0.3,0.14,0.0,34.0,53038.76,0.87,0.13,12.0,0.785,False,blowup_prob=30.00% > 15%; median_days=34.0 > 30,daily_loss
vwap_mean_reversion_M15_filters[0].max_z=2.0,mffu_50k,MyFundedFutures,intraday_trailing,dollar_risk_50,max2,0.4,0.0,0.6,0.375,24.0,51956.18,0.86,0.0,14.0,0.785,False,consistency_breach=37.50% > 15%,none
vwap_mean_reversion_M15_filters[0].max_z=2.0,mffu_50k,MyFundedFutures,intraday_trailing,dollar_risk_100,stop_l2,0.42,0.0,0.58,0.5952,18.5,50997.61,0.88,0.0,13.5,0.785,False,consistency_breach=59.52% > 15%,none
vwap_mean_reversion_M15_filters[0].max_z=2.0,mffu_50k,MyFundedFutures,intraday_trailing,pct_dd_buffer_2pct,none,0.49,0.12,0.39,0.4286,23.0,52339.03,0.88,0.05,10.0,0.783,False,consistency_breach=42.86% > 15%,daily_loss
vwap_mean_reversion_M15_filters[0].max_z=3.0,topstep_50k,Topstep,eod_trailing,micro_1,stop_w1,0.6,0.34,0.06,0.0333,28.5,53036.55,0.85,0.15,11.0,0.781,False,blowup_prob=34.00% > 15%,trailing_dd_eod
exhaustion_reversal_M15_filters[0].min=0.6,mffu_50k,MyFundedFutures,intraday_trailing,reduce_after_loss,stop_w1,0.66,0.29,0.05,0.4848,13.5,53255.83,0.84,0.16,6.0,0.781,False,blowup_prob=29.00% > 15%; consistency_breach=48.48% > 15%,daily_loss
vwap_mean_reversion_M15_filters[0].max_z=2.0,generic_static_50k,Generic,static,micro_1,none,0.58,0.27,0.15,0.2069,24.0,53079.42,0.85,0.13,11.0,0.78,False,blowup_prob=27.00% > 15%; consistency_breach=20.69% > 15%,max_loss_static
vwap_mean_reversion_M15_filters[0].max_z=3.0,topstep_50k,Topstep,eod_trailing,dollar_risk_50,stop_w1,0.6,0.34,0.06,0.05,27.5,53039.3,0.85,0.15,11.0,0.778,False,blowup_prob=34.00% > 15%,trailing_dd_eod
vwap_mean_reversion_M15_filters[0].max_z=2.5,topstep_50k,Topstep,eod_trailing,dollar_risk_50,stop_w1,0.59,0.31,0.1,0.0169,29.0,53059.98,0.81,0.19,10.0,0.775,False,blowup_prob=31.00% > 15%,trailing_dd_eod
vwap_mean_reversion_M15_filters[0].max_z=2.0,generic_static_50k,Generic,static,pct_dd_buffer_2pct,none,0.57,0.26,0.17,0.2281,25.0,53070.61,0.85,0.14,13.0,0.774,False,blowup_prob=26.00% > 15%; consistency_breach=22.81% > 15%,max_loss_static
vwap_mean_reversion_M15_filters[0].max_z=2.0,generic_static_50k,Generic,static,dollar_risk_100,none,0.55,0.24,0.21,0.2182,26.0,53057.69,0.85,0.15,13.0,0.771,False,blowup_prob=24.00% > 15%; consistency_breach=21.82% > 15%,max_loss_static
exhaustion_reversal_M15_filters[0].min=0.6,generic_static_50k,Generic,static,reduce_after_loss,stop_w1,0.67,0.32,0.01,0.3731,14.0,53277.25,0.8,0.2,9.0,0.771,False,blowup_prob=32.00% > 15%; consistency_breach=37.31% > 15%,daily_loss
vwap_mean_reversion_M15_filters[0].max_z=2.5,topstep_50k,Topstep,eod_trailing,pct_dd_buffer_2pct,stop_w1,0.58,0.31,0.11,0.0172,28.5,53043.48,0.81,0.19,10.0,0.765,False,blowup_prob=31.00% > 15%,trailing_dd_eod
vwap_mean_reversion_M15_filters[0].max_z=3.0,topstep_50k,Topstep,eod_trailing,pct_dd_buffer_2pct,stop_w1,0.59,0.35,0.06,0.0508,27.0,53034.09,0.85,0.15,11.0,0.761,False,blowup_prob=35.00% > 15%,trailing_dd_eod
vwap_mean_reversion_M15_filters[0].max_z=2.0,topstep_50k,Topstep,eod_trailing,dollar_risk_50,stop_w1,0.54,0.32,0.14,0.0,33.5,53046.25,0.88,0.12,13.0,0.756,False,blowup_prob=32.00% > 15%; median_days=33.5 > 30,daily_loss
vwap_mean_reversion_M15_filters[0].max_z=2.0,mffu_50k,MyFundedFutures,intraday_trailing,dollar_risk_50,dp500_dl300,0.34,0.0,0.66,0.0882,25.5,51416.84,0.83,0.0,11.0,0.746,False,pass_prob=34.00% < 35%,none
vwap_mean_reversion_M15_filters[0].max_z=2.0,generic_static_50k,Generic,static,dollar_risk_50,none,0.55,0.28,0.17,0.2364,23.0,53055.91,0.85,0.14,13.0,0.74,False,blowup_prob=28.00% > 15%; consistency_breach=23.64% > 15%,max_loss_static
vwap_mean_reversion_M15_filters[0].max_z=3.0,mffu_50k,MyFundedFutures,intraday_trailing,micro_1,none,0.43,0.09,0.48,0.2093,25.0,51343.25,0.79,0.08,10.0,0.735,False,consistency_breach=20.93% > 15%,daily_loss
vwap_mean_reversion_M15_filters[0].max_z=3.0,mffu_50k,MyFundedFutures,intraday_trailing,dollar_risk_50,none,0.43,0.09,0.48,0.2093,25.0,51291.96,0.79,0.08,10.0,0.735,False,consistency_breach=20.93% > 15%,daily_loss
vwap_mean_reversion_M15_filters[0].max_z=3.0,mffu_50k,MyFundedFutures,intraday_trailing,pct_dd_buffer_2pct,none,0.43,0.09,0.48,0.2093,25.0,51283.8,0.79,0.08,11.0,0.735,False,consistency_breach=20.93% > 15%,daily_loss
exhaustion_reversal_M15_filters[0].min=0.6,mffu_50k,MyFundedFutures,intraday_trailing,reduce_after_loss,ny_only_max2,0.53,0.18,0.29,0.4906,16.0,53040.33,0.8,0.12,9.5,0.726,False,blowup_prob=18.00% > 15%; consistency_breach=49.06% > 15%,daily_loss
vwap_mean_reversion_M15_filters[0].max_z=2.0,mffu_50k,MyFundedFutures,intraday_trailing,dollar_risk_100,dp500_dl300,0.32,0.0,0.68,0.125,21.0,51076.51,0.83,0.0,13.0,0.723,False,pass_prob=32.00% < 35%,none
vwap_mean_reversion_M15_filters[0].max_z=2.0,topstep_50k,Topstep,eod_trailing,dollar_risk_100,stop_w1,0.52,0.34,0.14,0.0,34.0,53006.82,0.88,0.12,12.0,0.722,False,blowup_prob=34.00% > 15%; median_days=34.0 > 30,daily_loss
vwap_mean_reversion_M15_filters[0].max_z=2.0,generic_static_50k,Generic,static,micro_1,stop_l2,0.54,0.27,0.19,0.1852,27.5,53066.23,0.8,0.18,11.5,0.721,False,blowup_prob=27.00% > 15%; consistency_breach=18.52% > 15%,max_loss_static
vwap_mean_reversion_M15_filters[0].max_z=2.5,mffu_50k,MyFundedFutures,intraday_trailing,pct_dd_buffer_2pct,none,0.4,0.09,0.51,0.275,23.5,50954.52,0.83,0.07,8.0,0.719,False,consistency_breach=27.50% > 15%,daily_loss
vwap_mean_reversion_M15_filters[0].max_z=2.0,mffu_50k,MyFundedFutures,intraday_trailing,pct_dd_buffer_2pct,dp500_dl300,0.31,0.0,0.69,0.0645,21.0,51053.38,0.83,0.0,10.0,0.719,False,pass_prob=31.00% < 35%,none
vwap_mean_reversion_M15_filters[0].max_z=2.5,mffu_50k,MyFundedFutures,intraday_trailing,dollar_risk_50,none,0.4,0.09,0.51,0.275,23.5,51161.21,0.82,0.07,8.0,0.714,False,consistency_breach=27.50% > 15%,daily_loss
vwap_mean_reversion_M15_filters[0].max_z=2.0,generic_static_50k,Generic,static,pct_dd_buffer_2pct,stop_l2,0.52,0.26,0.22,0.1923,24.5,53030.18,0.8,0.19,12.0,0.708,False,blowup_prob=26.00% > 15%; consistency_breach=19.23% > 15%,max_loss_static
vwap_mean_reversion_M15_filters[0].max_z=2.5,topstep_50k,Topstep,eod_trailing,dollar_risk_100,stop_w1,0.56,0.35,0.09,0.0179,29.5,53020.03,0.79,0.21,10.0,0.707,False,blowup_prob=35.00% > 15%,trailing_dd_eod
vwap_mean_reversion_M15_filters[0].max_z=3.0,mffu_50k,MyFundedFutures,intraday_trailing,dollar_risk_100,none,0.4,0.09,0.51,0.225,24.5,51059.3,0.79,0.08,13.0,0.705,False,consistency_breach=22.50% > 15%,daily_loss
vwap_mean_reversion_M15_filters[0].max_z=2.5,mffu_50k,MyFundedFutures,intraday_trailing,micro_1,none,0.38,0.09,0.53,0.2632,23.5,51191.06,0.83,0.07,8.0,0.702,False,consistency_breach=26.32% > 15%,daily_loss
vwap_mean_reversion_M15_filters[0].max_z=2.0,generic_static_50k,Generic,static,dollar_risk_50,stop_l2,0.51,0.26,0.23,0.2157,21.0,53037.21,0.8,0.19,12.0,0.695,False,blowup_prob=26.00% > 15%; consistency_breach=21.57% > 15%,max_loss_static
vwap_mean_reversion_M15_filters[0].max_z=2.0,generic_static_50k,Generic,static,dollar_risk_100,stop_l2,0.51,0.27,0.22,0.1961,24.0,53016.43,0.8,0.19,12.0,0.691,False,blowup_prob=27.00% > 15%; consistency_breach=19.61% > 15%,max_loss_static
exhaustion_reversal_M15_filters[0].min=0.6,topstep_50k,Topstep,eod_trailing,pct_dd_buffer_2pct,ny_only_max2,0.52,0.35,0.13,0.0,26.0,53011.27,0.83,0.16,12.0,0.69,False,blowup_prob=35.00% > 15%,trailing_dd_eod
vwap_mean_reversion_M15_filters[0].max_z=2.5,mffu_50k,MyFundedFutures,intraday_trailing,dollar_risk_100,none,0.37,0.09,0.54,0.2162,24.0,51188.54,0.81,0.07,8.0,0.688,False,consistency_breach=21.62% > 15%,daily_loss
exhaustion_reversal_M15_filters[0].min=0.6,topstep_50k,Topstep,eod_trailing,micro_1,ny_only_max2,0.52,0.36,0.12,0.0,26.0,53013.01,0.83,0.16,12.0,0.683,False,blowup_prob=36.00% > 15%,trailing_dd_eod
exhaustion_reversal_M15_filters[0].min=0.6,topstep_50k,Topstep,eod_trailing,dollar_risk_50,ny_only_max2,0.52,0.36,0.12,0.0,26.0,53003.44,0.83,0.16,12.0,0.683,False,blowup_prob=36.00% > 15%,trailing_dd_eod
vwap_mean_reversion_M15_filters[0].max_z=3.0,topstep_50k,Topstep,eod_trailing,dollar_risk_100,stop_w1,0.53,0.38,0.09,0.0377,23.0,53013.47,0.84,0.16,12.5,0.678,False,blowup_prob=38.00% > 15%,trailing_dd_eod
vwap_mean_reversion_M15_filters[0].max_z=2.5,mffu_50k,MyFundedFutures,intraday_trailing,pct_dd_buffer_2pct,max2,0.35,0.0,0.65,0.4,20.0,50394.33,0.74,0.0,9.0,0.678,False,consistency_breach=40.00% > 15%,none
exhaustion_reversal_M15_filters[0].min=0.6,topstep_50k,Topstep,eod_trailing,dollar_risk_100,ny_only_max2,0.51,0.36,0.13,0.0,26.0,53062.21,0.82,0.16,12.5,0.668,False,blowup_prob=36.00% > 15%,trailing_dd_eod
vwap_mean_reversion_M15_filters[0].max_z=2.5,mffu_50k,MyFundedFutures,intraday_trailing,micro_1,max2,0.32,0.0,0.68,0.4062,20.0,50593.51,0.77,0.0,9.0,0.666,False,pass_prob=32.00% < 35%; consistency_breach=40.62% > 15%,none
vwap_mean_reversion_M15_filters[0].max_z=2.0,generic_static_50k,Generic,static,micro_1,ny_only_max2,0.37,0.12,0.51,0.1892,28.0,51658.21,0.79,0.07,19.0,0.66,False,consistency_breach=18.92% > 15%,max_loss_static
vwap_mean_reversion_M15_filters[0].max_z=2.0,generic_static_50k,Generic,static,pct_dd_buffer_2pct,ny_only_max2,0.37,0.12,0.51,0.1622,27.0,51634.6,0.78,0.07,16.5,0.658,False,consistency_breach=16.22% > 15%,max_loss_static
vwap_mean_reversion_M15_filters[0].max_z=2.5,mffu_50k,MyFundedFutures,intraday_trailing,dollar_risk_50,max2,0.32,0.0,0.68,0.4062,20.0,50601.83,0.75,0.0,9.0,0.656,False,pass_prob=32.00% < 35%; consistency_breach=40.62% > 15%,none
vwap_mean_reversion_M15_filters[0].max_z=2.0,generic_static_50k,Generic,static,dollar_risk_50,ny_only_max2,0.37,0.13,0.5,0.1622,28.0,51642.28,0.79,0.07,17.0,0.656,False,consistency_breach=16.22% > 15%,max_loss_static
vwap_mean_reversion_M15_filters[0].max_z=2.5,mffu_50k,MyFundedFutures,intraday_trailing,dollar_risk_100,max2,0.31,0.0,0.69,0.3871,19.0,50340.59,0.74,0.0,9.0,0.644,False,pass_prob=31.00% < 35%; consistency_breach=38.71% > 15%,none
vwap_mean_reversion_M15_filters[0].max_z=2.5,generic_static_50k,Generic,static,pct_dd_buffer_2pct,none,0.5,0.3,0.2,0.12,23.5,52751.8,0.74,0.25,10.0,0.642,False,blowup_prob=30.00% > 15%,max_loss_static
vwap_mean_reversion_M15_filters[0].max_z=2.0,generic_static_50k,Generic,static,dollar_risk_50,dp500_dl300,0.41,0.25,0.34,0.0,29.0,51367.25,0.81,0.16,12.0,0.64,False,blowup_prob=25.00% > 15%,max_loss_static
exhaustion_reversal_M15_filters[0].min=0.6,mffu_50k,MyFundedFutures,intraday_trailing,reduce_after_loss,max2,0.46,0.28,0.26,0.2174,18.0,51706.02,0.81,0.13,7.0,0.639,False,blowup_prob=28.00% > 15%; consistency_breach=21.74% > 15%,daily_loss
vwap_mean_reversion_M15_filters[0].max_z=2.0,mffu_50k,MyFundedFutures,intraday_trailing,dollar_risk_50,ny_only_max2,0.27,0.0,0.73,0.4074,23.0,50804.66,0.8,0.0,16.5,0.637,False,pass_prob=27.00% < 35%; consistency_breach=40.74% > 15%,none
vwap_mean_reversion_M15_filters[0].max_z=2.0,generic_static_50k,Generic,static,micro_1,dp500_dl300,0.43,0.27,0.3,0.0,33.0,51526.93,0.79,0.17,11.0,0.636,False,blowup_prob=27.00% > 15%; median_days=33.0 > 30,max_loss_static
exhaustion_reversal_M15_filters[0].min=0.6,topstep_50k,Topstep,eod_trailing,dollar_risk_100,dp500_dl300,0.56,0.42,0.02,0.0357,18.0,53041.92,0.75,0.25,9.0,0.635,False,blowup_prob=42.00% > 15%,trailing_dd_eod
vwap_mean_reversion_M15_filters[0].max_z=2.0,mffu_50k,MyFundedFutures,intraday_trailing,dollar_risk_100,ny_only_max2,0.27,0.0,0.73,0.4074,24.0,50721.86,0.79,0.0,16.0,0.632,False,pass_prob=27.00% < 35%; consistency_breach=40.74% > 15%,none
vwap_mean_reversion_M15_filters[0].max_z=2.0,mffu_50k,MyFundedFutures,intraday_trailing,pct_dd_buffer_2pct,ny_only_max2,0.27,0.0,0.73,0.4074,23.0,50708.23,0.79,0.0,16.0,0.632,False,pass_prob=27.00% < 35%; consistency_breach=40.74% > 15%,none
vwap_mean_reversion_M15_filters[0].max_z=2.5,generic_static_50k,Generic,static,micro_1,none,0.49,0.3,0.21,0.102,25.0,52040.93,0.73,0.26,10.0,0.63,False,blowup_prob=30.00% > 15%,max_loss_static
vwap_mean_reversion_M15_filters[0].max_z=2.0,generic_static_50k,Generic,static,pct_dd_buffer_2pct,dp500_dl300,0.41,0.26,0.33,0.0,32.0,51316.23,0.8,0.17,10.5,0.628,False,blowup_prob=26.00% > 15%; median_days=32.0 > 30,max_loss_static
vwap_mean_reversion_M15_filters[0].max_z=3.0,mffu_50k,MyFundedFutures,intraday_trailing,micro_1,max2,0.28,0.0,0.72,0.4643,24.0,50427.11,0.77,0.0,16.0,0.626,False,pass_prob=28.00% < 35%; consistency_breach=46.43% > 15%,none
vwap_mean_reversion_M15_filters[0].max_z=3.0,mffu_50k,MyFundedFutures,intraday_trailing,dollar_risk_50,max2,0.28,0.0,0.72,0.4643,24.0,50376.57,0.77,0.0,16.0,0.626,False,pass_prob=28.00% < 35%; consistency_breach=46.43% > 15%,none
vwap_mean_reversion_M15_filters[0].max_z=2.5,generic_static_50k,Generic,static,dollar_risk_50,none,0.49,0.31,0.2,0.102,25.0,52724.58,0.73,0.26,10.0,0.623,False,blowup_prob=31.00% > 15%,max_loss_static
vwap_mean_reversion_M15_filters[0].max_z=2.0,mffu_50k,MyFundedFutures,intraday_trailing,micro_1,ny_only_max2,0.26,0.0,0.74,0.4615,23.0,50853.82,0.79,0.0,16.0,0.619,False,pass_prob=26.00% < 35%; consistency_breach=46.15% > 15%,none
vwap_mean_reversion_M15_filters[0].max_z=3.0,mffu_50k,MyFundedFutures,intraday_trailing,pct_dd_buffer_2pct,max2,0.27,0.0,0.73,0.4815,21.0,50446.29,0.77,0.0,16.0,0.616,False,pass_prob=27.00% < 35%; consistency_breach=48.15% > 15%,none
vwap_mean_reversion_M15_filters[0].max_z=3.0,generic_static_50k,Generic,static,micro_1,none,0.49,0.36,0.15,0.102,28.0,52577.79,0.78,0.19,13.0,0.613,False,blowup_prob=36.00% > 15%,max_loss_static
vwap_mean_reversion_M15_filters[0].max_z=3.0,mffu_50k,MyFundedFutures,intraday_trailing,dollar_risk_100,max2,0.27,0.0,0.73,0.4815,19.0,50274.22,0.76,0.0,16.0,0.611,False,pass_prob=27.00% < 35%; consistency_breach=48.15% > 15%,none
vwap_mean_reversion_M15_filters[0].max_z=3.0,mffu_50k,MyFundedFutures,intraday_trailing,micro_1,dp500_dl300,0.26,0.0,0.74,0.2692,18.5,50111.73,0.73,0.0,12.0,0.604,False,pass_prob=26.00% < 35%; consistency_breach=26.92% > 15%,none
vwap_mean_reversion_M15_filters[0].max_z=3.0,mffu_50k,MyFundedFutures,intraday_trailing,dollar_risk_50,dp500_dl300,0.26,0.0,0.74,0.2692,18.5,50059.54,0.73,0.0,12.0,0.604,False,pass_prob=26.00% < 35%; consistency_breach=26.92% > 15%,none
vwap_mean_reversion_M15_filters[0].max_z=3.0,generic_static_50k,Generic,static,dollar_risk_50,none,0.48,0.35,0.17,0.1458,29.0,51970.54,0.77,0.19,14.0,0.599,False,blowup_prob=35.00% > 15%,max_loss_static
exhaustion_reversal_M15_filters[0].min=0.6,topstep_50k,Topstep,eod_trailing,pct_dd_buffer_2pct,stop_l2,0.53,0.43,0.04,0.0,26.0,53006.05,0.74,0.26,9.0,0.599,False,blowup_prob=43.00% > 15%,trailing_dd_eod
vwap_mean_reversion_M15_filters[0].max_z=3.0,generic_static_50k,Generic,static,pct_dd_buffer_2pct,none,0.47,0.35,0.18,0.1277,25.0,51366.26,0.78,0.19,13.0,0.597,False,blowup_prob=35.00% > 15%,max_loss_static
vwap_mean_reversion_M15_filters[0].max_z=2.5,generic_static_50k,Generic,static,reduce_after_loss,stop_w1,0.53,0.39,0.08,0.1887,19.0,53020.94,0.74,0.26,9.0,0.597,False,blowup_prob=39.00% > 15%; consistency_breach=18.87% > 15%,daily_loss
vwap_mean_reversion_M15_filters[0].max_z=2.0,mffu_50k,MyFundedFutures,intraday_trailing,reduce_after_loss,max2,0.44,0.21,0.35,0.6818,15.0,51362.3,0.78,0.14,9.0,0.593,False,blowup_prob=21.00% > 15%; consistency_breach=68.18% > 15%,daily_loss
exhaustion_reversal_M15_filters[0].min=0.6,topstep_50k,Topstep,eod_trailing,dollar_risk_100,stop_l2,0.53,0.43,0.04,0.0189,24.0,53015.09,0.73,0.27,8.0,0.591,False,blowup_prob=43.00% > 15%,trailing_dd_eod
exhaustion_reversal_M15_filters[0].min=0.6,mffu_50k,MyFundedFutures,intraday_trailing,reduce_after_loss,none,0.48,0.33,0.19,0.375,15.5,52354.0,0.79,0.18,6.0,0.59,False,blowup_prob=33.00% > 15%; consistency_breach=37.50% > 15%,daily_loss
vwap_mean_reversion_M15_filters[0].max_z=3.0,generic_static_50k,Generic,static,reduce_after_loss,stop_w1,0.52,0.42,0.06,0.3077,15.0,53022.45,0.82,0.18,9.0,0.588,False,blowup_prob=42.00% > 15%; consistency_breach=30.77% > 15%,daily_loss
vwap_mean_reversion_M15_filters[0].max_z=3.0,mffu_50k,MyFundedFutures,intraday_trailing,pct_dd_buffer_2pct,dp500_dl300,0.25,0.0,0.75,0.32,17.0,50118.36,0.72,0.0,12.0,0.586,False,pass_prob=25.00% < 35%; consistency_breach=32.00% > 15%,none
vwap_mean_reversion_M15_filters[0].max_z=2.0,generic_static_50k,Generic,static,dollar_risk_100,dp500_dl300,0.4,0.3,0.3,0.0,32.0,51257.75,0.79,0.17,14.0,0.585,False,blowup_prob=30.00% > 15%; median_days=32.0 > 30,max_loss_static
vwap_mean_reversion_M15_filters[0].max_z=2.0,topstep_50k,Topstep,eod_trailing,reduce_after_loss,stop_w1,0.52,0.45,0.03,0.0962,20.0,53040.48,0.78,0.22,8.0,0.58,False,blowup_prob=45.00% > 15%,trailing_dd_eod
vwap_mean_reversion_M15_filters[0].max_z=3.0,mffu_50k,MyFundedFutures,intraday_trailing,micro_1,stop_l2,0.26,0.0,0.74,0.2308,21.0,48894.06,0.67,0.0,14.0,0.577,False,pass_prob=26.00% < 35%; consistency_breach=23.08% > 15%,none
vwap_mean_reversion_M15_filters[0].max_z=3.0,mffu_50k,MyFundedFutures,intraday_trailing,dollar_risk_50,stop_l2,0.26,0.0,0.74,0.2308,21.0,48855.76,0.67,0.0,14.0,0.577,False,pass_prob=26.00% < 35%; consistency_breach=23.08% > 15%,none
vwap_mean_reversion_M15_filters[0].max_z=3.0,generic_static_50k,Generic,static,dollar_risk_100,none,0.47,0.36,0.17,0.1277,25.0,50796.84,0.75,0.24,14.0,0.575,False,blowup_prob=36.00% > 15%,max_loss_static
exhaustion_reversal_M15_filters[0].min=0.6,topstep_50k,Topstep,eod_trailing,dollar_risk_50,stop_l2,0.51,0.44,0.05,0.0,26.0,53000.31,0.74,0.26,9.0,0.572,False,blowup_prob=44.00% > 15%,trailing_dd_eod
vwap_mean_reversion_M15_filters[0].max_z=3.0,mffu_50k,MyFundedFutures,intraday_trailing,pct_dd_buffer_2pct,stop_l2,0.25,0.0,0.75,0.32,21.0,49409.21,0.69,0.0,14.0,0.571,False,pass_prob=25.00% < 35%; consistency_breach=32.00% > 15%,none
exhaustion_reversal_M15_filters[0].min=0.6,generic_static_50k,Generic,static,reduce_after_loss,ny_only_max2,0.53,0.39,0.08,0.3585,18.0,53026.14,0.74,0.24,12.5,0.57,False,blowup_prob=39.00% > 15%; consistency_breach=35.85% > 15%,max_loss_static
exhaustion_reversal_M15_filters[0].min=0.6,generic_static_50k,Generic,static,reduce_after_loss,none,0.54,0.44,0.02,0.1111,24.0,53077.08,0.71,0.29,9.0,0.569,False,blowup_prob=44.00% > 15%,max_loss_static
vwap_mean_reversion_M15_filters[0].max_z=2.5,generic_static_50k,Generic,static,dollar_risk_100,none,0.46,0.34,0.2,0.087,28.0,51961.98,0.71,0.26,10.0,0.565,False,blowup_prob=34.00% > 15%,max_loss_static
vwap_mean_reversion_M15_filters[0].max_z=2.5,mffu_50k,MyFundedFutures,intraday_trailing,dollar_risk_50,stop_l2,0.25,0.0,0.75,0.28,20.0,49822.82,0.67,0.0,13.0,0.564,False,pass_prob=25.00% < 35%; consistency_breach=28.00% > 15%,none
vwap_mean_reversion_M15_filters[0].max_z=3.0,mffu_50k,MyFundedFutures,intraday_trailing,reduce_after_loss,stop_w1,0.48,0.38,0.14,0.4583,15.0,52020.65,0.83,0.16,9.0,0.563,False,blowup_prob=38.00% > 15%; consistency_breach=45.83% > 15%,daily_loss
vwap_mean_reversion_M15_filters[0].max_z=3.0,mffu_50k,MyFundedFutures,intraday_trailing,dollar_risk_100,dp500_dl300,0.23,0.0,0.77,0.2609,16.0,50044.0,0.7,0.0,12.0,0.562,False,pass_prob=23.00% < 35%; consistency_breach=26.09% > 15%,none
vwap_mean_reversion_M15_filters[0].max_z=2.0,mffu_50k,MyFundedFutures,intraday_trailing,reduce_after_loss,ny_only_max2,0.35,0.13,0.52,0.6,20.0,50145.09,0.73,0.14,13.0,0.561,False,consistency_breach=60.00% > 15%,daily_loss
exhaustion_reversal_M15_filters[0].min=0.6,topstep_50k,Topstep,eod_trailing,micro_1,stop_l2,0.5,0.45,0.05,0.0,26.5,52929.39,0.74,0.26,9.0,0.555,False,blowup_prob=45.00% > 15%,trailing_dd_eod
vwap_mean_reversion_M15_filters[0].max_z=2.5,mffu_50k,MyFundedFutures,intraday_trailing,dollar_risk_100,stop_l2,0.25,0.0,0.75,0.32,20.0,49719.91,0.65,0.0,13.0,0.551,False,pass_prob=25.00% < 35%; consistency_breach=32.00% > 15%,none
vwap_mean_reversion_M15_filters[0].max_z=3.0,mffu_50k,MyFundedFutures,intraday_trailing,dollar_risk_100,stop_l2,0.23,0.0,0.77,0.3043,21.0,49123.01,0.68,0.0,14.5,0.549,False,pass_prob=23.00% < 35%; consistency_breach=30.43% > 15%,none
exhaustion_reversal_M15_filters[0].min=0.6,mffu_50k,MyFundedFutures,intraday_trailing,reduce_after_loss,dp500_dl300,0.41,0.26,0.33,0.439,13.0,50906.9,0.75,0.11,10.0,0.549,False,blowup_prob=26.00% > 15%; consistency_breach=43.90% > 15%,daily_loss
exhaustion_reversal_M15_filters[0].min=0.6,topstep_50k,Topstep,eod_trailing,micro_1,dp500_dl300,0.51,0.47,0.02,0.0,23.0,53019.51,0.73,0.27,9.0,0.546,False,blowup_prob=47.00% > 15%,trailing_dd_eod
exhaustion_reversal_M15_filters[0].min=0.6,topstep_50k,Topstep,eod_trailing,pct_dd_buffer_2pct,dp500_dl300,0.51,0.47,0.02,0.0196,23.0,53017.9,0.73,0.27,9.0,0.543,False,blowup_prob=47.00% > 15%,trailing_dd_eod
vwap_mean_reversion_M15_filters[0].max_z=2.5,mffu_50k,MyFundedFutures,intraday_trailing,pct_dd_buffer_2pct,dp500_dl300,0.19,0.0,0.81,0.1053,33.0,49535.22,0.71,0.0,9.0,0.539,False,pass_prob=19.00% < 35%; median_days=33.0 > 30,none
exhaustion_reversal_M15_filters[0].min=0.6,generic_static_50k,Generic,static,reduce_after_loss,max2,0.5,0.41,0.09,0.2,16.5,52626.72,0.71,0.28,9.0,0.538,False,blowup_prob=41.00% > 15%; consistency_breach=20.00% > 15%,daily_loss
vwap_mean_reversion_M15_filters[0].max_z=2.5,mffu_50k,MyFundedFutures,intraday_trailing,micro_1,stop_l2,0.22,0.0,0.78,0.3182,18.0,49925.5,0.67,0.0,13.0,0.534,False,pass_prob=22.00% < 35%; consistency_breach=31.82% > 15%,none
vwap_mean_reversion_M15_filters[0].max_z=2.5,mffu_50k,MyFundedFutures,intraday_trailing,pct_dd_buffer_2pct,stop_l2,0.22,0.0,0.78,0.3182,23.0,49947.97,0.67,0.0,13.0,0.534,False,pass_prob=22.00% < 35%; consistency_breach=31.82% > 15%,none
vwap_mean_reversion_M15_filters[0].max_z=2.5,mffu_50k,MyFundedFutures,intraday_trailing,reduce_after_loss,stop_w1,0.49,0.4,0.11,0.4082,21.0,52385.64,0.75,0.23,7.0,0.525,False,blowup_prob=40.00% > 15%; consistency_breach=40.82% > 15%,daily_loss
vwap_mean_reversion_M15_filters[0].max_z=3.0,mffu_50k,MyFundedFutures,intraday_trailing,pct_dd_buffer_2pct,ny_only_max2,0.18,0.0,0.82,0.1111,29.0,50204.34,0.7,0.0,15.5,0.524,False,pass_prob=18.00% < 35%,none
vwap_mean_reversion_M15_filters[0].max_z=2.5,generic_static_50k,Generic,static,pct_dd_buffer_2pct,max2,0.36,0.25,0.39,0.1944,29.0,50919.62,0.72,0.21,10.5,0.524,False,blowup_prob=25.00% > 15%; consistency_breach=19.44% > 15%,max_loss_static
exhaustion_reversal_M15_filters[0].min=0.6,topstep_50k,Topstep,eod_trailing,dollar_risk_50,dp500_dl300,0.5,0.48,0.02,0.0,23.5,52947.52,0.72,0.28,9.0,0.524,False,blowup_prob=48.00% > 15%,trailing_dd_eod
vwap_mean_reversion_M15_filters[0].max_z=3.0,mffu_50k,MyFundedFutures,intraday_trailing,dollar_risk_100,ny_only_max2,0.18,0.0,0.82,0.1667,29.0,50063.85,0.7,0.0,17.0,0.521,False,pass_prob=18.00% < 35%; consistency_breach=16.67% > 15%,none
vwap_mean_reversion_M15_filters[0].max_z=2.5,mffu_50k,MyFundedFutures,intraday_trailing,dollar_risk_100,ny_only_max2,0.2,0.0,0.8,0.4,26.0,50220.35,0.69,0.0,12.0,0.521,False,pass_prob=20.00% < 35%; consistency_breach=40.00% > 15%,none
vwap_mean_reversion_M15_filters[0].max_z=3.0,mffu_50k,MyFundedFutures,intraday_trailing,micro_1,ny_only_max2,0.18,0.0,0.82,0.1111,29.0,50256.45,0.69,0.0,15.0,0.519,False,pass_prob=18.00% < 35%,none
vwap_mean_reversion_M15_filters[0].max_z=3.0,mffu_50k,MyFundedFutures,intraday_trailing,dollar_risk_50,ny_only_max2,0.18,0.0,0.82,0.1111,29.0,50230.23,0.69,0.0,15.0,0.519,False,pass_prob=18.00% < 35%,none
vwap_mean_reversion_M15_filters[0].max_z=2.5,generic_static_50k,Generic,static,micro_1,max2,0.36,0.28,0.36,0.1389,31.0,51257.49,0.73,0.21,10.0,0.514,False,blowup_prob=28.00% > 15%; median_days=31.0 > 30,max_loss_static
vwap_mean_reversion_M15_filters[0].max_z=2.5,mffu_50k,MyFundedFutures,intraday_trailing,dollar_risk_100,dp500_dl300,0.16,0.0,0.84,0.0625,35.0,49567.31,0.71,0.0,9.0,0.512,False,pass_prob=16.00% < 35%; median_days=35.0 > 30,none
vwap_mean_reversion_M15_filters[0].max_z=2.5,generic_static_50k,Generic,static,dollar_risk_50,max2,0.36,0.28,0.36,0.1667,31.0,50887.62,0.73,0.21,10.0,0.511,False,blowup_prob=28.00% > 15%; consistency_breach=16.67% > 15%; median_days=31.0 > 30,max_loss_static
vwap_mean_reversion_M15_filters[0].max_z=2.5,mffu_50k,MyFundedFutures,intraday_trailing,micro_1,ny_only_max2,0.19,0.0,0.81,0.5263,25.0,50277.29,0.7,0.0,11.5,0.51,False,pass_prob=19.00% < 35%; consistency_breach=52.63% > 15%,none
vwap_mean_reversion_M15_filters[0].max_z=2.5,mffu_50k,MyFundedFutures,intraday_trailing,dollar_risk_50,ny_only_max2,0.19,0.0,0.81,0.5263,26.0,50449.86,0.7,0.0,12.0,0.51,False,pass_prob=19.00% < 35%; consistency_breach=52.63% > 15%,none
vwap_mean_reversion_M15_filters[0].max_z=2.5,mffu_50k,MyFundedFutures,intraday_trailing,pct_dd_buffer_2pct,ny_only_max2,0.19,0.0,0.81,0.5263,26.0,50439.81,0.7,0.0,12.0,0.51,False,pass_prob=19.00% < 35%; consistency_breach=52.63% > 15%,none
vwap_mean_reversion_M15_filters[0].max_z=2.5,generic_static_50k,Generic,static,dollar_risk_100,max2,0.36,0.3,0.34,0.1389,31.0,50731.59,0.75,0.22,10.0,0.51,False,blowup_prob=30.00% > 15%; median_days=31.0 > 30,max_loss_static
vwap_mean_reversion_M15_filters[0].max_z=2.5,mffu_50k,MyFundedFutures,intraday_trailing,dollar_risk_50,dp500_dl300,0.15,0.0,0.85,0.0667,34.0,49711.54,0.71,0.0,9.0,0.502,False,pass_prob=15.00% < 35%; median_days=34.0 > 30,none
exhaustion_reversal_M15_filters[0].min=0.6,topstep_50k,Topstep,eod_trailing,reduce_after_loss,stop_w1,0.54,0.46,0.0,0.4815,12.0,53067.19,0.72,0.28,8.0,0.5,False,blowup_prob=46.00% > 15%; consistency_breach=48.15% > 15%,trailing_dd_eod
vwap_mean_reversion_M15_filters[0].max_z=2.5,mffu_50k,MyFundedFutures,intraday_trailing,micro_1,dp500_dl300,0.15,0.0,0.85,0.0667,34.0,49841.58,0.69,0.0,9.0,0.492,False,pass_prob=15.00% < 35%; median_days=34.0 > 30,none
exhaustion_reversal_M15_filters[0].min=0.6,mffu_50k,MyFundedFutures,intraday_trailing,reduce_after_loss,stop_l2,0.29,0.22,0.49,0.3448,19.0,49791.96,0.77,0.08,7.0,0.491,False,pass_prob=29.00% < 35%; blowup_prob=22.00% > 15%; consistency_breach=34.48% > 15%,daily_loss
vwap_mean_reversion_M15_filters[0].max_z=2.0,generic_static_50k,Generic,static,reduce_after_loss,max2,0.5,0.44,0.06,0.5,16.0,51974.23,0.73,0.27,11.0,0.482,False,blowup_prob=44.00% > 15%; consistency_breach=50.00% > 15%,max_loss_static
vwap_mean_reversion_M15_filters[0].max_z=2.0,generic_static_50k,Generic,static,reduce_after_loss,ny_only_max2,0.41,0.33,0.26,0.439,24.0,50841.47,0.71,0.21,14.0,0.48,False,blowup_prob=33.00% > 15%; consistency_breach=43.90% > 15%,max_loss_static
vwap_mean_reversion_M15_filters[0].max_z=3.0,generic_static_50k,Generic,static,dollar_risk_50,max2,0.36,0.32,0.32,0.2222,29.0,50085.86,0.7,0.23,15.5,0.462,False,blowup_prob=32.00% > 15%; consistency_breach=22.22% > 15%,max_loss_static
vwap_mean_reversion_M15_filters[0].max_z=3.0,generic_static_50k,Generic,static,micro_1,max2,0.35,0.31,0.34,0.2286,23.0,50159.48,0.7,0.24,13.5,0.459,False,blowup_prob=31.00% > 15%; consistency_breach=22.86% > 15%,max_loss_static
vwap_mean_reversion_M15_filters[0].max_z=3.0,generic_static_50k,Generic,static,pct_dd_buffer_2pct,max2,0.36,0.32,0.32,0.2222,29.0,50148.53,0.69,0.22,15.0,0.457,False,blowup_prob=32.00% > 15%; consistency_breach=22.22% > 15%,max_loss_static
vwap_mean_reversion_M15_filters[0].max_z=2.0,mffu_50k,MyFundedFutures,intraday_trailing,reduce_after_loss,none,0.48,0.36,0.16,0.8542,10.0,50780.58,0.69,0.26,8.0,0.45,False,blowup_prob=36.00% > 15%; consistency_breach=85.42% > 15%,daily_loss
vwap_mean_reversion_M15_filters[0].max_z=2.0,topstep_50k,Topstep,eod_trailing,dollar_risk_50,ny_only_max2,0.37,0.42,0.21,0.1351,36.0,50613.45,0.77,0.15,15.0,0.446,False,blowup_prob=42.00% > 15%; median_days=36.0 > 30,trailing_dd_eod
vwap_mean_reversion_M15_filters[0].max_z=2.0,topstep_50k,Topstep,eod_trailing,micro_1,none,0.47,0.53,0.0,0.2766,19.0,50946.19,0.76,0.24,10.0,0.44,False,blowup_prob=53.00% > 15%; consistency_breach=27.66% > 15%,trailing_dd_eod
vwap_mean_reversion_M15_filters[0].max_z=2.0,topstep_50k,Topstep,eod_trailing,micro_1,ny_only_max2,0.36,0.41,0.23,0.1667,30.0,50693.91,0.77,0.15,15.0,0.44,False,blowup_prob=41.00% > 15%; consistency_breach=16.67% > 15%,trailing_dd_eod
vwap_mean_reversion_M15_filters[0].max_z=2.0,topstep_50k,Topstep,eod_trailing,micro_1,max2,0.43,0.49,0.08,0.3023,25.0,50390.61,0.78,0.22,13.0,0.438,False,blowup_prob=49.00% > 15%; consistency_breach=30.23% > 15%,trailing_dd_eod
vwap_mean_reversion_M15_filters[0].max_z=2.0,topstep_50k,Topstep,eod_trailing,pct_dd_buffer_2pct,ny_only_max2,0.36,0.42,0.22,0.1389,33.0,50634.18,0.77,0.15,15.0,0.436,False,blowup_prob=42.00% > 15%; median_days=33.0 > 30,trailing_dd_eod
vwap_mean_reversion_M15_filters[0].max_z=2.0,topstep_50k,Topstep,eod_trailing,pct_dd_buffer_2pct,none,0.47,0.53,0.0,0.2766,19.0,50799.88,0.75,0.25,12.0,0.435,False,blowup_prob=53.00% > 15%; consistency_breach=27.66% > 15%,trailing_dd_eod
vwap_mean_reversion_M15_filters[0].max_z=2.0,topstep_50k,Topstep,eod_trailing,dollar_risk_50,none,0.47,0.53,0.0,0.2979,19.0,50889.9,0.75,0.25,12.0,0.432,False,blowup_prob=53.00% > 15%; consistency_breach=29.79% > 15%,trailing_dd_eod
vwap_mean_reversion_M15_filters[0].max_z=2.0,mffu_50k,MyFundedFutures,intraday_trailing,reduce_after_loss,stop_l2,0.45,0.33,0.22,0.9111,11.0,50553.33,0.67,0.27,9.0,0.431,False,blowup_prob=33.00% > 15%; consistency_breach=91.11% > 15%,daily_loss
vwap_mean_reversion_M15_filters[0].max_z=2.5,generic_static_50k,Generic,static,pct_dd_buffer_2pct,ny_only_max2,0.25,0.21,0.54,0.12,33.0,50691.57,0.67,0.21,17.0,0.429,False,pass_prob=25.00% < 35%; blowup_prob=21.00% > 15%; median_days=33.0 > 30,max_loss_static
vwap_mean_reversion_M15_filters[0].max_z=2.5,generic_static_50k,Generic,static,micro_1,ny_only_max2,0.22,0.19,0.59,0.0909,34.0,50748.93,0.69,0.2,16.0,0.426,False,pass_prob=22.00% < 35%; blowup_prob=19.00% > 15%; median_days=34.0 > 30,max_loss_static
vwap_mean_reversion_M15_filters[0].max_z=2.5,generic_static_50k,Generic,static,dollar_risk_50,ny_only_max2,0.24,0.2,0.56,0.125,34.5,50758.86,0.67,0.21,16.0,0.426,False,pass_prob=24.00% < 35%; blowup_prob=20.00% > 15%; median_days=34.5 > 30,max_loss_static
vwap_mean_reversion_M15_filters[0].max_z=3.0,generic_static_50k,Generic,static,dollar_risk_100,max2,0.35,0.33,0.32,0.2,29.0,49808.53,0.65,0.23,13.0,0.423,False,blowup_prob=33.00% > 15%; consistency_breach=20.00% > 15%,max_loss_static
vwap_mean_reversion_M15_filters[0].max_z=2.0,topstep_50k,Topstep,eod_trailing,pct_dd_buffer_2pct,max2,0.42,0.5,0.08,0.3333,26.0,50369.37,0.78,0.22,13.0,0.418,False,blowup_prob=50.00% > 15%; consistency_breach=33.33% > 15%,trailing_dd_eod
vwap_mean_reversion_M15_filters[0].max_z=3.0,generic_static_50k,Generic,static,micro_1,ny_only_max2,0.28,0.27,0.45,0.1071,28.0,50446.69,0.67,0.2,17.0,0.417,False,pass_prob=28.00% < 35%; blowup_prob=27.00% > 15%,max_loss_static
vwap_mean_reversion_M15_filters[0].max_z=2.5,generic_static_50k,Generic,static,dollar_risk_100,ny_only_max2,0.25,0.22,0.53,0.12,28.0,50371.96,0.64,0.22,14.0,0.407,False,pass_prob=25.00% < 35%; blowup_prob=22.00% > 15%,max_loss_static
vwap_mean_reversion_M15_filters[0].max_z=3.0,generic_static_50k,Generic,static,dollar_risk_50,ny_only_max2,0.26,0.25,0.49,0.1154,39.0,50393.82,0.66,0.21,16.5,0.406,False,pass_prob=26.00% < 35%; blowup_prob=25.00% > 15%; median_days=39.0 > 30,max_loss_static
vwap_mean_reversion_M15_filters[0].max_z=3.0,generic_static_50k,Generic,static,pct_dd_buffer_2pct,ny_only_max2,0.24,0.24,0.52,0.0417,38.5,50217.7,0.67,0.21,17.0,0.404,False,pass_prob=24.00% < 35%; blowup_prob=24.00% > 15%; median_days=38.5 > 30,max_loss_static
vwap_mean_reversion_M15_filters[0].max_z=2.0,topstep_50k,Topstep,eod_trailing,dollar_risk_50,max2,0.41,0.51,0.08,0.3415,27.0,50442.0,0.78,0.22,13.0,0.401,False,blowup_prob=51.00% > 15%; consistency_breach=34.15% > 15%,trailing_dd_eod
vwap_mean_reversion_M15_filters[0].max_z=2.0,topstep_50k,Topstep,eod_trailing,dollar_risk_100,ny_only_max2,0.34,0.44,0.22,0.0882,36.5,50473.68,0.75,0.17,16.0,0.398,False,pass_prob=34.00% < 35%; blowup_prob=44.00% > 15%; median_days=36.5 > 30,trailing_dd_eod
vwap_mean_reversion_M15_filters[0].max_z=2.0,topstep_50k,Topstep,eod_trailing,dollar_risk_100,none,0.46,0.54,0.0,0.3478,18.0,50763.48,0.72,0.28,9.5,0.394,False,blowup_prob=54.00% > 15%; consistency_breach=34.78% > 15%,trailing_dd_eod
vwap_mean_reversion_M15_filters[0].max_z=2.0,topstep_50k,Topstep,eod_trailing,dollar_risk_100,max2,0.4,0.51,0.09,0.325,27.0,50512.76,0.77,0.23,13.0,0.389,False,blowup_prob=51.00% > 15%; consistency_breach=32.50% > 15%,trailing_dd_eod
vwap_mean_reversion_M15_filters[0].max_z=2.0,topstep_50k,Topstep,eod_trailing,micro_1,stop_l2,0.43,0.54,0.03,0.3023,18.0,50523.4,0.74,0.26,12.5,0.383,False,blowup_prob=54.00% > 15%; consistency_breach=30.23% > 15%,trailing_dd_eod
vwap_mean_reversion_M15_filters[0].max_z=3.0,generic_static_50k,Generic,static,dollar_risk_100,ny_only_max2,0.23,0.25,0.52,0.087,33.0,49874.32,0.66,0.22,16.0,0.379,False,pass_prob=23.00% < 35%; blowup_prob=25.00% > 15%; median_days=33.0 > 30,max_loss_static
vwap_mean_reversion_M15_filters[0].max_z=3.0,mffu_50k,MyFundedFutures,intraday_trailing,reduce_after_loss,ny_only_max2,0.28,0.2,0.52,0.8214,15.0,49492.65,0.61,0.17,9.0,0.376,False,pass_prob=28.00% < 35%; blowup_prob=20.00% > 15%; consistency_breach=82.14% > 15%,daily_loss
vwap_mean_reversion_M15_filters[0].max_z=2.0,topstep_50k,Topstep,eod_trailing,dollar_risk_50,stop_l2,0.42,0.55,0.03,0.3333,17.5,50445.93,0.75,0.24,11.0,0.368,False,blowup_prob=55.00% > 15%; consistency_breach=33.33% > 15%,trailing_dd_eod
vwap_mean_reversion_M15_filters[0].max_z=3.0,generic_static_50k,Generic,static,micro_1,dp500_dl300,0.34,0.43,0.23,0.0294,31.0,49187.35,0.65,0.31,13.0,0.361,False,pass_prob=34.00% < 35%; blowup_prob=43.00% > 15%; median_days=31.0 > 30,max_loss_static
vwap_mean_reversion_M15_filters[0].max_z=3.0,generic_static_50k,Generic,static,dollar_risk_50,dp500_dl300,0.34,0.43,0.23,0.0294,33.0,48917.99,0.65,0.31,12.0,0.361,False,pass_prob=34.00% < 35%; blowup_prob=43.00% > 15%; median_days=33.0 > 30,max_loss_static
vwap_mean_reversion_M15_filters[0].max_z=2.5,mffu_50k,MyFundedFutures,intraday_trailing,reduce_after_loss,max2,0.32,0.36,0.32,0.625,13.5,49031.49,0.7,0.21,9.5,0.358,False,pass_prob=32.00% < 35%; blowup_prob=36.00% > 15%; consistency_breach=62.50% > 15%,daily_loss
vwap_mean_reversion_M15_filters[0].max_z=2.0,topstep_50k,Topstep,eod_trailing,pct_dd_buffer_2pct,stop_l2,0.42,0.55,0.03,0.3333,17.5,50367.95,0.73,0.27,13.0,0.358,False,blowup_prob=55.00% > 15%; consistency_breach=33.33% > 15%,trailing_dd_eod
vwap_mean_reversion_M15_filters[0].max_z=3.0,generic_static_50k,Generic,static,pct_dd_buffer_2pct,dp500_dl300,0.33,0.42,0.25,0.0303,27.0,49162.7,0.64,0.32,12.0,0.353,False,pass_prob=33.00% < 35%; blowup_prob=42.00% > 15%,max_loss_static
vwap_mean_reversion_M15_filters[0].max_z=2.5,mffu_50k,MyFundedFutures,intraday_trailing,reduce_after_loss,ny_only_max2,0.27,0.27,0.46,0.6667,14.0,49521.48,0.65,0.14,10.0,0.352,False,pass_prob=27.00% < 35%; blowup_prob=27.00% > 15%; consistency_breach=66.67% > 15%,daily_loss
vwap_mean_reversion_M15_filters[0].max_z=2.0,generic_static_50k,Generic,static,reduce_after_loss,none,0.51,0.48,0.01,0.6863,11.0,53065.18,0.55,0.44,8.0,0.344,False,blowup_prob=48.00% > 15%; consistency_breach=68.63% > 15%,max_loss_static
exhaustion_reversal_M15_filters[0].min=0.6,generic_static_50k,Generic,static,reduce_after_loss,dp500_dl300,0.44,0.53,0.03,0.3409,14.5,50038.22,0.64,0.36,9.0,0.344,False,blowup_prob=53.00% > 15%; consistency_breach=34.09% > 15%,max_loss_static
vwap_mean_reversion_M15_filters[0].max_z=3.0,topstep_50k,Topstep,eod_trailing,reduce_after_loss,stop_w1,0.43,0.57,0.0,0.3488,12.0,50312.41,0.7,0.3,9.0,0.336,False,blowup_prob=57.00% > 15%; consistency_breach=34.88% > 15%,trailing_dd_eod
vwap_mean_reversion_M15_filters[0].max_z=3.0,generic_static_50k,Generic,static,dollar_risk_100,dp500_dl300,0.32,0.43,0.25,0.0,26.5,48807.21,0.63,0.33,15.0,0.334,False,pass_prob=32.00% < 35%; blowup_prob=43.00% > 15%,max_loss_static
vwap_mean_reversion_M15_filters[0].max_z=2.0,topstep_50k,Topstep,eod_trailing,dollar_risk_100,stop_l2,0.4,0.57,0.03,0.325,18.0,50216.97,0.73,0.26,12.0,0.327,False,blowup_prob=57.00% > 15%; consistency_breach=32.50% > 15%,trailing_dd_eod
exhaustion_reversal_M15_filters[0].min=0.6,generic_static_50k,Generic,static,reduce_after_loss,stop_l2,0.35,0.52,0.13,0.1143,19.0,49270.76,0.65,0.35,8.0,0.299,False,blowup_prob=52.00% > 15%,max_loss_static
vwap_mean_reversion_M15_filters[0].max_z=2.0,mffu_50k,MyFundedFutures,intraday_trailing,reduce_after_loss,dp500_dl300,0.23,0.38,0.39,0.2174,14.0,48668.89,0.67,0.27,8.0,0.284,False,pass_prob=23.00% < 35%; blowup_prob=38.00% > 15%; consistency_breach=21.74% > 15%,daily_loss
vwap_mean_reversion_M15_filters[0].max_z=3.0,mffu_50k,MyFundedFutures,intraday_trailing,reduce_after_loss,max2,0.29,0.41,0.3,0.6897,12.0,48562.99,0.66,0.24,10.5,0.273,False,pass_prob=29.00% < 35%; blowup_prob=41.00% > 15%; consistency_breach=68.97% > 15%,daily_loss
vwap_mean_reversion_M15_filters[0].max_z=2.5,generic_static_50k,Generic,static,micro_1,dp500_dl300,0.26,0.45,0.29,0.0,27.5,48247.79,0.65,0.31,11.0,0.27,False,pass_prob=26.00% < 35%; blowup_prob=45.00% > 15%,max_loss_static
vwap_mean_reversion_M15_filters[0].max_z=2.5,topstep_50k,Topstep,eod_trailing,reduce_after_loss,stop_w1,0.4,0.6,0.0,0.25,15.5,50441.62,0.63,0.37,9.0,0.265,False,blowup_prob=60.00% > 15%; consistency_breach=25.00% > 15%,daily_loss
exhaustion_reversal_M15_filters[0].min=0.6,topstep_50k,Topstep,eod_trailing,reduce_after_loss,ny_only_max2,0.4,0.58,0.02,0.45,13.5,49958.02,0.65,0.34,11.0,0.265,False,blowup_prob=58.00% > 15%; consistency_breach=45.00% > 15%,trailing_dd_eod
vwap_mean_reversion_M15_filters[0].max_z=2.0,generic_static_50k,Generic,static,reduce_after_loss,stop_l2,0.44,0.54,0.02,0.7273,11.0,48957.14,0.58,0.42,10.0,0.256,False,blowup_prob=54.00% > 15%; consistency_breach=72.73% > 15%,max_loss_static
vwap_mean_reversion_M15_filters[0].max_z=2.0,topstep_50k,Topstep,eod_trailing,micro_1,dp500_dl300,0.31,0.62,0.07,0.0,23.0,49775.03,0.75,0.24,13.0,0.251,False,pass_prob=31.00% < 35%; blowup_prob=62.00% > 15%,trailing_dd_eod
vwap_mean_reversion_M15_filters[0].max_z=3.0,generic_static_50k,Generic,static,micro_1,stop_l2,0.28,0.47,0.25,0.1786,23.5,48326.3,0.61,0.33,17.0,0.241,False,pass_prob=28.00% < 35%; blowup_prob=47.00% > 15%; consistency_breach=17.86% > 15%,max_loss_static
vwap_mean_reversion_M15_filters[0].max_z=2.0,topstep_50k,Topstep,eod_trailing,dollar_risk_50,dp500_dl300,0.3,0.62,0.08,0.0,26.0,49732.94,0.75,0.24,13.0,0.241,False,pass_prob=30.00% < 35%; blowup_prob=62.00% > 15%,trailing_dd_eod
vwap_mean_reversion_M15_filters[0].max_z=2.0,generic_static_50k,Generic,static,reduce_after_loss,dp500_dl300,0.37,0.58,0.05,0.2162,18.0,48078.96,0.6,0.39,9.0,0.24,False,blowup_prob=58.00% > 15%; consistency_breach=21.62% > 15%,max_loss_static
vwap_mean_reversion_M15_filters[0].max_z=2.0,topstep_50k,Topstep,eod_trailing,pct_dd_buffer_2pct,dp500_dl300,0.3,0.63,0.07,0.0,26.0,49773.61,0.74,0.25,13.0,0.229,False,pass_prob=30.00% < 35%; blowup_prob=63.00% > 15%,trailing_dd_eod
vwap_mean_reversion_M15_filters[0].max_z=2.5,generic_static_50k,Generic,static,micro_1,stop_l2,0.26,0.47,0.27,0.1154,31.5,48702.49,0.61,0.37,14.0,0.227,False,pass_prob=26.00% < 35%; blowup_prob=47.00% > 15%; median_days=31.5 > 30,max_loss_static
exhaustion_reversal_M15_filters[0].min=0.6,topstep_50k,Topstep,eod_trailing,reduce_after_loss,max2,0.39,0.61,0.0,0.2308,13.0,49747.35,0.58,0.42,9.0,0.226,False,blowup_prob=61.00% > 15%; consistency_breach=23.08% > 15%,trailing_dd_eod
vwap_mean_reversion_M15_filters[0].max_z=2.5,generic_static_50k,Generic,static,dollar_risk_50,stop_l2,0.25,0.48,0.27,0.08,30.0,48446.95,0.63,0.35,12.0,0.223,False,pass_prob=25.00% < 35%; blowup_prob=48.00% > 15%,max_loss_static
vwap_mean_reversion_M15_filters[0].max_z=2.5,generic_static_50k,Generic,static,reduce_after_loss,ny_only_max2,0.33,0.53,0.14,0.4545,18.0,48899.92,0.61,0.35,13.0,0.219,False,pass_prob=33.00% < 35%; blowup_prob=53.00% > 15%; consistency_breach=45.45% > 15%,max_loss_static
vwap_mean_reversion_M15_filters[0].max_z=3.0,generic_static_50k,Generic,static,dollar_risk_50,stop_l2,0.27,0.49,0.24,0.1852,24.0,48187.38,0.61,0.34,16.0,0.217,False,pass_prob=27.00% < 35%; blowup_prob=49.00% > 15%; consistency_breach=18.52% > 15%,max_loss_static
vwap_mean_reversion_M15_filters[0].max_z=3.0,generic_static_50k,Generic,static,pct_dd_buffer_2pct,stop_l2,0.25,0.45,0.3,0.32,23.0,48205.15,0.61,0.35,16.0,0.216,False,pass_prob=25.00% < 35%; blowup_prob=45.00% > 15%; consistency_breach=32.00% > 15%,max_loss_static
vwap_mean_reversion_M15_filters[0].max_z=2.5,generic_static_50k,Generic,static,pct_dd_buffer_2pct,stop_l2,0.24,0.47,0.29,0.0833,31.5,48468.98,0.62,0.35,12.5,0.215,False,pass_prob=24.00% < 35%; blowup_prob=47.00% > 15%; median_days=31.5 > 30,max_loss_static
vwap_mean_reversion_M15_filters[0].max_z=2.5,mffu_50k,MyFundedFutures,intraday_trailing,reduce_after_loss,dp500_dl300,0.23,0.44,0.33,0.4783,12.0,48585.08,0.63,0.25,5.0,0.204,False,pass_prob=23.00% < 35%; blowup_prob=44.00% > 15%; consistency_breach=47.83% > 15%,daily_loss
vwap_mean_reversion_M15_filters[0].max_z=2.5,generic_static_50k,Generic,static,dollar_risk_50,dp500_dl300,0.21,0.48,0.31,0.0,25.0,47703.71,0.66,0.31,11.5,0.204,False,pass_prob=21.00% < 35%; blowup_prob=48.00% > 15%,max_loss_static
vwap_mean_reversion_M15_filters[0].max_z=2.5,generic_static_50k,Generic,static,pct_dd_buffer_2pct,dp500_dl300,0.18,0.44,0.38,0.0,26.0,48492.84,0.66,0.31,11.0,0.202,False,pass_prob=18.00% < 35%; blowup_prob=44.00% > 15%,max_loss_static
vwap_mean_reversion_M15_filters[0].max_z=2.5,generic_static_50k,Generic,static,dollar_risk_100,dp500_dl300,0.21,0.48,0.31,0.0476,32.0,48138.85,0.66,0.32,12.0,0.201,False,pass_prob=21.00% < 35%; blowup_prob=48.00% > 15%; median_days=32.0 > 30,max_loss_static
vwap_mean_reversion_M15_filters[0].max_z=3.0,generic_static_50k,Generic,static,dollar_risk_100,stop_l2,0.26,0.49,0.25,0.1538,27.0,47845.85,0.59,0.35,15.0,0.2,False,pass_prob=26.00% < 35%; blowup_prob=49.00% > 15%; consistency_breach=15.38% > 15%,max_loss_static
vwap_mean_reversion_M15_filters[0].max_z=2.5,mffu_50k,MyFundedFutures,intraday_trailing,reduce_after_loss,none,0.31,0.51,0.18,0.6774,11.0,49023.94,0.61,0.33,6.0,0.195,False,pass_prob=31.00% < 35%; blowup_prob=51.00% > 15%; consistency_breach=67.74% > 15%,daily_loss
vwap_mean_reversion_M15_filters[0].max_z=2.0,topstep_50k,Topstep,eod_trailing,reduce_after_loss,ny_only_max2,0.35,0.62,0.03,0.5429,19.0,49380.87,0.67,0.32,11.0,0.194,False,blowup_prob=62.00% > 15%; consistency_breach=54.29% > 15%,trailing_dd_eod
vwap_mean_reversion_M15_filters[0].max_z=2.5,topstep_50k,Topstep,eod_trailing,micro_1,none,0.35,0.64,0.01,0.1143,21.0,49939.29,0.6,0.4,10.0,0.19,False,blowup_prob=64.00% > 15%,trailing_dd_eod
vwap_mean_reversion_M15_filters[0].max_z=3.0,topstep_50k,Topstep,eod_trailing,micro_1,none,0.36,0.64,0.0,0.1667,18.0,49559.97,0.59,0.41,10.0,0.189,False,blowup_prob=64.00% > 15%; consistency_breach=16.67% > 15%,trailing_dd_eod
vwap_mean_reversion_M15_filters[0].max_z=2.5,topstep_50k,Topstep,eod_trailing,pct_dd_buffer_2pct,none,0.35,0.64,0.01,0.1714,18.0,49840.32,0.61,0.39,10.0,0.189,False,blowup_prob=64.00% > 15%; consistency_breach=17.14% > 15%,trailing_dd_eod
vwap_mean_reversion_M15_filters[0].max_z=2.0,topstep_50k,Topstep,eod_trailing,reduce_after_loss,max2,0.38,0.61,0.01,0.6053,13.0,49521.65,0.61,0.39,11.0,0.189,False,blowup_prob=61.00% > 15%; consistency_breach=60.53% > 15%,trailing_dd_eod
vwap_mean_reversion_M15_filters[0].max_z=2.5,topstep_50k,Topstep,eod_trailing,dollar_risk_50,none,0.35,0.64,0.01,0.1429,18.0,49843.79,0.6,0.4,10.0,0.187,False,blowup_prob=64.00% > 15%,trailing_dd_eod
vwap_mean_reversion_M15_filters[0].max_z=3.0,generic_static_50k,Generic,static,reduce_after_loss,ny_only_max2,0.3,0.49,0.21,0.4667,21.0,49162.04,0.54,0.44,14.0,0.185,False,pass_prob=30.00% < 35%; blowup_prob=49.00% > 15%; consistency_breach=46.67% > 15%,max_loss_static
vwap_mean_reversion_M15_filters[0].max_z=2.0,topstep_50k,Topstep,eod_trailing,dollar_risk_100,dp500_dl300,0.29,0.66,0.05,0.0345,25.0,49670.8,0.72,0.27,10.5,0.185,False,pass_prob=29.00% < 35%; blowup_prob=66.00% > 15%,trailing_dd_eod
vwap_mean_reversion_M15_filters[0].max_z=3.0,topstep_50k,Topstep,eod_trailing,pct_dd_buffer_2pct,none,0.35,0.65,0.0,0.1714,21.0,49526.85,0.59,0.41,11.0,0.172,False,blowup_prob=65.00% > 15%; consistency_breach=17.14% > 15%,trailing_dd_eod
vwap_mean_reversion_M15_filters[0].max_z=3.0,topstep_50k,Topstep,eod_trailing,pct_dd_buffer_2pct,ny_only_max2,0.24,0.52,0.24,0.1667,30.5,49759.21,0.61,0.33,15.0,0.169,False,pass_prob=24.00% < 35%; blowup_prob=52.00% > 15%; consistency_breach=16.67% > 15%; median_days=30.5 > 30,trailing_dd_eod
vwap_mean_reversion_M15_filters[0].max_z=2.5,generic_static_50k,Generic,static,dollar_risk_100,stop_l2,0.24,0.51,0.25,0.125,34.0,47499.27,0.59,0.38,15.0,0.169,False,pass_prob=24.00% < 35%; blowup_prob=51.00% > 15%; median_days=34.0 > 30,max_loss_static
vwap_mean_reversion_M15_filters[0].max_z=3.0,topstep_50k,Topstep,eod_trailing,dollar_risk_50,none,0.35,0.65,0.0,0.1714,21.0,49569.61,0.58,0.42,10.5,0.167,False,blowup_prob=65.00% > 15%; consistency_breach=17.14% > 15%,trailing_dd_eod
vwap_mean_reversion_M15_filters[0].max_z=3.0,topstep_50k,Topstep,eod_trailing,micro_1,ny_only_max2,0.23,0.52,0.25,0.1739,31.0,49947.3,0.62,0.34,15.0,0.164,False,pass_prob=23.00% < 35%; blowup_prob=52.00% > 15%; consistency_breach=17.39% > 15%; median_days=31.0 > 30,trailing_dd_eod
vwap_mean_reversion_M15_filters[0].max_z=2.5,generic_static_50k,Generic,static,reduce_after_loss,max2,0.34,0.59,0.07,0.5,15.5,48113.8,0.56,0.44,8.0,0.156,False,pass_prob=34.00% < 35%; blowup_prob=59.00% > 15%; consistency_breach=50.00% > 15%,max_loss_static
vwap_mean_reversion_M15_filters[0].max_z=3.0,topstep_50k,Topstep,eod_trailing,dollar_risk_50,ny_only_max2,0.23,0.53,0.24,0.1739,32.0,49687.32,0.61,0.33,15.0,0.152,False,pass_prob=23.00% < 35%; blowup_prob=53.00% > 15%; consistency_breach=17.39% > 15%; median_days=32.0 > 30,trailing_dd_eod
vwap_mean_reversion_M15_filters[0].max_z=3.0,mffu_50k,MyFundedFutures,intraday_trailing,reduce_after_loss,none,0.3,0.5,0.2,0.8,9.5,48683.91,0.54,0.37,7.5,0.148,False,pass_prob=30.00% < 35%; blowup_prob=50.00% > 15%; consistency_breach=80.00% > 15%,daily_loss
vwap_mean_reversion_M15_filters[0].max_z=3.0,mffu_50k,MyFundedFutures,intraday_trailing,reduce_after_loss,dp500_dl300,0.24,0.49,0.27,0.5417,17.5,48404.67,0.58,0.28,10.0,0.148,False,pass_prob=24.00% < 35%; blowup_prob=49.00% > 15%; consistency_breach=54.17% > 15%,daily_loss
vwap_mean_reversion_M15_filters[0].max_z=3.0,topstep_50k,Topstep,eod_trailing,dollar_risk_100,ny_only_max2,0.23,0.56,0.21,0.0435,33.0,49493.76,0.61,0.38,15.0,0.14,False,pass_prob=23.00% < 35%; blowup_prob=56.00% > 15%; median_days=33.0 > 30,trailing_dd_eod
vwap_mean_reversion_M15_filters[0].max_z=2.5,topstep_50k,Topstep,eod_trailing,dollar_risk_100,none,0.32,0.67,0.01,0.0625,21.0,49748.23,0.59,0.41,9.0,0.14,False,pass_prob=32.00% < 35%; blowup_prob=67.00% > 15%,trailing_dd_eod
vwap_mean_reversion_M15_filters[0].max_z=2.5,topstep_50k,Topstep,eod_trailing,micro_1,ny_only_max2,0.21,0.54,0.25,0.1429,31.0,50065.61,0.61,0.36,13.0,0.128,False,pass_prob=21.00% < 35%; blowup_prob=54.00% > 15%; median_days=31.0 > 30,trailing_dd_eod
vwap_mean_reversion_M15_filters[0].max_z=2.5,topstep_50k,Topstep,eod_trailing,dollar_risk_100,ny_only_max2,0.24,0.57,0.19,0.2083,31.0,49703.02,0.6,0.38,12.0,0.126,False,pass_prob=24.00% < 35%; blowup_prob=57.00% > 15%; consistency_breach=20.83% > 15%; median_days=31.0 > 30,trailing_dd_eod
vwap_mean_reversion_M15_filters[0].max_z=3.0,topstep_50k,Topstep,eod_trailing,micro_1,max2,0.28,0.67,0.05,0.3214,23.5,49633.51,0.68,0.32,16.0,0.124,False,pass_prob=28.00% < 35%; blowup_prob=67.00% > 15%; consistency_breach=32.14% > 15%,trailing_dd_eod
vwap_mean_reversion_M15_filters[0].max_z=3.0,generic_static_50k,Generic,static,reduce_after_loss,max2,0.32,0.6,0.08,0.625,9.0,47479.99,0.56,0.44,12.5,0.12,False,pass_prob=32.00% < 35%; blowup_prob=60.00% > 15%; consistency_breach=62.50% > 15%,max_loss_static
vwap_mean_reversion_M15_filters[0].max_z=2.5,topstep_50k,Topstep,eod_trailing,pct_dd_buffer_2pct,ny_only_max2,0.21,0.55,0.24,0.1905,31.0,50023.5,0.61,0.36,12.0,0.118,False,pass_prob=21.00% < 35%; blowup_prob=55.00% > 15%; consistency_breach=19.05% > 15%; median_days=31.0 > 30,trailing_dd_eod
vwap_mean_reversion_M15_filters[0].max_z=3.0,topstep_50k,Topstep,eod_trailing,dollar_risk_50,max2,0.28,0.67,0.05,0.3571,19.5,49754.66,0.67,0.33,15.0,0.116,False,pass_prob=28.00% < 35%; blowup_prob=67.00% > 15%; consistency_breach=35.71% > 15%,trailing_dd_eod
vwap_mean_reversion_M15_filters[0].max_z=2.5,topstep_50k,Topstep,eod_trailing,dollar_risk_50,ny_only_max2,0.21,0.55,0.24,0.1905,31.0,49999.79,0.6,0.36,12.0,0.113,False,pass_prob=21.00% < 35%; blowup_prob=55.00% > 15%; consistency_breach=19.05% > 15%; median_days=31.0 > 30,trailing_dd_eod
vwap_mean_reversion_M15_filters[0].max_z=3.0,topstep_50k,Topstep,eod_trailing,dollar_risk_100,none,0.32,0.68,0.0,0.125,18.5,49203.26,0.56,0.44,11.0,0.112,False,pass_prob=32.00% < 35%; blowup_prob=68.00% > 15%,trailing_dd_eod
vwap_mean_reversion_M15_filters[0].max_z=2.5,topstep_50k,Topstep,eod_trailing,dollar_risk_100,max2,0.25,0.66,0.09,0.16,37.0,49509.9,0.65,0.35,10.0,0.101,False,pass_prob=25.00% < 35%; blowup_prob=66.00% > 15%; consistency_breach=16.00% > 15%; median_days=37.0 > 30,trailing_dd_eod
vwap_mean_reversion_M15_filters[0].max_z=2.5,topstep_50k,Topstep,eod_trailing,dollar_risk_50,max2,0.23,0.65,0.12,0.1304,32.0,49576.97,0.65,0.34,8.0,0.091,False,pass_prob=23.00% < 35%; blowup_prob=65.00% > 15%; median_days=32.0 > 30,trailing_dd_eod
vwap_mean_reversion_M15_filters[0].max_z=3.0,topstep_50k,Topstep,eod_trailing,pct_dd_buffer_2pct,max2,0.26,0.69,0.05,0.3462,25.5,49786.02,0.68,0.32,16.0,0.09,False,pass_prob=26.00% < 35%; blowup_prob=69.00% > 15%; consistency_breach=34.62% > 15%,trailing_dd_eod
vwap_mean_reversion_M15_filters[0].max_z=2.5,generic_static_50k,Generic,static,reduce_after_loss,dp500_dl300,0.3,0.67,0.03,0.2333,14.0,47475.84,0.55,0.45,9.0,0.085,False,pass_prob=30.00% < 35%; blowup_prob=67.00% > 15%; consistency_breach=23.33% > 15%,max_loss_static
vwap_mean_reversion_M15_filters[0].max_z=2.5,topstep_50k,Topstep,eod_trailing,pct_dd_buffer_2pct,max2,0.22,0.65,0.13,0.1364,31.0,49450.92,0.65,0.34,8.0,0.081,False,pass_prob=22.00% < 35%; blowup_prob=65.00% > 15%; median_days=31.0 > 30,trailing_dd_eod
vwap_mean_reversion_M15_filters[0].max_z=2.5,topstep_50k,Topstep,eod_trailing,micro_1,max2,0.22,0.66,0.12,0.0909,31.0,49501.91,0.65,0.34,8.0,0.077,False,pass_prob=22.00% < 35%; blowup_prob=66.00% > 15%; median_days=31.0 > 30,trailing_dd_eod
vwap_mean_reversion_M15_filters[0].max_z=2.5,mffu_50k,MyFundedFutures,intraday_trailing,reduce_after_loss,stop_l2,0.22,0.48,0.3,0.8636,7.5,48249.7,0.5,0.34,7.0,0.077,False,pass_prob=22.00% < 35%; blowup_prob=48.00% > 15%; consistency_breach=86.36% > 15%,daily_loss
vwap_mean_reversion_M15_filters[0].max_z=3.0,topstep_50k,Topstep,eod_trailing,dollar_risk_100,max2,0.27,0.68,0.05,0.4074,14.0,49533.74,0.63,0.36,14.0,0.076,False,pass_prob=27.00% < 35%; blowup_prob=68.00% > 15%; consistency_breach=40.74% > 15%,trailing_dd_eod
vwap_mean_reversion_M15_filters[0].max_z=3.0,mffu_50k,MyFundedFutures,intraday_trailing,reduce_after_loss,stop_l2,0.23,0.45,0.32,0.8696,9.0,47845.23,0.43,0.37,7.0,0.07,False,pass_prob=23.00% < 35%; blowup_prob=45.00% > 15%; consistency_breach=86.96% > 15%,daily_loss
vwap_mean_reversion_M15_filters[0].max_z=2.5,topstep_50k,Topstep,eod_trailing,reduce_after_loss,ny_only_max2,0.31,0.65,0.04,0.7097,11.0,48832.32,0.55,0.45,13.0,0.064,False,pass_prob=31.00% < 35%; blowup_prob=65.00% > 15%; consistency_breach=70.97% > 15%,trailing_dd_eod
exhaustion_reversal_M15_filters[0].min=0.6,topstep_50k,Topstep,eod_trailing,reduce_after_loss,none,0.29,0.71,0.0,0.1379,15.0,49774.0,0.55,0.45,8.0,0.056,False,pass_prob=29.00% < 35%; blowup_prob=71.00% > 15%,trailing_dd_eod
vwap_mean_reversion_M15_filters[0].max_z=3.0,generic_static_50k,Generic,static,reduce_after_loss,none,0.33,0.67,0.0,0.5455,9.0,47485.44,0.48,0.52,9.5,0.047,False,pass_prob=33.00% < 35%; blowup_prob=67.00% > 15%; consistency_breach=54.55% > 15%,max_loss_static
vwap_mean_reversion_M15_filters[0].max_z=2.5,generic_static_50k,Generic,static,reduce_after_loss,none,0.34,0.65,0.01,0.5882,15.0,48099.45,0.44,0.56,8.0,0.045,False,pass_prob=34.00% < 35%; blowup_prob=65.00% > 15%; consistency_breach=58.82% > 15%,max_loss_static
exhaustion_reversal_M15_filters[0].min=0.6,topstep_50k,Topstep,eod_trailing,reduce_after_loss,dp500_dl300,0.31,0.69,0.0,0.2903,13.0,49522.28,0.49,0.51,8.0,0.045,False,pass_prob=31.00% < 35%; blowup_prob=69.00% > 15%; consistency_breach=29.03% > 15%,trailing_dd_eod
vwap_mean_reversion_M15_filters[0].max_z=2.0,topstep_50k,Topstep,eod_trailing,reduce_after_loss,none,0.35,0.65,0.0,0.7714,8.0,49407.08,0.45,0.55,8.0,0.039,False,blowup_prob=65.00% > 15%; consistency_breach=77.14% > 15%,trailing_dd_eod
vwap_mean_reversion_M15_filters[0].max_z=3.0,topstep_50k,Topstep,eod_trailing,pct_dd_buffer_2pct,dp500_dl300,0.26,0.72,0.02,0.0385,17.0,49453.59,0.54,0.46,12.5,0.023,False,pass_prob=26.00% < 35%; blowup_prob=72.00% > 15%,trailing_dd_eod
vwap_mean_reversion_M15_filters[0].max_z=2.0,topstep_50k,Topstep,eod_trailing,reduce_after_loss,stop_l2,0.34,0.66,0.0,0.8235,10.0,49107.63,0.44,0.56,9.5,0.014,False,pass_prob=34.00% < 35%; blowup_prob=66.00% > 15%; consistency_breach=82.35% > 15%,trailing_dd_eod
vwap_mean_reversion_M15_filters[0].max_z=3.0,topstep_50k,Topstep,eod_trailing,micro_1,dp500_dl300,0.26,0.73,0.01,0.0385,17.0,49341.33,0.53,0.47,11.0,0.011,False,pass_prob=26.00% < 35%; blowup_prob=73.00% > 15%,trailing_dd_eod
vwap_mean_reversion_M15_filters[0].max_z=3.0,generic_static_50k,Generic,static,reduce_after_loss,dp500_dl300,0.25,0.69,0.06,0.32,12.0,47467.72,0.53,0.47,13.0,0.008,False,pass_prob=25.00% < 35%; blowup_prob=69.00% > 15%; consistency_breach=32.00% > 15%,max_loss_static
exhaustion_reversal_M15_filters[0].min=0.6,topstep_50k,Topstep,eod_trailing,reduce_after_loss,stop_l2,0.26,0.74,0.0,0.1923,15.0,49050.97,0.52,0.48,8.0,-0.013,False,pass_prob=26.00% < 35%; blowup_prob=74.00% > 15%; consistency_breach=19.23% > 15%,trailing_dd_eod
vwap_mean_reversion_M15_filters[0].max_z=3.0,topstep_50k,Topstep,eod_trailing,reduce_after_loss,max2,0.27,0.72,0.01,0.6296,9.0,48880.0,0.51,0.49,9.0,-0.03,False,pass_prob=27.00% < 35%; blowup_prob=72.00% > 15%; consistency_breach=62.96% > 15%,trailing_dd_eod
vwap_mean_reversion_M15_filters[0].max_z=3.0,topstep_50k,Topstep,eod_trailing,dollar_risk_50,dp500_dl300,0.23,0.76,0.01,0.0,18.0,49395.27,0.54,0.46,11.0,-0.032,False,pass_prob=23.00% < 35%; blowup_prob=76.00% > 15%,trailing_dd_eod
vwap_mean_reversion_M15_filters[0].max_z=3.0,topstep_50k,Topstep,eod_trailing,dollar_risk_100,dp500_dl300,0.23,0.76,0.01,0.0435,19.0,49039.51,0.54,0.46,12.5,-0.035,False,pass_prob=23.00% < 35%; blowup_prob=76.00% > 15%,trailing_dd_eod
vwap_mean_reversion_M15_filters[0].max_z=2.5,topstep_50k,Topstep,eod_trailing,reduce_after_loss,max2,0.28,0.72,0.0,0.5714,13.0,48738.19,0.43,0.57,8.0,-0.057,False,pass_prob=28.00% < 35%; blowup_prob=72.00% > 15%; consistency_breach=57.14% > 15%,trailing_dd_eod
vwap_mean_reversion_M15_filters[0].max_z=3.0,topstep_50k,Topstep,eod_trailing,reduce_after_loss,ny_only_max2,0.25,0.72,0.03,0.64,13.0,48818.69,0.48,0.52,13.0,-0.062,False,pass_prob=25.00% < 35%; blowup_prob=72.00% > 15%; consistency_breach=64.00% > 15%,trailing_dd_eod
vwap_mean_reversion_M15_filters[0].max_z=2.0,topstep_50k,Topstep,eod_trailing,reduce_after_loss,dp500_dl300,0.23,0.77,0.0,0.2609,13.0,48927.71,0.53,0.47,8.0,-0.062,False,pass_prob=23.00% < 35%; blowup_prob=77.00% > 15%; consistency_breach=26.09% > 15%,trailing_dd_eod
vwap_mean_reversion_M15_filters[0].max_z=3.0,topstep_50k,Topstep,eod_trailing,micro_1,stop_l2,0.22,0.78,0.0,0.4545,13.5,48819.33,0.52,0.47,14.0,-0.096,False,pass_prob=22.00% < 35%; blowup_prob=78.00% > 15%; consistency_breach=45.45% > 15%,trailing_dd_eod
vwap_mean_reversion_M15_filters[0].max_z=3.0,topstep_50k,Topstep,eod_trailing,dollar_risk_50,stop_l2,0.21,0.79,0.0,0.4286,15.0,48772.13,0.51,0.48,14.0,-0.115,False,pass_prob=21.00% < 35%; blowup_prob=79.00% > 15%; consistency_breach=42.86% > 15%,trailing_dd_eod
vwap_mean_reversion_M15_filters[0].max_z=3.0,topstep_50k,Topstep,eod_trailing,pct_dd_buffer_2pct,stop_l2,0.21,0.79,0.0,0.4286,15.0,48783.66,0.51,0.48,14.0,-0.115,False,pass_prob=21.00% < 35%; blowup_prob=79.00% > 15%; consistency_breach=42.86% > 15%,trailing_dd_eod
vwap_mean_reversion_M15_filters[0].max_z=2.5,topstep_50k,Topstep,eod_trailing,pct_dd_buffer_2pct,dp500_dl300,0.17,0.81,0.02,0.0,26.0,48797.16,0.54,0.46,9.5,-0.127,False,pass_prob=17.00% < 35%; blowup_prob=81.00% > 15%,trailing_dd_eod
vwap_mean_reversion_M15_filters[0].max_z=2.5,topstep_50k,Topstep,eod_trailing,reduce_after_loss,dp500_dl300,0.22,0.78,0.0,0.3182,13.0,48684.63,0.44,0.56,8.0,-0.127,False,pass_prob=22.00% < 35%; blowup_prob=78.00% > 15%; consistency_breach=31.82% > 15%,trailing_dd_eod
vwap_mean_reversion_M15_filters[0].max_z=3.0,topstep_50k,Topstep,eod_trailing,dollar_risk_100,stop_l2,0.2,0.79,0.01,0.35,16.5,48686.93,0.49,0.5,14.0,-0.129,False,pass_prob=20.00% < 35%; blowup_prob=79.00% > 15%; consistency_breach=35.00% > 15%,trailing_dd_eod
vwap_mean_reversion_M15_filters[0].max_z=2.5,topstep_50k,Topstep,eod_trailing,micro_1,dp500_dl300,0.17,0.81,0.02,0.0,25.0,48766.34,0.53,0.46,9.0,-0.132,False,pass_prob=17.00% < 35%; blowup_prob=81.00% > 15%,trailing_dd_eod
vwap_mean_reversion_M15_filters[0].max_z=2.5,topstep_50k,Topstep,eod_trailing,dollar_risk_50,dp500_dl300,0.16,0.81,0.03,0.0,20.5,48837.75,0.53,0.47,10.0,-0.142,False,pass_prob=16.00% < 35%; blowup_prob=81.00% > 15%,trailing_dd_eod
vwap_mean_reversion_M15_filters[0].max_z=2.5,generic_static_50k,Generic,static,reduce_after_loss,stop_l2,0.22,0.76,0.02,0.5909,15.5,47485.09,0.39,0.61,9.0,-0.156,False,pass_prob=22.00% < 35%; blowup_prob=76.00% > 15%; consistency_breach=59.09% > 15%,max_loss_static
vwap_mean_reversion_M15_filters[0].max_z=3.0,topstep_50k,Topstep,eod_trailing,reduce_after_loss,dp500_dl300,0.2,0.8,0.0,0.4,9.0,48803.06,0.43,0.57,9.0,-0.169,False,pass_prob=20.00% < 35%; blowup_prob=80.00% > 15%; consistency_breach=40.00% > 15%,trailing_dd_eod
vwap_mean_reversion_M15_filters[0].max_z=3.0,generic_static_50k,Generic,static,reduce_after_loss,stop_l2,0.21,0.77,0.02,0.5238,12.0,47467.38,0.37,0.63,9.0,-0.177,False,pass_prob=21.00% < 35%; blowup_prob=77.00% > 15%; consistency_breach=52.38% > 15%,max_loss_static
vwap_mean_reversion_M15_filters[0].max_z=2.5,topstep_50k,Topstep,eod_trailing,pct_dd_buffer_2pct,stop_l2,0.15,0.82,0.03,0.0667,33.0,48978.89,0.49,0.51,12.0,-0.182,False,pass_prob=15.00% < 35%; blowup_prob=82.00% > 15%; median_days=33.0 > 30,trailing_dd_eod
vwap_mean_reversion_M15_filters[0].max_z=2.5,topstep_50k,Topstep,eod_trailing,dollar_risk_100,dp500_dl300,0.14,0.82,0.04,0.0,26.5,48893.89,0.5,0.5,10.0,-0.184,False,pass_prob=14.00% < 35%; blowup_prob=82.00% > 15%,trailing_dd_eod
vwap_mean_reversion_M15_filters[0].max_z=2.5,topstep_50k,Topstep,eod_trailing,reduce_after_loss,none,0.24,0.76,0.0,0.7083,8.5,48621.46,0.31,0.69,8.0,-0.188,False,pass_prob=24.00% < 35%; blowup_prob=76.00% > 15%; consistency_breach=70.83% > 15%,trailing_dd_eod
vwap_mean_reversion_M15_filters[0].max_z=2.5,topstep_50k,Topstep,eod_trailing,micro_1,stop_l2,0.14,0.84,0.02,0.1429,28.5,49043.2,0.49,0.51,11.0,-0.209,False,pass_prob=14.00% < 35%; blowup_prob=84.00% > 15%,trailing_dd_eod
vwap_mean_reversion_M15_filters[0].max_z=2.5,topstep_50k,Topstep,eod_trailing,dollar_risk_50,stop_l2,0.13,0.85,0.02,0.1538,36.0,48967.58,0.51,0.49,11.0,-0.216,False,pass_prob=13.00% < 35%; blowup_prob=85.00% > 15%; consistency_breach=15.38% > 15%; median_days=36.0 > 30,trailing_dd_eod
vwap_mean_reversion_M15_filters[0].max_z=2.5,topstep_50k,Topstep,eod_trailing,dollar_risk_100,stop_l2,0.12,0.86,0.02,0.1667,34.5,48962.06,0.48,0.52,12.0,-0.248,False,pass_prob=12.00% < 35%; blowup_prob=86.00% > 15%; consistency_breach=16.67% > 15%; median_days=34.5 > 30,trailing_dd_eod
vwap_mean_reversion_M15_filters[0].max_z=3.0,topstep_50k,Topstep,eod_trailing,reduce_after_loss,none,0.19,0.81,0.0,0.8421,8.0,48395.86,0.31,0.69,8.0,-0.27,False,pass_prob=19.00% < 35%; blowup_prob=81.00% > 15%; consistency_breach=84.21% > 15%,trailing_dd_eod
vwap_mean_reversion_M15_filters[0].max_z=3.0,topstep_50k,Topstep,eod_trailing,reduce_after_loss,stop_l2,0.18,0.82,0.0,0.8333,7.5,48363.1,0.3,0.7,8.5,-0.289,False,pass_prob=18.00% < 35%; blowup_prob=82.00% > 15%; consistency_breach=83.33% > 15%,trailing_dd_eod
vwap_mean_reversion_M15_filters[0].max_z=2.5,topstep_50k,Topstep,eod_trailing,reduce_after_loss,stop_l2,0.13,0.87,0.0,0.7692,8.0,48385.93,0.25,0.75,8.0,-0.384,False,pass_prob=13.00% < 35%; blowup_prob=87.00% > 15%; consistency_breach=76.92% > 15%,trailing_dd_eod
