champion_id,probe_type,probe_label,spec_id,spec_json,wf_folds,wf_median_sharpe,wf_pct_positive_folds,wf_avg_total_return,ho_trades,ho_trades_per_week,ho_total_return,ho_sharpe_ann,still_certified
body0.5_reg50wit_fib0.382_prev_h4_open,baseline,baseline,body0.5_reg50wit_fib0.382_prev_h4_open,"{""signal"": {""type"": ""prev_color""}, ""filters"": [{""type"": ""body_atr"", ""min"": 0.5, ""atr_n"": 14}, {""type"": ""regime"", ""ma_n"": 50, ""side"": ""with""}], ""entry"": {""type"": ""m15_retrace_fib"", ""level"": 0.382}, ""stop"": {""type"": ""prev_h4_open""}, ""exit"": {""type"": ""h4_close""}, ""cost_model"": ""spread"", ""cost_bps"": 1.5}",27,1.042,0.5926,0.0039,34,3.88,0.0311,3.712,True
body0.5_reg50wit_fib0.382_prev_h4_open,perturbation,cost_bps=0.0,body0.5_reg50wit_fib0.382_prev_h4_open,"{""signal"": {""type"": ""prev_color""}, ""filters"": [{""type"": ""body_atr"", ""min"": 0.5, ""atr_n"": 14}, {""type"": ""regime"", ""ma_n"": 50, ""side"": ""with""}], ""entry"": {""type"": ""m15_retrace_fib"", ""level"": 0.382}, ""stop"": {""type"": ""prev_h4_open""}, ""exit"": {""type"": ""h4_close""}, ""cost_model"": ""spread"", ""cost_bps"": 0.0}",27,2.647,0.6296,0.0143,34,3.88,0.0311,3.712,True
body0.5_reg50wit_fib0.382_prev_h4_open,perturbation,cost_bps=0.5,body0.5_reg50wit_fib0.382_prev_h4_open,"{""signal"": {""type"": ""prev_color""}, ""filters"": [{""type"": ""body_atr"", ""min"": 0.5, ""atr_n"": 14}, {""type"": ""regime"", ""ma_n"": 50, ""side"": ""with""}], ""entry"": {""type"": ""m15_retrace_fib"", ""level"": 0.382}, ""stop"": {""type"": ""prev_h4_open""}, ""exit"": {""type"": ""h4_close""}, ""cost_model"": ""spread"", ""cost_bps"": 0.5}",27,2.141,0.6296,0.0108,34,3.88,0.0311,3.712,True
body0.5_reg50wit_fib0.382_prev_h4_open,perturbation,cost_bps=1.0,body0.5_reg50wit_fib0.382_prev_h4_open,"{""signal"": {""type"": ""prev_color""}, ""filters"": [{""type"": ""body_atr"", ""min"": 0.5, ""atr_n"": 14}, {""type"": ""regime"", ""ma_n"": 50, ""side"": ""with""}], ""entry"": {""type"": ""m15_retrace_fib"", ""level"": 0.382}, ""stop"": {""type"": ""prev_h4_open""}, ""exit"": {""type"": ""h4_close""}, ""cost_model"": ""spread"", ""cost_bps"": 1.0}",27,1.613,0.6296,0.0073,34,3.88,0.0311,3.712,True
body0.5_reg50wit_fib0.382_prev_h4_open,perturbation,cost_bps=2.0,body0.5_reg50wit_fib0.382_prev_h4_open,"{""signal"": {""type"": ""prev_color""}, ""filters"": [{""type"": ""body_atr"", ""min"": 0.5, ""atr_n"": 14}, {""type"": ""regime"", ""ma_n"": 50, ""side"": ""with""}], ""entry"": {""type"": ""m15_retrace_fib"", ""level"": 0.382}, ""stop"": {""type"": ""prev_h4_open""}, ""exit"": {""type"": ""h4_close""}, ""cost_model"": ""spread"", ""cost_bps"": 2.0}",27,0.471,0.5556,0.0005,34,3.88,0.0311,3.712,True
body0.5_reg50wit_fib0.382_prev_h4_open,perturbation,cost_bps=3.0,body0.5_reg50wit_fib0.382_prev_h4_open,"{""signal"": {""type"": ""prev_color""}, ""filters"": [{""type"": ""body_atr"", ""min"": 0.5, ""atr_n"": 14}, {""type"": ""regime"", ""ma_n"": 50, ""side"": ""with""}], ""entry"": {""type"": ""m15_retrace_fib"", ""level"": 0.382}, ""stop"": {""type"": ""prev_h4_open""}, ""exit"": {""type"": ""h4_close""}, ""cost_model"": ""spread"", ""cost_bps"": 3.0}",27,-0.67,0.4074,-0.0064,34,3.88,0.0311,3.712,False
body0.5_reg50wit_fib0.382_prev_h4_open,perturbation,cost_bps=5.0,body0.5_reg50wit_fib0.382_prev_h4_open,"{""signal"": {""type"": ""prev_color""}, ""filters"": [{""type"": ""body_atr"", ""min"": 0.5, ""atr_n"": 14}, {""type"": ""regime"", ""ma_n"": 50, ""side"": ""with""}], ""entry"": {""type"": ""m15_retrace_fib"", ""level"": 0.382}, ""stop"": {""type"": ""prev_h4_open""}, ""exit"": {""type"": ""h4_close""}, ""cost_model"": ""spread"", ""cost_bps"": 5.0}",27,-2.952,0.3704,-0.0198,34,3.88,0.0311,3.712,False
body0.5_reg50wit_fib0.382_prev_h4_open,perturbation,body_atr.min=0.0,body0.5_reg50wit_fib0.382_prev_h4_open,"{""signal"": {""type"": ""prev_color""}, ""filters"": [{""type"": ""body_atr"", ""min"": 0.0, ""atr_n"": 14}, {""type"": ""regime"", ""ma_n"": 50, ""side"": ""with""}], ""entry"": {""type"": ""m15_retrace_fib"", ""level"": 0.382}, ""stop"": {""type"": ""prev_h4_open""}, ""exit"": {""type"": ""h4_close""}, ""cost_model"": ""spread"", ""cost_bps"": 1.5}",27,-0.377,0.4074,-0.0073,109,12.44,-0.0206,-0.879,False
body0.5_reg50wit_fib0.382_prev_h4_open,perturbation,body_atr.min=0.3,body0.5_reg50wit_fib0.382_prev_h4_open,"{""signal"": {""type"": ""prev_color""}, ""filters"": [{""type"": ""body_atr"", ""min"": 0.3, ""atr_n"": 14}, {""type"": ""regime"", ""ma_n"": 50, ""side"": ""with""}], ""entry"": {""type"": ""m15_retrace_fib"", ""level"": 0.382}, ""stop"": {""type"": ""prev_h4_open""}, ""exit"": {""type"": ""h4_close""}, ""cost_model"": ""spread"", ""cost_bps"": 1.5}",27,-0.974,0.4444,-0.0014,61,6.96,0.0271,2.081,False
body0.5_reg50wit_fib0.382_prev_h4_open,perturbation,body_atr.min=0.7,body0.5_reg50wit_fib0.382_prev_h4_open,"{""signal"": {""type"": ""prev_color""}, ""filters"": [{""type"": ""body_atr"", ""min"": 0.7, ""atr_n"": 14}, {""type"": ""regime"", ""ma_n"": 50, ""side"": ""with""}], ""entry"": {""type"": ""m15_retrace_fib"", ""level"": 0.382}, ""stop"": {""type"": ""prev_h4_open""}, ""exit"": {""type"": ""h4_close""}, ""cost_model"": ""spread"", ""cost_bps"": 1.5}",27,2.372,0.6296,0.0051,20,2.28,0.0456,9.687,False
body0.5_reg50wit_fib0.382_prev_h4_open,perturbation,body_atr.min=0.9,body0.5_reg50wit_fib0.382_prev_h4_open,"{""signal"": {""type"": ""prev_color""}, ""filters"": [{""type"": ""body_atr"", ""min"": 0.9, ""atr_n"": 14}, {""type"": ""regime"", ""ma_n"": 50, ""side"": ""with""}], ""entry"": {""type"": ""m15_retrace_fib"", ""level"": 0.382}, ""stop"": {""type"": ""prev_h4_open""}, ""exit"": {""type"": ""h4_close""}, ""cost_model"": ""spread"", ""cost_bps"": 1.5}",27,1.538,0.5185,0.0004,10,1.14,0.0144,7.912,False
body0.5_reg50wit_fib0.382_prev_h4_open,perturbation,body_atr.min=1.2,body0.5_reg50wit_fib0.382_prev_h4_open,"{""signal"": {""type"": ""prev_color""}, ""filters"": [{""type"": ""body_atr"", ""min"": 1.2, ""atr_n"": 14}, {""type"": ""regime"", ""ma_n"": 50, ""side"": ""with""}], ""entry"": {""type"": ""m15_retrace_fib"", ""level"": 0.382}, ""stop"": {""type"": ""prev_h4_open""}, ""exit"": {""type"": ""h4_close""}, ""cost_model"": ""spread"", ""cost_bps"": 1.5}",27,3.764,0.5556,0.0062,6,0.68,0.0079,6.398,False
body0.5_reg50wit_fib0.382_prev_h4_open,perturbation,body_atr.atr_n=7,body0.5_reg50wit_fib0.382_prev_h4_open,"{""signal"": {""type"": ""prev_color""}, ""filters"": [{""type"": ""body_atr"", ""min"": 0.5, ""atr_n"": 7}, {""type"": ""regime"", ""ma_n"": 50, ""side"": ""with""}], ""entry"": {""type"": ""m15_retrace_fib"", ""level"": 0.382}, ""stop"": {""type"": ""prev_h4_open""}, ""exit"": {""type"": ""h4_close""}, ""cost_model"": ""spread"", ""cost_bps"": 1.5}",27,0.552,0.5185,0.0014,33,3.77,0.0766,10.115,False
body0.5_reg50wit_fib0.382_prev_h4_open,perturbation,body_atr.atr_n=10,body0.5_reg50wit_fib0.382_prev_h4_open,"{""signal"": {""type"": ""prev_color""}, ""filters"": [{""type"": ""body_atr"", ""min"": 0.5, ""atr_n"": 10}, {""type"": ""regime"", ""ma_n"": 50, ""side"": ""with""}], ""entry"": {""type"": ""m15_retrace_fib"", ""level"": 0.382}, ""stop"": {""type"": ""prev_h4_open""}, ""exit"": {""type"": ""h4_close""}, ""cost_model"": ""spread"", ""cost_bps"": 1.5}",27,0.354,0.5185,0.0011,35,3.99,0.0275,3.256,False
body0.5_reg50wit_fib0.382_prev_h4_open,perturbation,body_atr.atr_n=21,body0.5_reg50wit_fib0.382_prev_h4_open,"{""signal"": {""type"": ""prev_color""}, ""filters"": [{""type"": ""body_atr"", ""min"": 0.5, ""atr_n"": 21}, {""type"": ""regime"", ""ma_n"": 50, ""side"": ""with""}], ""entry"": {""type"": ""m15_retrace_fib"", ""level"": 0.382}, ""stop"": {""type"": ""prev_h4_open""}, ""exit"": {""type"": ""h4_close""}, ""cost_model"": ""spread"", ""cost_bps"": 1.5}",27,-0.042,0.4815,0.0016,35,3.99,0.0482,5.371,False
body0.5_reg50wit_fib0.382_prev_h4_open,perturbation,regime.ma_n=20,body0.5_reg50wit_fib0.382_prev_h4_open,"{""signal"": {""type"": ""prev_color""}, ""filters"": [{""type"": ""body_atr"", ""min"": 0.5, ""atr_n"": 14}, {""type"": ""regime"", ""ma_n"": 20, ""side"": ""with""}], ""entry"": {""type"": ""m15_retrace_fib"", ""level"": 0.382}, ""stop"": {""type"": ""prev_h4_open""}, ""exit"": {""type"": ""h4_close""}, ""cost_model"": ""spread"", ""cost_bps"": 1.5}",27,-0.039,0.4815,0.0038,41,4.68,0.0481,4.877,False
body0.5_reg50wit_fib0.382_prev_h4_open,perturbation,regime.ma_n=30,body0.5_reg50wit_fib0.382_prev_h4_open,"{""signal"": {""type"": ""prev_color""}, ""filters"": [{""type"": ""body_atr"", ""min"": 0.5, ""atr_n"": 14}, {""type"": ""regime"", ""ma_n"": 30, ""side"": ""with""}], ""entry"": {""type"": ""m15_retrace_fib"", ""level"": 0.382}, ""stop"": {""type"": ""prev_h4_open""}, ""exit"": {""type"": ""h4_close""}, ""cost_model"": ""spread"", ""cost_bps"": 1.5}",27,0.838,0.5185,0.0074,37,4.22,0.041,4.572,False
body0.5_reg50wit_fib0.382_prev_h4_open,perturbation,regime.ma_n=80,body0.5_reg50wit_fib0.382_prev_h4_open,"{""signal"": {""type"": ""prev_color""}, ""filters"": [{""type"": ""body_atr"", ""min"": 0.5, ""atr_n"": 14}, {""type"": ""regime"", ""ma_n"": 80, ""side"": ""with""}], ""entry"": {""type"": ""m15_retrace_fib"", ""level"": 0.382}, ""stop"": {""type"": ""prev_h4_open""}, ""exit"": {""type"": ""h4_close""}, ""cost_model"": ""spread"", ""cost_bps"": 1.5}",27,0.466,0.5185,0.0002,29,3.31,0.003,0.593,False
body0.5_reg50wit_fib0.382_prev_h4_open,perturbation,regime.ma_n=100,body0.5_reg50wit_fib0.382_prev_h4_open,"{""signal"": {""type"": ""prev_color""}, ""filters"": [{""type"": ""body_atr"", ""min"": 0.5, ""atr_n"": 14}, {""type"": ""regime"", ""ma_n"": 100, ""side"": ""with""}], ""entry"": {""type"": ""m15_retrace_fib"", ""level"": 0.382}, ""stop"": {""type"": ""prev_h4_open""}, ""exit"": {""type"": ""h4_close""}, ""cost_model"": ""spread"", ""cost_bps"": 1.5}",27,0.804,0.6296,0.0024,28,3.2,-0.0047,-0.458,False
body0.5_reg50wit_fib0.382_prev_h4_open,perturbation,regime.ma_n=150,body0.5_reg50wit_fib0.382_prev_h4_open,"{""signal"": {""type"": ""prev_color""}, ""filters"": [{""type"": ""body_atr"", ""min"": 0.5, ""atr_n"": 14}, {""type"": ""regime"", ""ma_n"": 150, ""side"": ""with""}], ""entry"": {""type"": ""m15_retrace_fib"", ""level"": 0.382}, ""stop"": {""type"": ""prev_h4_open""}, ""exit"": {""type"": ""h4_close""}, ""cost_model"": ""spread"", ""cost_bps"": 1.5}",27,1.209,0.5926,0.0022,21,2.4,0.0035,0.794,False
body0.5_reg50wit_fib0.382_prev_h4_open,perturbation,fib_level=0.236,body0.5_reg50wit_fib0.382_prev_h4_open,"{""signal"": {""type"": ""prev_color""}, ""filters"": [{""type"": ""body_atr"", ""min"": 0.5, ""atr_n"": 14}, {""type"": ""regime"", ""ma_n"": 50, ""side"": ""with""}], ""entry"": {""type"": ""m15_retrace_fib"", ""level"": 0.236}, ""stop"": {""type"": ""prev_h4_open""}, ""exit"": {""type"": ""h4_close""}, ""cost_model"": ""spread"", ""cost_bps"": 1.5}",27,1.042,0.5926,0.0039,43,4.91,-0.0341,-3.07,False
body0.5_reg50wit_fib0.382_prev_h4_open,perturbation,fib_level=0.5,body0.5_reg50wit_fib0.382_prev_h4_open,"{""signal"": {""type"": ""prev_color""}, ""filters"": [{""type"": ""body_atr"", ""min"": 0.5, ""atr_n"": 14}, {""type"": ""regime"", ""ma_n"": 50, ""side"": ""with""}], ""entry"": {""type"": ""m15_retrace_fib"", ""level"": 0.5}, ""stop"": {""type"": ""prev_h4_open""}, ""exit"": {""type"": ""h4_close""}, ""cost_model"": ""spread"", ""cost_bps"": 1.5}",27,1.042,0.5926,0.0039,25,2.85,0.017,2.985,False
body0.5_reg50wit_fib0.382_prev_h4_open,perturbation,fib_level=0.618,body0.5_reg50wit_fib0.382_prev_h4_open,"{""signal"": {""type"": ""prev_color""}, ""filters"": [{""type"": ""body_atr"", ""min"": 0.5, ""atr_n"": 14}, {""type"": ""regime"", ""ma_n"": 50, ""side"": ""with""}], ""entry"": {""type"": ""m15_retrace_fib"", ""level"": 0.618}, ""stop"": {""type"": ""prev_h4_open""}, ""exit"": {""type"": ""h4_close""}, ""cost_model"": ""spread"", ""cost_bps"": 1.5}",27,1.042,0.5926,0.0039,18,2.05,-0.014,-5.774,False
body0.5_reg50wit_fib0.382_prev_h4_open,perturbation,fib_level=0.786,body0.5_reg50wit_fib0.382_prev_h4_open,"{""signal"": {""type"": ""prev_color""}, ""filters"": [{""type"": ""body_atr"", ""min"": 0.5, ""atr_n"": 14}, {""type"": ""regime"", ""ma_n"": 50, ""side"": ""with""}], ""entry"": {""type"": ""m15_retrace_fib"", ""level"": 0.786}, ""stop"": {""type"": ""prev_h4_open""}, ""exit"": {""type"": ""h4_close""}, ""cost_model"": ""spread"", ""cost_bps"": 1.5}",27,1.042,0.5926,0.0039,12,1.37,0.011,7.211,False
body0.5_reg50wit_fib0.382_prev_h4_open,perturbation,stop=none,body0.5_reg50wit_fib0.382_prev_h4_open,"{""signal"": {""type"": ""prev_color""}, ""filters"": [{""type"": ""body_atr"", ""min"": 0.5, ""atr_n"": 14}, {""type"": ""regime"", ""ma_n"": 50, ""side"": ""with""}], ""entry"": {""type"": ""m15_retrace_fib"", ""level"": 0.382}, ""stop"": {""type"": ""none""}, ""exit"": {""type"": ""h4_close""}, ""cost_model"": ""spread"", ""cost_bps"": 1.5}",27,1.042,0.5926,0.0039,34,3.88,-0.0038,-0.029,False
body0.5_reg50wit_fib0.382_prev_h4_open,perturbation,stop=prev_h4_extreme,body0.5_reg50wit_fib0.382_prev_h4_open,"{""signal"": {""type"": ""prev_color""}, ""filters"": [{""type"": ""body_atr"", ""min"": 0.5, ""atr_n"": 14}, {""type"": ""regime"", ""ma_n"": 50, ""side"": ""with""}], ""entry"": {""type"": ""m15_retrace_fib"", ""level"": 0.382}, ""stop"": {""type"": ""prev_h4_extreme""}, ""exit"": {""type"": ""h4_close""}, ""cost_model"": ""spread"", ""cost_bps"": 1.5}",27,1.042,0.5926,0.0039,34,3.88,0.0228,2.73,True
body0.5_reg50wit_fib0.382_prev_h4_open,perturbation,stop=h4_atrx1.0,body0.5_reg50wit_fib0.382_prev_h4_open,"{""signal"": {""type"": ""prev_color""}, ""filters"": [{""type"": ""body_atr"", ""min"": 0.5, ""atr_n"": 14}, {""type"": ""regime"", ""ma_n"": 50, ""side"": ""with""}], ""entry"": {""type"": ""m15_retrace_fib"", ""level"": 0.382}, ""stop"": {""type"": ""h4_atr"", ""mult"": 1.0, ""atr_n"": 14}, ""exit"": {""type"": ""h4_close""}, ""cost_model"": ""spread"", ""cost_bps"": 1.5}",27,-0.074,0.4815,0.0022,34,3.88,0.0378,4.586,False
body0.5_reg50wit_fib0.382_prev_h4_open,attribution,drop_body_atr,body0.5_reg50wit_fib0.382_prev_h4_open,"{""signal"": {""type"": ""prev_color""}, ""filters"": [{""type"": ""regime"", ""ma_n"": 50, ""side"": ""with""}], ""entry"": {""type"": ""m15_retrace_fib"", ""level"": 0.382}, ""stop"": {""type"": ""prev_h4_open""}, ""exit"": {""type"": ""h4_close""}, ""cost_model"": ""spread"", ""cost_bps"": 1.5}",27,-0.377,0.4074,-0.0073,109,12.44,-0.0206,-0.879,False
body0.5_reg50wit_fib0.382_prev_h4_open,attribution,drop_regime,body0.5_reg50wit_fib0.382_prev_h4_open,"{""signal"": {""type"": ""prev_color""}, ""filters"": [{""type"": ""body_atr"", ""min"": 0.5, ""atr_n"": 14}], ""entry"": {""type"": ""m15_retrace_fib"", ""level"": 0.382}, ""stop"": {""type"": ""prev_h4_open""}, ""exit"": {""type"": ""h4_close""}, ""cost_model"": ""spread"", ""cost_bps"": 1.5}",27,0.738,0.5185,0.0008,62,7.08,0.0343,2.663,False
body0.5_reg50wit_fib0.382_prev_h4_open,attribution,drop_ALL_filters,body0.5_reg50wit_fib0.382_prev_h4_open,"{""signal"": {""type"": ""prev_color""}, ""filters"": [], ""entry"": {""type"": ""m15_retrace_fib"", ""level"": 0.382}, ""stop"": {""type"": ""prev_h4_open""}, ""exit"": {""type"": ""h4_close""}, ""cost_model"": ""spread"", ""cost_bps"": 1.5}",27,-1.389,0.2593,-0.033,218,24.88,0.0297,0.831,False
body0.5_reg50wit_fib0.382_prev_h4_open,coverage,coverage_ma_n=30,body0.5_reg50wit_fib0.382_prev_h4_open,"{""signal"": {""type"": ""prev_color""}, ""filters"": [{""type"": ""body_atr"", ""min"": 0.5, ""atr_n"": 14}, {""type"": ""regime"", ""ma_n"": 30, ""side"": ""with""}], ""entry"": {""type"": ""m15_retrace_fib"", ""level"": 0.382}, ""stop"": {""type"": ""prev_h4_open""}, ""exit"": {""type"": ""h4_close""}, ""cost_model"": ""spread"", ""cost_bps"": 1.5}",27,0.838,0.5185,0.0074,37,4.22,0.041,4.572,False
body0.5_reg50wit_fib0.382_prev_h4_open,coverage,coverage_ma_n=80,body0.5_reg50wit_fib0.382_prev_h4_open,"{""signal"": {""type"": ""prev_color""}, ""filters"": [{""type"": ""body_atr"", ""min"": 0.5, ""atr_n"": 14}, {""type"": ""regime"", ""ma_n"": 80, ""side"": ""with""}], ""entry"": {""type"": ""m15_retrace_fib"", ""level"": 0.382}, ""stop"": {""type"": ""prev_h4_open""}, ""exit"": {""type"": ""h4_close""}, ""cost_model"": ""spread"", ""cost_bps"": 1.5}",27,0.466,0.5185,0.0002,29,3.31,0.003,0.593,False
body0.5_reg50wit_fib0.382_prev_h4_open,coverage,coverage_ma_n=100,body0.5_reg50wit_fib0.382_prev_h4_open,"{""signal"": {""type"": ""prev_color""}, ""filters"": [{""type"": ""body_atr"", ""min"": 0.5, ""atr_n"": 14}, {""type"": ""regime"", ""ma_n"": 100, ""side"": ""with""}], ""entry"": {""type"": ""m15_retrace_fib"", ""level"": 0.382}, ""stop"": {""type"": ""prev_h4_open""}, ""exit"": {""type"": ""h4_close""}, ""cost_model"": ""spread"", ""cost_bps"": 1.5}",27,0.804,0.6296,0.0024,28,3.2,-0.0047,-0.458,False
body0.5_reg50wit_fib0.382_prev_h4_open,coverage,coverage_body_atr.min=0.3,body0.5_reg50wit_fib0.382_prev_h4_open,"{""signal"": {""type"": ""prev_color""}, ""filters"": [{""type"": ""body_atr"", ""min"": 0.3, ""atr_n"": 14}, {""type"": ""regime"", ""ma_n"": 50, ""side"": ""with""}], ""entry"": {""type"": ""m15_retrace_fib"", ""level"": 0.382}, ""stop"": {""type"": ""prev_h4_open""}, ""exit"": {""type"": ""h4_close""}, ""cost_model"": ""spread"", ""cost_bps"": 1.5}",27,-0.974,0.4444,-0.0014,61,6.96,0.0271,2.081,False
body0.5_reg50wit_fib0.382_prev_h4_open,coverage,coverage_body_atr.min=0.7,body0.5_reg50wit_fib0.382_prev_h4_open,"{""signal"": {""type"": ""prev_color""}, ""filters"": [{""type"": ""body_atr"", ""min"": 0.7, ""atr_n"": 14}, {""type"": ""regime"", ""ma_n"": 50, ""side"": ""with""}], ""entry"": {""type"": ""m15_retrace_fib"", ""level"": 0.382}, ""stop"": {""type"": ""prev_h4_open""}, ""exit"": {""type"": ""h4_close""}, ""cost_model"": ""spread"", ""cost_bps"": 1.5}",27,2.372,0.6296,0.0051,20,2.28,0.0456,9.687,False
body0.5_reg50wit_fib0.382_prev_h4_open,coverage,coverage_add_streak2,body0.5_reg50wit_fib0.382_prev_h4_open,"{""signal"": {""type"": ""prev_color""}, ""filters"": [{""type"": ""body_atr"", ""min"": 0.5, ""atr_n"": 14}, {""type"": ""regime"", ""ma_n"": 50, ""side"": ""with""}, {""type"": ""min_streak"", ""k"": 2}], ""entry"": {""type"": ""m15_retrace_fib"", ""level"": 0.382}, ""stop"": {""type"": ""prev_h4_open""}, ""exit"": {""type"": ""h4_close""}, ""cost_model"": ""spread"", ""cost_bps"": 1.5}",27,0.359,0.5556,0.0075,18,2.05,0.0083,1.691,False
body0.5_reg50wit_fib0.382_prev_h4_open,coverage,coverage_add_streak3,body0.5_reg50wit_fib0.382_prev_h4_open,"{""signal"": {""type"": ""prev_color""}, ""filters"": [{""type"": ""body_atr"", ""min"": 0.5, ""atr_n"": 14}, {""type"": ""regime"", ""ma_n"": 50, ""side"": ""with""}, {""type"": ""min_streak"", ""k"": 3}], ""entry"": {""type"": ""m15_retrace_fib"", ""level"": 0.382}, ""stop"": {""type"": ""prev_h4_open""}, ""exit"": {""type"": ""h4_close""}, ""cost_model"": ""spread"", ""cost_bps"": 1.5}",27,2.37,0.5926,0.0081,13,1.48,0.0171,3.786,False
body0.5_reg50wit_fib0.382_prev_h4_open,coverage,coverage_fib_plus_streak2,body0.5_reg50wit_fib0.382_prev_h4_open,"{""signal"": {""type"": ""prev_color""}, ""filters"": [{""type"": ""body_atr"", ""min"": 0.5, ""atr_n"": 14}, {""type"": ""regime"", ""ma_n"": 50, ""side"": ""with""}, {""type"": ""min_streak"", ""k"": 2}], ""entry"": {""type"": ""m15_retrace_fib"", ""level"": 0.382}, ""stop"": {""type"": ""prev_h4_open""}, ""exit"": {""type"": ""h4_close""}, ""cost_model"": ""spread"", ""cost_bps"": 1.5}",27,0.359,0.5556,0.0075,18,2.05,0.0083,1.691,False
body0.5_reg50wit_streak2_m15_open_h4_atrx1.0,baseline,baseline,body0.5_reg50wit_streak2_m15_open_h4_atrx1.0,"{""signal"": {""type"": ""prev_color""}, ""filters"": [{""type"": ""body_atr"", ""min"": 0.5, ""atr_n"": 14}, {""type"": ""regime"", ""ma_n"": 50, ""side"": ""with""}, {""type"": ""min_streak"", ""k"": 2}], ""entry"": {""type"": ""m15_open""}, ""stop"": {""type"": ""h4_atr"", ""mult"": 1.0, ""atr_n"": 14}, ""exit"": {""type"": ""h4_close""}, ""cost_model"": ""spread"", ""cost_bps"": 1.5}",27,0.992,0.5926,0.0074,29,3.31,0.0645,9.339,False
body0.5_reg50wit_streak2_m15_open_h4_atrx1.0,perturbation,cost_bps=0.0,body0.5_reg50wit_streak2_m15_open_h4_atrx1.0,"{""signal"": {""type"": ""prev_color""}, ""filters"": [{""type"": ""body_atr"", ""min"": 0.5, ""atr_n"": 14}, {""type"": ""regime"", ""ma_n"": 50, ""side"": ""with""}, {""type"": ""min_streak"", ""k"": 2}], ""entry"": {""type"": ""m15_open""}, ""stop"": {""type"": ""h4_atr"", ""mult"": 1.0, ""atr_n"": 14}, ""exit"": {""type"": ""h4_close""}, ""cost_model"": ""spread"", ""cost_bps"": 0.0}",27,2.732,0.7037,0.0134,29,3.31,0.0645,9.339,False
body0.5_reg50wit_streak2_m15_open_h4_atrx1.0,perturbation,cost_bps=0.5,body0.5_reg50wit_streak2_m15_open_h4_atrx1.0,"{""signal"": {""type"": ""prev_color""}, ""filters"": [{""type"": ""body_atr"", ""min"": 0.5, ""atr_n"": 14}, {""type"": ""regime"", ""ma_n"": 50, ""side"": ""with""}, {""type"": ""min_streak"", ""k"": 2}], ""entry"": {""type"": ""m15_open""}, ""stop"": {""type"": ""h4_atr"", ""mult"": 1.0, ""atr_n"": 14}, ""exit"": {""type"": ""h4_close""}, ""cost_model"": ""spread"", ""cost_bps"": 0.5}",27,2.135,0.7037,0.0114,29,3.31,0.0645,9.339,False
body0.5_reg50wit_streak2_m15_open_h4_atrx1.0,perturbation,cost_bps=1.0,body0.5_reg50wit_streak2_m15_open_h4_atrx1.0,"{""signal"": {""type"": ""prev_color""}, ""filters"": [{""type"": ""body_atr"", ""min"": 0.5, ""atr_n"": 14}, {""type"": ""regime"", ""ma_n"": 50, ""side"": ""with""}, {""type"": ""min_streak"", ""k"": 2}], ""entry"": {""type"": ""m15_open""}, ""stop"": {""type"": ""h4_atr"", ""mult"": 1.0, ""atr_n"": 14}, ""exit"": {""type"": ""h4_close""}, ""cost_model"": ""spread"", ""cost_bps"": 1.0}",27,1.541,0.5926,0.0093,29,3.31,0.0645,9.339,False
body0.5_reg50wit_streak2_m15_open_h4_atrx1.0,perturbation,cost_bps=2.0,body0.5_reg50wit_streak2_m15_open_h4_atrx1.0,"{""signal"": {""type"": ""prev_color""}, ""filters"": [{""type"": ""body_atr"", ""min"": 0.5, ""atr_n"": 14}, {""type"": ""regime"", ""ma_n"": 50, ""side"": ""with""}, {""type"": ""min_streak"", ""k"": 2}], ""entry"": {""type"": ""m15_open""}, ""stop"": {""type"": ""h4_atr"", ""mult"": 1.0, ""atr_n"": 14}, ""exit"": {""type"": ""h4_close""}, ""cost_model"": ""spread"", ""cost_bps"": 2.0}",27,0.444,0.5926,0.0054,29,3.31,0.0645,9.339,False
body0.5_reg50wit_streak2_m15_open_h4_atrx1.0,perturbation,cost_bps=3.0,body0.5_reg50wit_streak2_m15_open_h4_atrx1.0,"{""signal"": {""type"": ""prev_color""}, ""filters"": [{""type"": ""body_atr"", ""min"": 0.5, ""atr_n"": 14}, {""type"": ""regime"", ""ma_n"": 50, ""side"": ""with""}, {""type"": ""min_streak"", ""k"": 2}], ""entry"": {""type"": ""m15_open""}, ""stop"": {""type"": ""h4_atr"", ""mult"": 1.0, ""atr_n"": 14}, ""exit"": {""type"": ""h4_close""}, ""cost_model"": ""spread"", ""cost_bps"": 3.0}",27,-0.573,0.4074,0.0014,29,3.31,0.0645,9.339,False
body0.5_reg50wit_streak2_m15_open_h4_atrx1.0,perturbation,cost_bps=5.0,body0.5_reg50wit_streak2_m15_open_h4_atrx1.0,"{""signal"": {""type"": ""prev_color""}, ""filters"": [{""type"": ""body_atr"", ""min"": 0.5, ""atr_n"": 14}, {""type"": ""regime"", ""ma_n"": 50, ""side"": ""with""}, {""type"": ""min_streak"", ""k"": 2}], ""entry"": {""type"": ""m15_open""}, ""stop"": {""type"": ""h4_atr"", ""mult"": 1.0, ""atr_n"": 14}, ""exit"": {""type"": ""h4_close""}, ""cost_model"": ""spread"", ""cost_bps"": 5.0}",27,-3.027,0.3333,-0.0065,29,3.31,0.0645,9.339,False
body0.5_reg50wit_streak2_m15_open_h4_atrx1.0,perturbation,body_atr.min=0.0,body0.5_reg50wit_streak2_m15_open_h4_atrx1.0,"{""signal"": {""type"": ""prev_color""}, ""filters"": [{""type"": ""body_atr"", ""min"": 0.0, ""atr_n"": 14}, {""type"": ""regime"", ""ma_n"": 50, ""side"": ""with""}, {""type"": ""min_streak"", ""k"": 2}], ""entry"": {""type"": ""m15_open""}, ""stop"": {""type"": ""h4_atr"", ""mult"": 1.0, ""atr_n"": 14}, ""exit"": {""type"": ""h4_close""}, ""cost_model"": ""spread"", ""cost_bps"": 1.5}",27,0.414,0.5556,0.0022,78,8.9,0.0399,2.524,False
body0.5_reg50wit_streak2_m15_open_h4_atrx1.0,perturbation,body_atr.min=0.3,body0.5_reg50wit_streak2_m15_open_h4_atrx1.0,"{""signal"": {""type"": ""prev_color""}, ""filters"": [{""type"": ""body_atr"", ""min"": 0.3, ""atr_n"": 14}, {""type"": ""regime"", ""ma_n"": 50, ""side"": ""with""}, {""type"": ""min_streak"", ""k"": 2}], ""entry"": {""type"": ""m15_open""}, ""stop"": {""type"": ""h4_atr"", ""mult"": 1.0, ""atr_n"": 14}, ""exit"": {""type"": ""h4_close""}, ""cost_model"": ""spread"", ""cost_bps"": 1.5}",27,0.905,0.5556,0.0089,47,5.36,0.0288,2.898,False
body0.5_reg50wit_streak2_m15_open_h4_atrx1.0,perturbation,body_atr.min=0.7,body0.5_reg50wit_streak2_m15_open_h4_atrx1.0,"{""signal"": {""type"": ""prev_color""}, ""filters"": [{""type"": ""body_atr"", ""min"": 0.7, ""atr_n"": 14}, {""type"": ""regime"", ""ma_n"": 50, ""side"": ""with""}, {""type"": ""min_streak"", ""k"": 2}], ""entry"": {""type"": ""m15_open""}, ""stop"": {""type"": ""h4_atr"", ""mult"": 1.0, ""atr_n"": 14}, ""exit"": {""type"": ""h4_close""}, ""cost_model"": ""spread"", ""cost_bps"": 1.5}",27,1.386,0.5926,0.005,17,1.94,0.0763,22.916,False
body0.5_reg50wit_streak2_m15_open_h4_atrx1.0,perturbation,body_atr.min=0.9,body0.5_reg50wit_streak2_m15_open_h4_atrx1.0,"{""signal"": {""type"": ""prev_color""}, ""filters"": [{""type"": ""body_atr"", ""min"": 0.9, ""atr_n"": 14}, {""type"": ""regime"", ""ma_n"": 50, ""side"": ""with""}, {""type"": ""min_streak"", ""k"": 2}], ""entry"": {""type"": ""m15_open""}, ""stop"": {""type"": ""h4_atr"", ""mult"": 1.0, ""atr_n"": 14}, ""exit"": {""type"": ""h4_close""}, ""cost_model"": ""spread"", ""cost_bps"": 1.5}",27,0.771,0.5556,0.0026,9,1.03,0.0389,21.644,False
body0.5_reg50wit_streak2_m15_open_h4_atrx1.0,perturbation,body_atr.min=1.2,body0.5_reg50wit_streak2_m15_open_h4_atrx1.0,"{""signal"": {""type"": ""prev_color""}, ""filters"": [{""type"": ""body_atr"", ""min"": 1.2, ""atr_n"": 14}, {""type"": ""regime"", ""ma_n"": 50, ""side"": ""with""}, {""type"": ""min_streak"", ""k"": 2}], ""entry"": {""type"": ""m15_open""}, ""stop"": {""type"": ""h4_atr"", ""mult"": 1.0, ""atr_n"": 14}, ""exit"": {""type"": ""h4_close""}, ""cost_model"": ""spread"", ""cost_bps"": 1.5}",27,5.624,0.5556,0.0046,5,0.57,0.0215,15.654,False
body0.5_reg50wit_streak2_m15_open_h4_atrx1.0,perturbation,body_atr.atr_n=7,body0.5_reg50wit_streak2_m15_open_h4_atrx1.0,"{""signal"": {""type"": ""prev_color""}, ""filters"": [{""type"": ""body_atr"", ""min"": 0.5, ""atr_n"": 7}, {""type"": ""regime"", ""ma_n"": 50, ""side"": ""with""}, {""type"": ""min_streak"", ""k"": 2}], ""entry"": {""type"": ""m15_open""}, ""stop"": {""type"": ""h4_atr"", ""mult"": 1.0, ""atr_n"": 14}, ""exit"": {""type"": ""h4_close""}, ""cost_model"": ""spread"", ""cost_bps"": 1.5}",27,0.868,0.5556,0.0057,27,3.08,0.0963,16.655,False
body0.5_reg50wit_streak2_m15_open_h4_atrx1.0,perturbation,body_atr.atr_n=10,body0.5_reg50wit_streak2_m15_open_h4_atrx1.0,"{""signal"": {""type"": ""prev_color""}, ""filters"": [{""type"": ""body_atr"", ""min"": 0.5, ""atr_n"": 10}, {""type"": ""regime"", ""ma_n"": 50, ""side"": ""with""}, {""type"": ""min_streak"", ""k"": 2}], ""entry"": {""type"": ""m15_open""}, ""stop"": {""type"": ""h4_atr"", ""mult"": 1.0, ""atr_n"": 14}, ""exit"": {""type"": ""h4_close""}, ""cost_model"": ""spread"", ""cost_bps"": 1.5}",27,2.121,0.5926,0.0064,29,3.31,0.0548,8.033,False
body0.5_reg50wit_streak2_m15_open_h4_atrx1.0,perturbation,body_atr.atr_n=21,body0.5_reg50wit_streak2_m15_open_h4_atrx1.0,"{""signal"": {""type"": ""prev_color""}, ""filters"": [{""type"": ""body_atr"", ""min"": 0.5, ""atr_n"": 21}, {""type"": ""regime"", ""ma_n"": 50, ""side"": ""with""}, {""type"": ""min_streak"", ""k"": 2}], ""entry"": {""type"": ""m15_open""}, ""stop"": {""type"": ""h4_atr"", ""mult"": 1.0, ""atr_n"": 14}, ""exit"": {""type"": ""h4_close""}, ""cost_model"": ""spread"", ""cost_bps"": 1.5}",27,1.181,0.5926,0.008,30,3.42,0.0802,10.857,True
body0.5_reg50wit_streak2_m15_open_h4_atrx1.0,perturbation,regime.ma_n=20,body0.5_reg50wit_streak2_m15_open_h4_atrx1.0,"{""signal"": {""type"": ""prev_color""}, ""filters"": [{""type"": ""body_atr"", ""min"": 0.5, ""atr_n"": 14}, {""type"": ""regime"", ""ma_n"": 20, ""side"": ""with""}, {""type"": ""min_streak"", ""k"": 2}], ""entry"": {""type"": ""m15_open""}, ""stop"": {""type"": ""h4_atr"", ""mult"": 1.0, ""atr_n"": 14}, ""exit"": {""type"": ""h4_close""}, ""cost_model"": ""spread"", ""cost_bps"": 1.5}",27,-0.048,0.4815,0.0069,34,3.88,0.0513,6.47,False
body0.5_reg50wit_streak2_m15_open_h4_atrx1.0,perturbation,regime.ma_n=30,body0.5_reg50wit_streak2_m15_open_h4_atrx1.0,"{""signal"": {""type"": ""prev_color""}, ""filters"": [{""type"": ""body_atr"", ""min"": 0.5, ""atr_n"": 14}, {""type"": ""regime"", ""ma_n"": 30, ""side"": ""with""}, {""type"": ""min_streak"", ""k"": 2}], ""entry"": {""type"": ""m15_open""}, ""stop"": {""type"": ""h4_atr"", ""mult"": 1.0, ""atr_n"": 14}, ""exit"": {""type"": ""h4_close""}, ""cost_model"": ""spread"", ""cost_bps"": 1.5}",27,0.444,0.5185,0.0084,32,3.65,0.0541,7.276,False
body0.5_reg50wit_streak2_m15_open_h4_atrx1.0,perturbation,regime.ma_n=80,body0.5_reg50wit_streak2_m15_open_h4_atrx1.0,"{""signal"": {""type"": ""prev_color""}, ""filters"": [{""type"": ""body_atr"", ""min"": 0.5, ""atr_n"": 14}, {""type"": ""regime"", ""ma_n"": 80, ""side"": ""with""}, {""type"": ""min_streak"", ""k"": 2}], ""entry"": {""type"": ""m15_open""}, ""stop"": {""type"": ""h4_atr"", ""mult"": 1.0, ""atr_n"": 14}, ""exit"": {""type"": ""h4_close""}, ""cost_model"": ""spread"", ""cost_bps"": 1.5}",27,0.31,0.5185,0.0055,28,3.2,0.0277,4.33,False
body0.5_reg50wit_streak2_m15_open_h4_atrx1.0,perturbation,regime.ma_n=100,body0.5_reg50wit_streak2_m15_open_h4_atrx1.0,"{""signal"": {""type"": ""prev_color""}, ""filters"": [{""type"": ""body_atr"", ""min"": 0.5, ""atr_n"": 14}, {""type"": ""regime"", ""ma_n"": 100, ""side"": ""with""}, {""type"": ""min_streak"", ""k"": 2}], ""entry"": {""type"": ""m15_open""}, ""stop"": {""type"": ""h4_atr"", ""mult"": 1.0, ""atr_n"": 14}, ""exit"": {""type"": ""h4_close""}, ""cost_model"": ""spread"", ""cost_bps"": 1.5}",27,-0.966,0.4444,0.0044,24,2.74,0.0317,5.47,False
body0.5_reg50wit_streak2_m15_open_h4_atrx1.0,perturbation,regime.ma_n=150,body0.5_reg50wit_streak2_m15_open_h4_atrx1.0,"{""signal"": {""type"": ""prev_color""}, ""filters"": [{""type"": ""body_atr"", ""min"": 0.5, ""atr_n"": 14}, {""type"": ""regime"", ""ma_n"": 150, ""side"": ""with""}, {""type"": ""min_streak"", ""k"": 2}], ""entry"": {""type"": ""m15_open""}, ""stop"": {""type"": ""h4_atr"", ""mult"": 1.0, ""atr_n"": 14}, ""exit"": {""type"": ""h4_close""}, ""cost_model"": ""spread"", ""cost_bps"": 1.5}",27,0.339,0.5185,0.0042,15,1.71,0.0172,3.935,False
body0.5_reg50wit_streak2_m15_open_h4_atrx1.0,perturbation,stop=none,body0.5_reg50wit_streak2_m15_open_h4_atrx1.0,"{""signal"": {""type"": ""prev_color""}, ""filters"": [{""type"": ""body_atr"", ""min"": 0.5, ""atr_n"": 14}, {""type"": ""regime"", ""ma_n"": 50, ""side"": ""with""}, {""type"": ""min_streak"", ""k"": 2}], ""entry"": {""type"": ""m15_open""}, ""stop"": {""type"": ""none""}, ""exit"": {""type"": ""h4_close""}, ""cost_model"": ""spread"", ""cost_bps"": 1.5}",27,0.359,0.5556,0.0075,29,3.31,0.042,4.92,False
body0.5_reg50wit_streak2_m15_open_h4_atrx1.0,perturbation,stop=prev_h4_open,body0.5_reg50wit_streak2_m15_open_h4_atrx1.0,"{""signal"": {""type"": ""prev_color""}, ""filters"": [{""type"": ""body_atr"", ""min"": 0.5, ""atr_n"": 14}, {""type"": ""regime"", ""ma_n"": 50, ""side"": ""with""}, {""type"": ""min_streak"", ""k"": 2}], ""entry"": {""type"": ""m15_open""}, ""stop"": {""type"": ""prev_h4_open""}, ""exit"": {""type"": ""h4_close""}, ""cost_model"": ""spread"", ""cost_bps"": 1.5}",27,0.359,0.5556,0.0075,29,3.31,0.0751,12.31,False
body0.5_reg50wit_streak2_m15_open_h4_atrx1.0,perturbation,stop=prev_h4_extreme,body0.5_reg50wit_streak2_m15_open_h4_atrx1.0,"{""signal"": {""type"": ""prev_color""}, ""filters"": [{""type"": ""body_atr"", ""min"": 0.5, ""atr_n"": 14}, {""type"": ""regime"", ""ma_n"": 50, ""side"": ""with""}, {""type"": ""min_streak"", ""k"": 2}], ""entry"": {""type"": ""m15_open""}, ""stop"": {""type"": ""prev_h4_extreme""}, ""exit"": {""type"": ""h4_close""}, ""cost_model"": ""spread"", ""cost_bps"": 1.5}",27,0.359,0.5556,0.0075,29,3.31,0.0734,11.973,False
body0.5_reg50wit_streak2_m15_open_h4_atrx1.0,attribution,drop_body_atr,body0.5_reg50wit_streak2_m15_open_h4_atrx1.0,"{""signal"": {""type"": ""prev_color""}, ""filters"": [{""type"": ""regime"", ""ma_n"": 50, ""side"": ""with""}, {""type"": ""min_streak"", ""k"": 2}], ""entry"": {""type"": ""m15_open""}, ""stop"": {""type"": ""h4_atr"", ""mult"": 1.0, ""atr_n"": 14}, ""exit"": {""type"": ""h4_close""}, ""cost_model"": ""spread"", ""cost_bps"": 1.5}",27,0.414,0.5556,0.0022,78,8.9,0.0399,2.524,False
body0.5_reg50wit_streak2_m15_open_h4_atrx1.0,attribution,drop_min_streak,body0.5_reg50wit_streak2_m15_open_h4_atrx1.0,"{""signal"": {""type"": ""prev_color""}, ""filters"": [{""type"": ""body_atr"", ""min"": 0.5, ""atr_n"": 14}, {""type"": ""regime"", ""ma_n"": 50, ""side"": ""with""}], ""entry"": {""type"": ""m15_open""}, ""stop"": {""type"": ""h4_atr"", ""mult"": 1.0, ""atr_n"": 14}, ""exit"": {""type"": ""h4_close""}, ""cost_model"": ""spread"", ""cost_bps"": 1.5}",27,-0.074,0.4815,0.0022,52,5.93,0.0525,4.72,False
body0.5_reg50wit_streak2_m15_open_h4_atrx1.0,attribution,drop_regime,body0.5_reg50wit_streak2_m15_open_h4_atrx1.0,"{""signal"": {""type"": ""prev_color""}, ""filters"": [{""type"": ""body_atr"", ""min"": 0.5, ""atr_n"": 14}, {""type"": ""min_streak"", ""k"": 2}], ""entry"": {""type"": ""m15_open""}, ""stop"": {""type"": ""h4_atr"", ""mult"": 1.0, ""atr_n"": 14}, ""exit"": {""type"": ""h4_close""}, ""cost_model"": ""spread"", ""cost_bps"": 1.5}",27,-0.21,0.4815,0.0043,46,5.25,0.0716,6.067,False
body0.5_reg50wit_streak2_m15_open_h4_atrx1.0,attribution,drop_ALL_filters,body0.5_reg50wit_streak2_m15_open_h4_atrx1.0,"{""signal"": {""type"": ""prev_color""}, ""filters"": [], ""entry"": {""type"": ""m15_open""}, ""stop"": {""type"": ""h4_atr"", ""mult"": 1.0, ""atr_n"": 14}, ""exit"": {""type"": ""h4_close""}, ""cost_model"": ""spread"", ""cost_bps"": 1.5}",27,-1.775,0.3333,-0.0297,260,29.67,-0.0465,-0.538,False
body0.5_reg50wit_streak2_m15_open_h4_atrx1.0,coverage,coverage_ma_n=30,body0.5_reg50wit_streak2_m15_open_h4_atrx1.0,"{""signal"": {""type"": ""prev_color""}, ""filters"": [{""type"": ""body_atr"", ""min"": 0.5, ""atr_n"": 14}, {""type"": ""regime"", ""ma_n"": 30, ""side"": ""with""}, {""type"": ""min_streak"", ""k"": 2}], ""entry"": {""type"": ""m15_open""}, ""stop"": {""type"": ""h4_atr"", ""mult"": 1.0, ""atr_n"": 14}, ""exit"": {""type"": ""h4_close""}, ""cost_model"": ""spread"", ""cost_bps"": 1.5}",27,0.444,0.5185,0.0084,32,3.65,0.0541,7.276,False
body0.5_reg50wit_streak2_m15_open_h4_atrx1.0,coverage,coverage_ma_n=80,body0.5_reg50wit_streak2_m15_open_h4_atrx1.0,"{""signal"": {""type"": ""prev_color""}, ""filters"": [{""type"": ""body_atr"", ""min"": 0.5, ""atr_n"": 14}, {""type"": ""regime"", ""ma_n"": 80, ""side"": ""with""}, {""type"": ""min_streak"", ""k"": 2}], ""entry"": {""type"": ""m15_open""}, ""stop"": {""type"": ""h4_atr"", ""mult"": 1.0, ""atr_n"": 14}, ""exit"": {""type"": ""h4_close""}, ""cost_model"": ""spread"", ""cost_bps"": 1.5}",27,0.31,0.5185,0.0055,28,3.2,0.0277,4.33,False
body0.5_reg50wit_streak2_m15_open_h4_atrx1.0,coverage,coverage_ma_n=100,body0.5_reg50wit_streak2_m15_open_h4_atrx1.0,"{""signal"": {""type"": ""prev_color""}, ""filters"": [{""type"": ""body_atr"", ""min"": 0.5, ""atr_n"": 14}, {""type"": ""regime"", ""ma_n"": 100, ""side"": ""with""}, {""type"": ""min_streak"", ""k"": 2}], ""entry"": {""type"": ""m15_open""}, ""stop"": {""type"": ""h4_atr"", ""mult"": 1.0, ""atr_n"": 14}, ""exit"": {""type"": ""h4_close""}, ""cost_model"": ""spread"", ""cost_bps"": 1.5}",27,-0.966,0.4444,0.0044,24,2.74,0.0317,5.47,False
body0.5_reg50wit_streak2_m15_open_h4_atrx1.0,coverage,coverage_body_atr.min=0.3,body0.5_reg50wit_streak2_m15_open_h4_atrx1.0,"{""signal"": {""type"": ""prev_color""}, ""filters"": [{""type"": ""body_atr"", ""min"": 0.3, ""atr_n"": 14}, {""type"": ""regime"", ""ma_n"": 50, ""side"": ""with""}, {""type"": ""min_streak"", ""k"": 2}], ""entry"": {""type"": ""m15_open""}, ""stop"": {""type"": ""h4_atr"", ""mult"": 1.0, ""atr_n"": 14}, ""exit"": {""type"": ""h4_close""}, ""cost_model"": ""spread"", ""cost_bps"": 1.5}",27,0.905,0.5556,0.0089,47,5.36,0.0288,2.898,False
body0.5_reg50wit_streak2_m15_open_h4_atrx1.0,coverage,coverage_body_atr.min=0.7,body0.5_reg50wit_streak2_m15_open_h4_atrx1.0,"{""signal"": {""type"": ""prev_color""}, ""filters"": [{""type"": ""body_atr"", ""min"": 0.7, ""atr_n"": 14}, {""type"": ""regime"", ""ma_n"": 50, ""side"": ""with""}, {""type"": ""min_streak"", ""k"": 2}], ""entry"": {""type"": ""m15_open""}, ""stop"": {""type"": ""h4_atr"", ""mult"": 1.0, ""atr_n"": 14}, ""exit"": {""type"": ""h4_close""}, ""cost_model"": ""spread"", ""cost_bps"": 1.5}",27,1.386,0.5926,0.005,17,1.94,0.0763,22.916,False
body0.5_reg50wit_streak2_m15_confirm_h4_atrx1.0,baseline,baseline,body0.5_reg50wit_streak2_m15_confirm_h4_atrx1.0,"{""signal"": {""type"": ""prev_color""}, ""filters"": [{""type"": ""body_atr"", ""min"": 0.5, ""atr_n"": 14}, {""type"": ""regime"", ""ma_n"": 50, ""side"": ""with""}, {""type"": ""min_streak"", ""k"": 2}], ""entry"": {""type"": ""m15_confirm""}, ""stop"": {""type"": ""h4_atr"", ""mult"": 1.0, ""atr_n"": 14}, ""exit"": {""type"": ""h4_close""}, ""cost_model"": ""spread"", ""cost_bps"": 1.5}",27,0.992,0.5926,0.0074,29,3.31,0.0277,3.969,False
body0.5_reg50wit_streak2_m15_confirm_h4_atrx1.0,perturbation,cost_bps=0.0,body0.5_reg50wit_streak2_m15_confirm_h4_atrx1.0,"{""signal"": {""type"": ""prev_color""}, ""filters"": [{""type"": ""body_atr"", ""min"": 0.5, ""atr_n"": 14}, {""type"": ""regime"", ""ma_n"": 50, ""side"": ""with""}, {""type"": ""min_streak"", ""k"": 2}], ""entry"": {""type"": ""m15_confirm""}, ""stop"": {""type"": ""h4_atr"", ""mult"": 1.0, ""atr_n"": 14}, ""exit"": {""type"": ""h4_close""}, ""cost_model"": ""spread"", ""cost_bps"": 0.0}",27,2.732,0.7037,0.0134,29,3.31,0.0277,3.969,False
body0.5_reg50wit_streak2_m15_confirm_h4_atrx1.0,perturbation,cost_bps=0.5,body0.5_reg50wit_streak2_m15_confirm_h4_atrx1.0,"{""signal"": {""type"": ""prev_color""}, ""filters"": [{""type"": ""body_atr"", ""min"": 0.5, ""atr_n"": 14}, {""type"": ""regime"", ""ma_n"": 50, ""side"": ""with""}, {""type"": ""min_streak"", ""k"": 2}], ""entry"": {""type"": ""m15_confirm""}, ""stop"": {""type"": ""h4_atr"", ""mult"": 1.0, ""atr_n"": 14}, ""exit"": {""type"": ""h4_close""}, ""cost_model"": ""spread"", ""cost_bps"": 0.5}",27,2.135,0.7037,0.0114,29,3.31,0.0277,3.969,False
body0.5_reg50wit_streak2_m15_confirm_h4_atrx1.0,perturbation,cost_bps=1.0,body0.5_reg50wit_streak2_m15_confirm_h4_atrx1.0,"{""signal"": {""type"": ""prev_color""}, ""filters"": [{""type"": ""body_atr"", ""min"": 0.5, ""atr_n"": 14}, {""type"": ""regime"", ""ma_n"": 50, ""side"": ""with""}, {""type"": ""min_streak"", ""k"": 2}], ""entry"": {""type"": ""m15_confirm""}, ""stop"": {""type"": ""h4_atr"", ""mult"": 1.0, ""atr_n"": 14}, ""exit"": {""type"": ""h4_close""}, ""cost_model"": ""spread"", ""cost_bps"": 1.0}",27,1.541,0.5926,0.0093,29,3.31,0.0277,3.969,False
body0.5_reg50wit_streak2_m15_confirm_h4_atrx1.0,perturbation,cost_bps=2.0,body0.5_reg50wit_streak2_m15_confirm_h4_atrx1.0,"{""signal"": {""type"": ""prev_color""}, ""filters"": [{""type"": ""body_atr"", ""min"": 0.5, ""atr_n"": 14}, {""type"": ""regime"", ""ma_n"": 50, ""side"": ""with""}, {""type"": ""min_streak"", ""k"": 2}], ""entry"": {""type"": ""m15_confirm""}, ""stop"": {""type"": ""h4_atr"", ""mult"": 1.0, ""atr_n"": 14}, ""exit"": {""type"": ""h4_close""}, ""cost_model"": ""spread"", ""cost_bps"": 2.0}",27,0.444,0.5926,0.0054,29,3.31,0.0277,3.969,False
body0.5_reg50wit_streak2_m15_confirm_h4_atrx1.0,perturbation,cost_bps=3.0,body0.5_reg50wit_streak2_m15_confirm_h4_atrx1.0,"{""signal"": {""type"": ""prev_color""}, ""filters"": [{""type"": ""body_atr"", ""min"": 0.5, ""atr_n"": 14}, {""type"": ""regime"", ""ma_n"": 50, ""side"": ""with""}, {""type"": ""min_streak"", ""k"": 2}], ""entry"": {""type"": ""m15_confirm""}, ""stop"": {""type"": ""h4_atr"", ""mult"": 1.0, ""atr_n"": 14}, ""exit"": {""type"": ""h4_close""}, ""cost_model"": ""spread"", ""cost_bps"": 3.0}",27,-0.573,0.4074,0.0014,29,3.31,0.0277,3.969,False
body0.5_reg50wit_streak2_m15_confirm_h4_atrx1.0,perturbation,cost_bps=5.0,body0.5_reg50wit_streak2_m15_confirm_h4_atrx1.0,"{""signal"": {""type"": ""prev_color""}, ""filters"": [{""type"": ""body_atr"", ""min"": 0.5, ""atr_n"": 14}, {""type"": ""regime"", ""ma_n"": 50, ""side"": ""with""}, {""type"": ""min_streak"", ""k"": 2}], ""entry"": {""type"": ""m15_confirm""}, ""stop"": {""type"": ""h4_atr"", ""mult"": 1.0, ""atr_n"": 14}, ""exit"": {""type"": ""h4_close""}, ""cost_model"": ""spread"", ""cost_bps"": 5.0}",27,-3.027,0.3333,-0.0065,29,3.31,0.0277,3.969,False
body0.5_reg50wit_streak2_m15_confirm_h4_atrx1.0,perturbation,body_atr.min=0.0,body0.5_reg50wit_streak2_m15_confirm_h4_atrx1.0,"{""signal"": {""type"": ""prev_color""}, ""filters"": [{""type"": ""body_atr"", ""min"": 0.0, ""atr_n"": 14}, {""type"": ""regime"", ""ma_n"": 50, ""side"": ""with""}, {""type"": ""min_streak"", ""k"": 2}], ""entry"": {""type"": ""m15_confirm""}, ""stop"": {""type"": ""h4_atr"", ""mult"": 1.0, ""atr_n"": 14}, ""exit"": {""type"": ""h4_close""}, ""cost_model"": ""spread"", ""cost_bps"": 1.5}",27,0.414,0.5556,0.0022,78,8.9,0.0291,1.965,False
body0.5_reg50wit_streak2_m15_confirm_h4_atrx1.0,perturbation,body_atr.min=0.3,body0.5_reg50wit_streak2_m15_confirm_h4_atrx1.0,"{""signal"": {""type"": ""prev_color""}, ""filters"": [{""type"": ""body_atr"", ""min"": 0.3, ""atr_n"": 14}, {""type"": ""regime"", ""ma_n"": 50, ""side"": ""with""}, {""type"": ""min_streak"", ""k"": 2}], ""entry"": {""type"": ""m15_confirm""}, ""stop"": {""type"": ""h4_atr"", ""mult"": 1.0, ""atr_n"": 14}, ""exit"": {""type"": ""h4_close""}, ""cost_model"": ""spread"", ""cost_bps"": 1.5}",27,0.905,0.5556,0.0089,47,5.36,0.0045,0.602,False
body0.5_reg50wit_streak2_m15_confirm_h4_atrx1.0,perturbation,body_atr.min=0.7,body0.5_reg50wit_streak2_m15_confirm_h4_atrx1.0,"{""signal"": {""type"": ""prev_color""}, ""filters"": [{""type"": ""body_atr"", ""min"": 0.7, ""atr_n"": 14}, {""type"": ""regime"", ""ma_n"": 50, ""side"": ""with""}, {""type"": ""min_streak"", ""k"": 2}], ""entry"": {""type"": ""m15_confirm""}, ""stop"": {""type"": ""h4_atr"", ""mult"": 1.0, ""atr_n"": 14}, ""exit"": {""type"": ""h4_close""}, ""cost_model"": ""spread"", ""cost_bps"": 1.5}",27,1.386,0.5926,0.005,17,1.94,0.0442,10.676,False
body0.5_reg50wit_streak2_m15_confirm_h4_atrx1.0,perturbation,body_atr.min=0.9,body0.5_reg50wit_streak2_m15_confirm_h4_atrx1.0,"{""signal"": {""type"": ""prev_color""}, ""filters"": [{""type"": ""body_atr"", ""min"": 0.9, ""atr_n"": 14}, {""type"": ""regime"", ""ma_n"": 50, ""side"": ""with""}, {""type"": ""min_streak"", ""k"": 2}], ""entry"": {""type"": ""m15_confirm""}, ""stop"": {""type"": ""h4_atr"", ""mult"": 1.0, ""atr_n"": 14}, ""exit"": {""type"": ""h4_close""}, ""cost_model"": ""spread"", ""cost_bps"": 1.5}",27,0.771,0.5556,0.0026,9,1.03,0.0105,5.684,False
body0.5_reg50wit_streak2_m15_confirm_h4_atrx1.0,perturbation,body_atr.min=1.2,body0.5_reg50wit_streak2_m15_confirm_h4_atrx1.0,"{""signal"": {""type"": ""prev_color""}, ""filters"": [{""type"": ""body_atr"", ""min"": 1.2, ""atr_n"": 14}, {""type"": ""regime"", ""ma_n"": 50, ""side"": ""with""}, {""type"": ""min_streak"", ""k"": 2}], ""entry"": {""type"": ""m15_confirm""}, ""stop"": {""type"": ""h4_atr"", ""mult"": 1.0, ""atr_n"": 14}, ""exit"": {""type"": ""h4_close""}, ""cost_model"": ""spread"", ""cost_bps"": 1.5}",27,5.624,0.5556,0.0046,5,0.57,0.0156,13.241,False
body0.5_reg50wit_streak2_m15_confirm_h4_atrx1.0,perturbation,body_atr.atr_n=7,body0.5_reg50wit_streak2_m15_confirm_h4_atrx1.0,"{""signal"": {""type"": ""prev_color""}, ""filters"": [{""type"": ""body_atr"", ""min"": 0.5, ""atr_n"": 7}, {""type"": ""regime"", ""ma_n"": 50, ""side"": ""with""}, {""type"": ""min_streak"", ""k"": 2}], ""entry"": {""type"": ""m15_confirm""}, ""stop"": {""type"": ""h4_atr"", ""mult"": 1.0, ""atr_n"": 14}, ""exit"": {""type"": ""h4_close""}, ""cost_model"": ""spread"", ""cost_bps"": 1.5}",27,0.868,0.5556,0.0057,27,3.08,0.0622,10.135,False
body0.5_reg50wit_streak2_m15_confirm_h4_atrx1.0,perturbation,body_atr.atr_n=10,body0.5_reg50wit_streak2_m15_confirm_h4_atrx1.0,"{""signal"": {""type"": ""prev_color""}, ""filters"": [{""type"": ""body_atr"", ""min"": 0.5, ""atr_n"": 10}, {""type"": ""regime"", ""ma_n"": 50, ""side"": ""with""}, {""type"": ""min_streak"", ""k"": 2}], ""entry"": {""type"": ""m15_confirm""}, ""stop"": {""type"": ""h4_atr"", ""mult"": 1.0, ""atr_n"": 14}, ""exit"": {""type"": ""h4_close""}, ""cost_model"": ""spread"", ""cost_bps"": 1.5}",27,2.121,0.5926,0.0064,29,3.31,0.0226,3.3,False
body0.5_reg50wit_streak2_m15_confirm_h4_atrx1.0,perturbation,body_atr.atr_n=21,body0.5_reg50wit_streak2_m15_confirm_h4_atrx1.0,"{""signal"": {""type"": ""prev_color""}, ""filters"": [{""type"": ""body_atr"", ""min"": 0.5, ""atr_n"": 21}, {""type"": ""regime"", ""ma_n"": 50, ""side"": ""with""}, {""type"": ""min_streak"", ""k"": 2}], ""entry"": {""type"": ""m15_confirm""}, ""stop"": {""type"": ""h4_atr"", ""mult"": 1.0, ""atr_n"": 14}, ""exit"": {""type"": ""h4_close""}, ""cost_model"": ""spread"", ""cost_bps"": 1.5}",27,1.181,0.5926,0.008,30,3.42,0.0432,5.782,True
body0.5_reg50wit_streak2_m15_confirm_h4_atrx1.0,perturbation,regime.ma_n=20,body0.5_reg50wit_streak2_m15_confirm_h4_atrx1.0,"{""signal"": {""type"": ""prev_color""}, ""filters"": [{""type"": ""body_atr"", ""min"": 0.5, ""atr_n"": 14}, {""type"": ""regime"", ""ma_n"": 20, ""side"": ""with""}, {""type"": ""min_streak"", ""k"": 2}], ""entry"": {""type"": ""m15_confirm""}, ""stop"": {""type"": ""h4_atr"", ""mult"": 1.0, ""atr_n"": 14}, ""exit"": {""type"": ""h4_close""}, ""cost_model"": ""spread"", ""cost_bps"": 1.5}",27,-0.048,0.4815,0.0069,34,3.88,0.0167,2.182,False
body0.5_reg50wit_streak2_m15_confirm_h4_atrx1.0,perturbation,regime.ma_n=30,body0.5_reg50wit_streak2_m15_confirm_h4_atrx1.0,"{""signal"": {""type"": ""prev_color""}, ""filters"": [{""type"": ""body_atr"", ""min"": 0.5, ""atr_n"": 14}, {""type"": ""regime"", ""ma_n"": 30, ""side"": ""with""}, {""type"": ""min_streak"", ""k"": 2}], ""entry"": {""type"": ""m15_confirm""}, ""stop"": {""type"": ""h4_atr"", ""mult"": 1.0, ""atr_n"": 14}, ""exit"": {""type"": ""h4_close""}, ""cost_model"": ""spread"", ""cost_bps"": 1.5}",27,0.444,0.5185,0.0084,32,3.65,0.0187,2.569,False
body0.5_reg50wit_streak2_m15_confirm_h4_atrx1.0,perturbation,regime.ma_n=80,body0.5_reg50wit_streak2_m15_confirm_h4_atrx1.0,"{""signal"": {""type"": ""prev_color""}, ""filters"": [{""type"": ""body_atr"", ""min"": 0.5, ""atr_n"": 14}, {""type"": ""regime"", ""ma_n"": 80, ""side"": ""with""}, {""type"": ""min_streak"", ""k"": 2}], ""entry"": {""type"": ""m15_confirm""}, ""stop"": {""type"": ""h4_atr"", ""mult"": 1.0, ""atr_n"": 14}, ""exit"": {""type"": ""h4_close""}, ""cost_model"": ""spread"", ""cost_bps"": 1.5}",27,0.31,0.5185,0.0055,28,3.2,-0.0082,-0.97,False
body0.5_reg50wit_streak2_m15_confirm_h4_atrx1.0,perturbation,regime.ma_n=100,body0.5_reg50wit_streak2_m15_confirm_h4_atrx1.0,"{""signal"": {""type"": ""prev_color""}, ""filters"": [{""type"": ""body_atr"", ""min"": 0.5, ""atr_n"": 14}, {""type"": ""regime"", ""ma_n"": 100, ""side"": ""with""}, {""type"": ""min_streak"", ""k"": 2}], ""entry"": {""type"": ""m15_confirm""}, ""stop"": {""type"": ""h4_atr"", ""mult"": 1.0, ""atr_n"": 14}, ""exit"": {""type"": ""h4_close""}, ""cost_model"": ""spread"", ""cost_bps"": 1.5}",27,-0.966,0.4444,0.0044,24,2.74,0.0109,1.881,False
body0.5_reg50wit_streak2_m15_confirm_h4_atrx1.0,perturbation,regime.ma_n=150,body0.5_reg50wit_streak2_m15_confirm_h4_atrx1.0,"{""signal"": {""type"": ""prev_color""}, ""filters"": [{""type"": ""body_atr"", ""min"": 0.5, ""atr_n"": 14}, {""type"": ""regime"", ""ma_n"": 150, ""side"": ""with""}, {""type"": ""min_streak"", ""k"": 2}], ""entry"": {""type"": ""m15_confirm""}, ""stop"": {""type"": ""h4_atr"", ""mult"": 1.0, ""atr_n"": 14}, ""exit"": {""type"": ""h4_close""}, ""cost_model"": ""spread"", ""cost_bps"": 1.5}",27,0.339,0.5185,0.0042,15,1.71,0.0089,2.037,False
body0.5_reg50wit_streak2_m15_confirm_h4_atrx1.0,perturbation,stop=none,body0.5_reg50wit_streak2_m15_confirm_h4_atrx1.0,"{""signal"": {""type"": ""prev_color""}, ""filters"": [{""type"": ""body_atr"", ""min"": 0.5, ""atr_n"": 14}, {""type"": ""regime"", ""ma_n"": 50, ""side"": ""with""}, {""type"": ""min_streak"", ""k"": 2}], ""entry"": {""type"": ""m15_confirm""}, ""stop"": {""type"": ""none""}, ""exit"": {""type"": ""h4_close""}, ""cost_model"": ""spread"", ""cost_bps"": 1.5}",27,0.359,0.5556,0.0075,29,3.31,0.0214,2.633,False
body0.5_reg50wit_streak2_m15_confirm_h4_atrx1.0,perturbation,stop=prev_h4_open,body0.5_reg50wit_streak2_m15_confirm_h4_atrx1.0,"{""signal"": {""type"": ""prev_color""}, ""filters"": [{""type"": ""body_atr"", ""min"": 0.5, ""atr_n"": 14}, {""type"": ""regime"", ""ma_n"": 50, ""side"": ""with""}, {""type"": ""min_streak"", ""k"": 2}], ""entry"": {""type"": ""m15_confirm""}, ""stop"": {""type"": ""prev_h4_open""}, ""exit"": {""type"": ""h4_close""}, ""cost_model"": ""spread"", ""cost_bps"": 1.5}",27,0.359,0.5556,0.0075,29,3.31,0.0538,8.6,False
body0.5_reg50wit_streak2_m15_confirm_h4_atrx1.0,perturbation,stop=prev_h4_extreme,body0.5_reg50wit_streak2_m15_confirm_h4_atrx1.0,"{""signal"": {""type"": ""prev_color""}, ""filters"": [{""type"": ""body_atr"", ""min"": 0.5, ""atr_n"": 14}, {""type"": ""regime"", ""ma_n"": 50, ""side"": ""with""}, {""type"": ""min_streak"", ""k"": 2}], ""entry"": {""type"": ""m15_confirm""}, ""stop"": {""type"": ""prev_h4_extreme""}, ""exit"": {""type"": ""h4_close""}, ""cost_model"": ""spread"", ""cost_bps"": 1.5}",27,0.359,0.5556,0.0075,29,3.31,0.0522,8.312,False
body0.5_reg50wit_streak2_m15_confirm_h4_atrx1.0,attribution,drop_body_atr,body0.5_reg50wit_streak2_m15_confirm_h4_atrx1.0,"{""signal"": {""type"": ""prev_color""}, ""filters"": [{""type"": ""regime"", ""ma_n"": 50, ""side"": ""with""}, {""type"": ""min_streak"", ""k"": 2}], ""entry"": {""type"": ""m15_confirm""}, ""stop"": {""type"": ""h4_atr"", ""mult"": 1.0, ""atr_n"": 14}, ""exit"": {""type"": ""h4_close""}, ""cost_model"": ""spread"", ""cost_bps"": 1.5}",27,0.414,0.5556,0.0022,78,8.9,0.0291,1.965,False
body0.5_reg50wit_streak2_m15_confirm_h4_atrx1.0,attribution,drop_min_streak,body0.5_reg50wit_streak2_m15_confirm_h4_atrx1.0,"{""signal"": {""type"": ""prev_color""}, ""filters"": [{""type"": ""body_atr"", ""min"": 0.5, ""atr_n"": 14}, {""type"": ""regime"", ""ma_n"": 50, ""side"": ""with""}], ""entry"": {""type"": ""m15_confirm""}, ""stop"": {""type"": ""h4_atr"", ""mult"": 1.0, ""atr_n"": 14}, ""exit"": {""type"": ""h4_close""}, ""cost_model"": ""spread"", ""cost_bps"": 1.5}",27,-0.074,0.4815,0.0022,52,5.93,0.009,0.966,False
body0.5_reg50wit_streak2_m15_confirm_h4_atrx1.0,attribution,drop_regime,body0.5_reg50wit_streak2_m15_confirm_h4_atrx1.0,"{""signal"": {""type"": ""prev_color""}, ""filters"": [{""type"": ""body_atr"", ""min"": 0.5, ""atr_n"": 14}, {""type"": ""min_streak"", ""k"": 2}], ""entry"": {""type"": ""m15_confirm""}, ""stop"": {""type"": ""h4_atr"", ""mult"": 1.0, ""atr_n"": 14}, ""exit"": {""type"": ""h4_close""}, ""cost_model"": ""spread"", ""cost_bps"": 1.5}",27,-0.21,0.4815,0.0043,46,5.25,0.0349,3.047,False
body0.5_reg50wit_streak2_m15_confirm_h4_atrx1.0,attribution,drop_ALL_filters,body0.5_reg50wit_streak2_m15_confirm_h4_atrx1.0,"{""signal"": {""type"": ""prev_color""}, ""filters"": [], ""entry"": {""type"": ""m15_confirm""}, ""stop"": {""type"": ""h4_atr"", ""mult"": 1.0, ""atr_n"": 14}, ""exit"": {""type"": ""h4_close""}, ""cost_model"": ""spread"", ""cost_bps"": 1.5}",27,-1.775,0.3333,-0.0297,260,29.67,-0.0973,-1.478,False
body0.5_reg50wit_streak2_m15_confirm_h4_atrx1.0,coverage,coverage_ma_n=30,body0.5_reg50wit_streak2_m15_confirm_h4_atrx1.0,"{""signal"": {""type"": ""prev_color""}, ""filters"": [{""type"": ""body_atr"", ""min"": 0.5, ""atr_n"": 14}, {""type"": ""regime"", ""ma_n"": 30, ""side"": ""with""}, {""type"": ""min_streak"", ""k"": 2}], ""entry"": {""type"": ""m15_confirm""}, ""stop"": {""type"": ""h4_atr"", ""mult"": 1.0, ""atr_n"": 14}, ""exit"": {""type"": ""h4_close""}, ""cost_model"": ""spread"", ""cost_bps"": 1.5}",27,0.444,0.5185,0.0084,32,3.65,0.0187,2.569,False
body0.5_reg50wit_streak2_m15_confirm_h4_atrx1.0,coverage,coverage_ma_n=80,body0.5_reg50wit_streak2_m15_confirm_h4_atrx1.0,"{""signal"": {""type"": ""prev_color""}, ""filters"": [{""type"": ""body_atr"", ""min"": 0.5, ""atr_n"": 14}, {""type"": ""regime"", ""ma_n"": 80, ""side"": ""with""}, {""type"": ""min_streak"", ""k"": 2}], ""entry"": {""type"": ""m15_confirm""}, ""stop"": {""type"": ""h4_atr"", ""mult"": 1.0, ""atr_n"": 14}, ""exit"": {""type"": ""h4_close""}, ""cost_model"": ""spread"", ""cost_bps"": 1.5}",27,0.31,0.5185,0.0055,28,3.2,-0.0082,-0.97,False
body0.5_reg50wit_streak2_m15_confirm_h4_atrx1.0,coverage,coverage_ma_n=100,body0.5_reg50wit_streak2_m15_confirm_h4_atrx1.0,"{""signal"": {""type"": ""prev_color""}, ""filters"": [{""type"": ""body_atr"", ""min"": 0.5, ""atr_n"": 14}, {""type"": ""regime"", ""ma_n"": 100, ""side"": ""with""}, {""type"": ""min_streak"", ""k"": 2}], ""entry"": {""type"": ""m15_confirm""}, ""stop"": {""type"": ""h4_atr"", ""mult"": 1.0, ""atr_n"": 14}, ""exit"": {""type"": ""h4_close""}, ""cost_model"": ""spread"", ""cost_bps"": 1.5}",27,-0.966,0.4444,0.0044,24,2.74,0.0109,1.881,False
body0.5_reg50wit_streak2_m15_confirm_h4_atrx1.0,coverage,coverage_body_atr.min=0.3,body0.5_reg50wit_streak2_m15_confirm_h4_atrx1.0,"{""signal"": {""type"": ""prev_color""}, ""filters"": [{""type"": ""body_atr"", ""min"": 0.3, ""atr_n"": 14}, {""type"": ""regime"", ""ma_n"": 50, ""side"": ""with""}, {""type"": ""min_streak"", ""k"": 2}], ""entry"": {""type"": ""m15_confirm""}, ""stop"": {""type"": ""h4_atr"", ""mult"": 1.0, ""atr_n"": 14}, ""exit"": {""type"": ""h4_close""}, ""cost_model"": ""spread"", ""cost_bps"": 1.5}",27,0.905,0.5556,0.0089,47,5.36,0.0045,0.602,False
body0.5_reg50wit_streak2_m15_confirm_h4_atrx1.0,coverage,coverage_body_atr.min=0.7,body0.5_reg50wit_streak2_m15_confirm_h4_atrx1.0,"{""signal"": {""type"": ""prev_color""}, ""filters"": [{""type"": ""body_atr"", ""min"": 0.7, ""atr_n"": 14}, {""type"": ""regime"", ""ma_n"": 50, ""side"": ""with""}, {""type"": ""min_streak"", ""k"": 2}], ""entry"": {""type"": ""m15_confirm""}, ""stop"": {""type"": ""h4_atr"", ""mult"": 1.0, ""atr_n"": 14}, ""exit"": {""type"": ""h4_close""}, ""cost_model"": ""spread"", ""cost_bps"": 1.5}",27,1.386,0.5926,0.005,17,1.94,0.0442,10.676,False
body0.5_reg50wit_streak2_m15_atr_stop,baseline,baseline,body0.5_reg50wit_streak2_m15_atr_stop,"{""signal"": {""type"": ""prev_color""}, ""filters"": [{""type"": ""body_atr"", ""min"": 0.5, ""atr_n"": 14}, {""type"": ""regime"", ""ma_n"": 50, ""side"": ""with""}, {""type"": ""min_streak"", ""k"": 2}], ""entry"": {""type"": ""m15_atr_stop""}, ""stop"": {""type"": ""none""}, ""exit"": {""type"": ""h4_close""}, ""cost_model"": ""spread"", ""cost_bps"": 1.5}",27,0.359,0.5556,0.0075,29,3.31,0.0618,10.78,False
body0.5_reg50wit_streak2_m15_atr_stop,perturbation,cost_bps=0.0,body0.5_reg50wit_streak2_m15_atr_stop,"{""signal"": {""type"": ""prev_color""}, ""filters"": [{""type"": ""body_atr"", ""min"": 0.5, ""atr_n"": 14}, {""type"": ""regime"", ""ma_n"": 50, ""side"": ""with""}, {""type"": ""min_streak"", ""k"": 2}], ""entry"": {""type"": ""m15_atr_stop""}, ""stop"": {""type"": ""none""}, ""exit"": {""type"": ""h4_close""}, ""cost_model"": ""spread"", ""cost_bps"": 0.0}",27,1.77,0.6667,0.0135,29,3.31,0.0618,10.78,False
body0.5_reg50wit_streak2_m15_atr_stop,perturbation,cost_bps=0.5,body0.5_reg50wit_streak2_m15_atr_stop,"{""signal"": {""type"": ""prev_color""}, ""filters"": [{""type"": ""body_atr"", ""min"": 0.5, ""atr_n"": 14}, {""type"": ""regime"", ""ma_n"": 50, ""side"": ""with""}, {""type"": ""min_streak"", ""k"": 2}], ""entry"": {""type"": ""m15_atr_stop""}, ""stop"": {""type"": ""none""}, ""exit"": {""type"": ""h4_close""}, ""cost_model"": ""spread"", ""cost_bps"": 0.5}",27,1.218,0.6667,0.0115,29,3.31,0.0618,10.78,False
body0.5_reg50wit_streak2_m15_atr_stop,perturbation,cost_bps=1.0,body0.5_reg50wit_streak2_m15_atr_stop,"{""signal"": {""type"": ""prev_color""}, ""filters"": [{""type"": ""body_atr"", ""min"": 0.5, ""atr_n"": 14}, {""type"": ""regime"", ""ma_n"": 50, ""side"": ""with""}, {""type"": ""min_streak"", ""k"": 2}], ""entry"": {""type"": ""m15_atr_stop""}, ""stop"": {""type"": ""none""}, ""exit"": {""type"": ""h4_close""}, ""cost_model"": ""spread"", ""cost_bps"": 1.0}",27,0.787,0.5926,0.0095,29,3.31,0.0618,10.78,False
body0.5_reg50wit_streak2_m15_atr_stop,perturbation,cost_bps=2.0,body0.5_reg50wit_streak2_m15_atr_stop,"{""signal"": {""type"": ""prev_color""}, ""filters"": [{""type"": ""body_atr"", ""min"": 0.5, ""atr_n"": 14}, {""type"": ""regime"", ""ma_n"": 50, ""side"": ""with""}, {""type"": ""min_streak"", ""k"": 2}], ""entry"": {""type"": ""m15_atr_stop""}, ""stop"": {""type"": ""none""}, ""exit"": {""type"": ""h4_close""}, ""cost_model"": ""spread"", ""cost_bps"": 2.0}",27,-0.068,0.4444,0.0055,29,3.31,0.0618,10.78,False
body0.5_reg50wit_streak2_m15_atr_stop,perturbation,cost_bps=3.0,body0.5_reg50wit_streak2_m15_atr_stop,"{""signal"": {""type"": ""prev_color""}, ""filters"": [{""type"": ""body_atr"", ""min"": 0.5, ""atr_n"": 14}, {""type"": ""regime"", ""ma_n"": 50, ""side"": ""with""}, {""type"": ""min_streak"", ""k"": 2}], ""entry"": {""type"": ""m15_atr_stop""}, ""stop"": {""type"": ""none""}, ""exit"": {""type"": ""h4_close""}, ""cost_model"": ""spread"", ""cost_bps"": 3.0}",27,-0.923,0.4074,0.0015,29,3.31,0.0618,10.78,False
body0.5_reg50wit_streak2_m15_atr_stop,perturbation,cost_bps=5.0,body0.5_reg50wit_streak2_m15_atr_stop,"{""signal"": {""type"": ""prev_color""}, ""filters"": [{""type"": ""body_atr"", ""min"": 0.5, ""atr_n"": 14}, {""type"": ""regime"", ""ma_n"": 50, ""side"": ""with""}, {""type"": ""min_streak"", ""k"": 2}], ""entry"": {""type"": ""m15_atr_stop""}, ""stop"": {""type"": ""none""}, ""exit"": {""type"": ""h4_close""}, ""cost_model"": ""spread"", ""cost_bps"": 5.0}",27,-3.304,0.4074,-0.0063,29,3.31,0.0618,10.78,False
body0.5_reg50wit_streak2_m15_atr_stop,perturbation,body_atr.min=0.0,body0.5_reg50wit_streak2_m15_atr_stop,"{""signal"": {""type"": ""prev_color""}, ""filters"": [{""type"": ""body_atr"", ""min"": 0.0, ""atr_n"": 14}, {""type"": ""regime"", ""ma_n"": 50, ""side"": ""with""}, {""type"": ""min_streak"", ""k"": 2}], ""entry"": {""type"": ""m15_atr_stop""}, ""stop"": {""type"": ""none""}, ""exit"": {""type"": ""h4_close""}, ""cost_model"": ""spread"", ""cost_bps"": 1.5}",27,0.828,0.5556,0.0025,78,8.9,0.0209,1.731,False
body0.5_reg50wit_streak2_m15_atr_stop,perturbation,body_atr.min=0.3,body0.5_reg50wit_streak2_m15_atr_stop,"{""signal"": {""type"": ""prev_color""}, ""filters"": [{""type"": ""body_atr"", ""min"": 0.3, ""atr_n"": 14}, {""type"": ""regime"", ""ma_n"": 50, ""side"": ""with""}, {""type"": ""min_streak"", ""k"": 2}], ""entry"": {""type"": ""m15_atr_stop""}, ""stop"": {""type"": ""none""}, ""exit"": {""type"": ""h4_close""}, ""cost_model"": ""spread"", ""cost_bps"": 1.5}",27,0.719,0.5556,0.0087,47,5.36,0.0535,6.521,False
body0.5_reg50wit_streak2_m15_atr_stop,perturbation,body_atr.min=0.7,body0.5_reg50wit_streak2_m15_atr_stop,"{""signal"": {""type"": ""prev_color""}, ""filters"": [{""type"": ""body_atr"", ""min"": 0.7, ""atr_n"": 14}, {""type"": ""regime"", ""ma_n"": 50, ""side"": ""with""}, {""type"": ""min_streak"", ""k"": 2}], ""entry"": {""type"": ""m15_atr_stop""}, ""stop"": {""type"": ""none""}, ""exit"": {""type"": ""h4_close""}, ""cost_model"": ""spread"", ""cost_bps"": 1.5}",27,0.476,0.5926,0.0047,17,1.94,0.0565,17.251,False
body0.5_reg50wit_streak2_m15_atr_stop,perturbation,body_atr.min=0.9,body0.5_reg50wit_streak2_m15_atr_stop,"{""signal"": {""type"": ""prev_color""}, ""filters"": [{""type"": ""body_atr"", ""min"": 0.9, ""atr_n"": 14}, {""type"": ""regime"", ""ma_n"": 50, ""side"": ""with""}, {""type"": ""min_streak"", ""k"": 2}], ""entry"": {""type"": ""m15_atr_stop""}, ""stop"": {""type"": ""none""}, ""exit"": {""type"": ""h4_close""}, ""cost_model"": ""spread"", ""cost_bps"": 1.5}",27,1.465,0.5926,0.0029,9,1.03,0.0436,26.648,False
body0.5_reg50wit_streak2_m15_atr_stop,perturbation,body_atr.min=1.2,body0.5_reg50wit_streak2_m15_atr_stop,"{""signal"": {""type"": ""prev_color""}, ""filters"": [{""type"": ""body_atr"", ""min"": 1.2, ""atr_n"": 14}, {""type"": ""regime"", ""ma_n"": 50, ""side"": ""with""}, {""type"": ""min_streak"", ""k"": 2}], ""entry"": {""type"": ""m15_atr_stop""}, ""stop"": {""type"": ""none""}, ""exit"": {""type"": ""h4_close""}, ""cost_model"": ""spread"", ""cost_bps"": 1.5}",27,3.135,0.5926,0.0052,5,0.57,0.026,20.966,False
body0.5_reg50wit_streak2_m15_atr_stop,perturbation,body_atr.atr_n=7,body0.5_reg50wit_streak2_m15_atr_stop,"{""signal"": {""type"": ""prev_color""}, ""filters"": [{""type"": ""body_atr"", ""min"": 0.5, ""atr_n"": 7}, {""type"": ""regime"", ""ma_n"": 50, ""side"": ""with""}, {""type"": ""min_streak"", ""k"": 2}], ""entry"": {""type"": ""m15_atr_stop""}, ""stop"": {""type"": ""none""}, ""exit"": {""type"": ""h4_close""}, ""cost_model"": ""spread"", ""cost_bps"": 1.5}",27,-0.324,0.4815,0.0058,27,3.08,0.0811,14.785,False
body0.5_reg50wit_streak2_m15_atr_stop,perturbation,body_atr.atr_n=10,body0.5_reg50wit_streak2_m15_atr_stop,"{""signal"": {""type"": ""prev_color""}, ""filters"": [{""type"": ""body_atr"", ""min"": 0.5, ""atr_n"": 10}, {""type"": ""regime"", ""ma_n"": 50, ""side"": ""with""}, {""type"": ""min_streak"", ""k"": 2}], ""entry"": {""type"": ""m15_atr_stop""}, ""stop"": {""type"": ""none""}, ""exit"": {""type"": ""h4_close""}, ""cost_model"": ""spread"", ""cost_bps"": 1.5}",27,1.44,0.5556,0.0065,29,3.31,0.0498,8.767,False
body0.5_reg50wit_streak2_m15_atr_stop,perturbation,body_atr.atr_n=21,body0.5_reg50wit_streak2_m15_atr_stop,"{""signal"": {""type"": ""prev_color""}, ""filters"": [{""type"": ""body_atr"", ""min"": 0.5, ""atr_n"": 21}, {""type"": ""regime"", ""ma_n"": 50, ""side"": ""with""}, {""type"": ""min_streak"", ""k"": 2}], ""entry"": {""type"": ""m15_atr_stop""}, ""stop"": {""type"": ""none""}, ""exit"": {""type"": ""h4_close""}, ""cost_model"": ""spread"", ""cost_bps"": 1.5}",27,0.828,0.5556,0.0076,30,3.42,0.0798,12.816,True
body0.5_reg50wit_streak2_m15_atr_stop,perturbation,regime.ma_n=20,body0.5_reg50wit_streak2_m15_atr_stop,"{""signal"": {""type"": ""prev_color""}, ""filters"": [{""type"": ""body_atr"", ""min"": 0.5, ""atr_n"": 14}, {""type"": ""regime"", ""ma_n"": 20, ""side"": ""with""}, {""type"": ""min_streak"", ""k"": 2}], ""entry"": {""type"": ""m15_atr_stop""}, ""stop"": {""type"": ""none""}, ""exit"": {""type"": ""h4_close""}, ""cost_model"": ""spread"", ""cost_bps"": 1.5}",27,-0.453,0.4815,0.0066,34,3.88,0.0432,6.873,False
body0.5_reg50wit_streak2_m15_atr_stop,perturbation,regime.ma_n=30,body0.5_reg50wit_streak2_m15_atr_stop,"{""signal"": {""type"": ""prev_color""}, ""filters"": [{""type"": ""body_atr"", ""min"": 0.5, ""atr_n"": 14}, {""type"": ""regime"", ""ma_n"": 30, ""side"": ""with""}, {""type"": ""min_streak"", ""k"": 2}], ""entry"": {""type"": ""m15_atr_stop""}, ""stop"": {""type"": ""none""}, ""exit"": {""type"": ""h4_close""}, ""cost_model"": ""spread"", ""cost_bps"": 1.5}",27,-0.126,0.4815,0.0085,32,3.65,0.0488,8.023,False
body0.5_reg50wit_streak2_m15_atr_stop,perturbation,regime.ma_n=80,body0.5_reg50wit_streak2_m15_atr_stop,"{""signal"": {""type"": ""prev_color""}, ""filters"": [{""type"": ""body_atr"", ""min"": 0.5, ""atr_n"": 14}, {""type"": ""regime"", ""ma_n"": 80, ""side"": ""with""}, {""type"": ""min_streak"", ""k"": 2}], ""entry"": {""type"": ""m15_atr_stop""}, ""stop"": {""type"": ""none""}, ""exit"": {""type"": ""h4_close""}, ""cost_model"": ""spread"", ""cost_bps"": 1.5}",27,-0.126,0.4815,0.0045,28,3.2,0.0287,5.514,False
body0.5_reg50wit_streak2_m15_atr_stop,perturbation,regime.ma_n=100,body0.5_reg50wit_streak2_m15_atr_stop,"{""signal"": {""type"": ""prev_color""}, ""filters"": [{""type"": ""body_atr"", ""min"": 0.5, ""atr_n"": 14}, {""type"": ""regime"", ""ma_n"": 100, ""side"": ""with""}, {""type"": ""min_streak"", ""k"": 2}], ""entry"": {""type"": ""m15_atr_stop""}, ""stop"": {""type"": ""none""}, ""exit"": {""type"": ""h4_close""}, ""cost_model"": ""spread"", ""cost_bps"": 1.5}",27,-0.827,0.4444,0.0039,24,2.74,0.015,3.333,False
body0.5_reg50wit_streak2_m15_atr_stop,perturbation,regime.ma_n=150,body0.5_reg50wit_streak2_m15_atr_stop,"{""signal"": {""type"": ""prev_color""}, ""filters"": [{""type"": ""body_atr"", ""min"": 0.5, ""atr_n"": 14}, {""type"": ""regime"", ""ma_n"": 150, ""side"": ""with""}, {""type"": ""min_streak"", ""k"": 2}], ""entry"": {""type"": ""m15_atr_stop""}, ""stop"": {""type"": ""none""}, ""exit"": {""type"": ""h4_close""}, ""cost_model"": ""spread"", ""cost_bps"": 1.5}",27,-0.126,0.4815,0.004,15,1.71,0.012,3.639,False
body0.5_reg50wit_streak2_m15_atr_stop,perturbation,stop=prev_h4_open,body0.5_reg50wit_streak2_m15_atr_stop,"{""signal"": {""type"": ""prev_color""}, ""filters"": [{""type"": ""body_atr"", ""min"": 0.5, ""atr_n"": 14}, {""type"": ""regime"", ""ma_n"": 50, ""side"": ""with""}, {""type"": ""min_streak"", ""k"": 2}], ""entry"": {""type"": ""m15_atr_stop""}, ""stop"": {""type"": ""prev_h4_open""}, ""exit"": {""type"": ""h4_close""}, ""cost_model"": ""spread"", ""cost_bps"": 1.5}",27,0.359,0.5556,0.0075,29,3.31,0.0618,10.78,False
body0.5_reg50wit_streak2_m15_atr_stop,perturbation,stop=prev_h4_extreme,body0.5_reg50wit_streak2_m15_atr_stop,"{""signal"": {""type"": ""prev_color""}, ""filters"": [{""type"": ""body_atr"", ""min"": 0.5, ""atr_n"": 14}, {""type"": ""regime"", ""ma_n"": 50, ""side"": ""with""}, {""type"": ""min_streak"", ""k"": 2}], ""entry"": {""type"": ""m15_atr_stop""}, ""stop"": {""type"": ""prev_h4_extreme""}, ""exit"": {""type"": ""h4_close""}, ""cost_model"": ""spread"", ""cost_bps"": 1.5}",27,0.359,0.5556,0.0075,29,3.31,0.0618,10.78,False
body0.5_reg50wit_streak2_m15_atr_stop,perturbation,stop=h4_atrx1.0,body0.5_reg50wit_streak2_m15_atr_stop,"{""signal"": {""type"": ""prev_color""}, ""filters"": [{""type"": ""body_atr"", ""min"": 0.5, ""atr_n"": 14}, {""type"": ""regime"", ""ma_n"": 50, ""side"": ""with""}, {""type"": ""min_streak"", ""k"": 2}], ""entry"": {""type"": ""m15_atr_stop""}, ""stop"": {""type"": ""h4_atr"", ""mult"": 1.0, ""atr_n"": 14}, ""exit"": {""type"": ""h4_close""}, ""cost_model"": ""spread"", ""cost_bps"": 1.5}",27,0.992,0.5926,0.0074,29,3.31,0.0618,10.78,False
body0.5_reg50wit_streak2_m15_atr_stop,attribution,drop_body_atr,body0.5_reg50wit_streak2_m15_atr_stop,"{""signal"": {""type"": ""prev_color""}, ""filters"": [{""type"": ""regime"", ""ma_n"": 50, ""side"": ""with""}, {""type"": ""min_streak"", ""k"": 2}], ""entry"": {""type"": ""m15_atr_stop""}, ""stop"": {""type"": ""none""}, ""exit"": {""type"": ""h4_close""}, ""cost_model"": ""spread"", ""cost_bps"": 1.5}",27,0.828,0.5556,0.0025,78,8.9,0.0209,1.731,False
body0.5_reg50wit_streak2_m15_atr_stop,attribution,drop_min_streak,body0.5_reg50wit_streak2_m15_atr_stop,"{""signal"": {""type"": ""prev_color""}, ""filters"": [{""type"": ""body_atr"", ""min"": 0.5, ""atr_n"": 14}, {""type"": ""regime"", ""ma_n"": 50, ""side"": ""with""}], ""entry"": {""type"": ""m15_atr_stop""}, ""stop"": {""type"": ""none""}, ""exit"": {""type"": ""h4_close""}, ""cost_model"": ""spread"", ""cost_bps"": 1.5}",27,1.042,0.5926,0.0039,52,5.93,0.0611,6.844,False
body0.5_reg50wit_streak2_m15_atr_stop,attribution,drop_regime,body0.5_reg50wit_streak2_m15_atr_stop,"{""signal"": {""type"": ""prev_color""}, ""filters"": [{""type"": ""body_atr"", ""min"": 0.5, ""atr_n"": 14}, {""type"": ""min_streak"", ""k"": 2}], ""entry"": {""type"": ""m15_atr_stop""}, ""stop"": {""type"": ""none""}, ""exit"": {""type"": ""h4_close""}, ""cost_model"": ""spread"", ""cost_bps"": 1.5}",27,-0.508,0.4444,0.0046,46,5.25,0.0694,6.968,False
body0.5_reg50wit_streak2_m15_atr_stop,attribution,drop_ALL_filters,body0.5_reg50wit_streak2_m15_atr_stop,"{""signal"": {""type"": ""prev_color""}, ""filters"": [], ""entry"": {""type"": ""m15_atr_stop""}, ""stop"": {""type"": ""none""}, ""exit"": {""type"": ""h4_close""}, ""cost_model"": ""spread"", ""cost_bps"": 1.5}",27,-1.389,0.2593,-0.033,260,29.67,-0.0312,-0.518,False
body0.5_reg50wit_streak2_m15_atr_stop,coverage,coverage_ma_n=30,body0.5_reg50wit_streak2_m15_atr_stop,"{""signal"": {""type"": ""prev_color""}, ""filters"": [{""type"": ""body_atr"", ""min"": 0.5, ""atr_n"": 14}, {""type"": ""regime"", ""ma_n"": 30, ""side"": ""with""}, {""type"": ""min_streak"", ""k"": 2}], ""entry"": {""type"": ""m15_atr_stop""}, ""stop"": {""type"": ""none""}, ""exit"": {""type"": ""h4_close""}, ""cost_model"": ""spread"", ""cost_bps"": 1.5}",27,-0.126,0.4815,0.0085,32,3.65,0.0488,8.023,False
body0.5_reg50wit_streak2_m15_atr_stop,coverage,coverage_ma_n=80,body0.5_reg50wit_streak2_m15_atr_stop,"{""signal"": {""type"": ""prev_color""}, ""filters"": [{""type"": ""body_atr"", ""min"": 0.5, ""atr_n"": 14}, {""type"": ""regime"", ""ma_n"": 80, ""side"": ""with""}, {""type"": ""min_streak"", ""k"": 2}], ""entry"": {""type"": ""m15_atr_stop""}, ""stop"": {""type"": ""none""}, ""exit"": {""type"": ""h4_close""}, ""cost_model"": ""spread"", ""cost_bps"": 1.5}",27,-0.126,0.4815,0.0045,28,3.2,0.0287,5.514,False
body0.5_reg50wit_streak2_m15_atr_stop,coverage,coverage_ma_n=100,body0.5_reg50wit_streak2_m15_atr_stop,"{""signal"": {""type"": ""prev_color""}, ""filters"": [{""type"": ""body_atr"", ""min"": 0.5, ""atr_n"": 14}, {""type"": ""regime"", ""ma_n"": 100, ""side"": ""with""}, {""type"": ""min_streak"", ""k"": 2}], ""entry"": {""type"": ""m15_atr_stop""}, ""stop"": {""type"": ""none""}, ""exit"": {""type"": ""h4_close""}, ""cost_model"": ""spread"", ""cost_bps"": 1.5}",27,-0.827,0.4444,0.0039,24,2.74,0.015,3.333,False
body0.5_reg50wit_streak2_m15_atr_stop,coverage,coverage_body_atr.min=0.3,body0.5_reg50wit_streak2_m15_atr_stop,"{""signal"": {""type"": ""prev_color""}, ""filters"": [{""type"": ""body_atr"", ""min"": 0.3, ""atr_n"": 14}, {""type"": ""regime"", ""ma_n"": 50, ""side"": ""with""}, {""type"": ""min_streak"", ""k"": 2}], ""entry"": {""type"": ""m15_atr_stop""}, ""stop"": {""type"": ""none""}, ""exit"": {""type"": ""h4_close""}, ""cost_model"": ""spread"", ""cost_bps"": 1.5}",27,0.719,0.5556,0.0087,47,5.36,0.0535,6.521,False
body0.5_reg50wit_streak2_m15_atr_stop,coverage,coverage_body_atr.min=0.7,body0.5_reg50wit_streak2_m15_atr_stop,"{""signal"": {""type"": ""prev_color""}, ""filters"": [{""type"": ""body_atr"", ""min"": 0.7, ""atr_n"": 14}, {""type"": ""regime"", ""ma_n"": 50, ""side"": ""with""}, {""type"": ""min_streak"", ""k"": 2}], ""entry"": {""type"": ""m15_atr_stop""}, ""stop"": {""type"": ""none""}, ""exit"": {""type"": ""h4_close""}, ""cost_model"": ""spread"", ""cost_bps"": 1.5}",27,0.476,0.5926,0.0047,17,1.94,0.0565,17.251,False
