id,certified,fdr_significant,wf_folds,wf_median_sharpe,wf_pct_positive_folds,ho_trades,ho_trades_per_week,ho_total_return,ho_sharpe_ann,ho_profit_factor,ho_max_drawdown,biggest_trade_share,stress_total_return,shuffle_p_value,random_p_value,yearly_positive,yearly_total,regime_consistency,prop_25k_passes,prop_50k_passes,prop_150k_passes,prop_25k_blowup,fail_reasons,spec
selectivity_tight_delayed_entry_1_prev_h4_open,False,False,28,0.871,0.5714,52,5.93,0.0802,7.633,1.671,-0.0251,0.0784,0.0721,0.734,0.065,4,9,0.4444,True,True,True,0.0,wf_pct_positive_folds<0.6 (got 0.5714); shuffle_test failed (p=0.734); random_baseline failed (p=0.065),"{""id"": ""selectivity_tight_delayed_entry_1_prev_h4_open"", ""bias_timeframe"": ""H4"", ""setup_timeframe"": ""H4"", ""entry_timeframe"": ""M15"", ""signal"": {""type"": ""prev_color""}, ""filters"": [{""type"": ""body_atr"", ""min"": 0.5, ""atr_n"": 14}, {""type"": ""regime"", ""ma_n"": 50, ""side"": ""with""}], ""entry"": {""type"": ""delayed_entry_1""}, ""stop"": {""type"": ""prev_h4_open""}, ""exit"": {""type"": ""h4_close""}, ""risk"": {""per_trade_pct"": 0.5}, ""cost_bps"": 1.5, ""seed"": null}"
selectivity_tight_delayed_entry_1_prev_h4_extreme,False,False,28,0.871,0.5714,52,5.93,0.0715,6.665,1.565,-0.0297,0.0765,0.0635,0.998,0.115,4,9,0.4444,True,True,True,0.0,wf_pct_positive_folds<0.6 (got 0.5714); shuffle_test failed (p=0.998); random_baseline failed (p=0.115),"{""id"": ""selectivity_tight_delayed_entry_1_prev_h4_extreme"", ""bias_timeframe"": ""H4"", ""setup_timeframe"": ""H4"", ""entry_timeframe"": ""M15"", ""signal"": {""type"": ""prev_color""}, ""filters"": [{""type"": ""body_atr"", ""min"": 0.5, ""atr_n"": 14}, {""type"": ""regime"", ""ma_n"": 50, ""side"": ""with""}], ""entry"": {""type"": ""delayed_entry_1""}, ""stop"": {""type"": ""prev_h4_extreme""}, ""exit"": {""type"": ""h4_close""}, ""risk"": {""per_trade_pct"": 0.5}, ""cost_bps"": 1.5, ""seed"": null}"
selectivity_tight_touch_entry_prev_h4_open,False,False,28,0.871,0.5714,52,5.93,0.0603,5.924,1.453,-0.0375,0.0482,0.0524,0.57,0.15,4,9,0.4444,True,True,True,0.0,wf_pct_positive_folds<0.6 (got 0.5714); shuffle_test failed (p=0.57); random_baseline failed (p=0.15),"{""id"": ""selectivity_tight_touch_entry_prev_h4_open"", ""bias_timeframe"": ""H4"", ""setup_timeframe"": ""H4"", ""entry_timeframe"": ""M15"", ""signal"": {""type"": ""prev_color""}, ""filters"": [{""type"": ""body_atr"", ""min"": 0.5, ""atr_n"": 14}, {""type"": ""regime"", ""ma_n"": 50, ""side"": ""with""}], ""entry"": {""type"": ""touch_entry""}, ""stop"": {""type"": ""prev_h4_open""}, ""exit"": {""type"": ""h4_close""}, ""risk"": {""per_trade_pct"": 0.5}, ""cost_bps"": 1.5, ""seed"": null}"
selectivity_tight_touch_entry_prev_h4_extreme,False,False,28,0.871,0.5714,52,5.93,0.0518,4.951,1.372,-0.0437,0.0501,0.0439,0.578,0.215,4,9,0.4444,True,True,True,0.0,wf_pct_positive_folds<0.6 (got 0.5714); shuffle_test failed (p=0.578); random_baseline failed (p=0.215),"{""id"": ""selectivity_tight_touch_entry_prev_h4_extreme"", ""bias_timeframe"": ""H4"", ""setup_timeframe"": ""H4"", ""entry_timeframe"": ""M15"", ""signal"": {""type"": ""prev_color""}, ""filters"": [{""type"": ""body_atr"", ""min"": 0.5, ""atr_n"": 14}, {""type"": ""regime"", ""ma_n"": 50, ""side"": ""with""}], ""entry"": {""type"": ""touch_entry""}, ""stop"": {""type"": ""prev_h4_extreme""}, ""exit"": {""type"": ""h4_close""}, ""risk"": {""per_trade_pct"": 0.5}, ""cost_bps"": 1.5, ""seed"": null}"
selectivity_tight_delayed_entry_2_prev_h4_open,False,False,28,0.871,0.5714,52,5.93,0.0452,4.401,1.365,-0.0287,0.0925,0.0375,0.97,0.245,4,9,0.4444,True,True,True,0.0,wf_pct_positive_folds<0.6 (got 0.5714); shuffle_test failed (p=0.97); random_baseline failed (p=0.245),"{""id"": ""selectivity_tight_delayed_entry_2_prev_h4_open"", ""bias_timeframe"": ""H4"", ""setup_timeframe"": ""H4"", ""entry_timeframe"": ""M15"", ""signal"": {""type"": ""prev_color""}, ""filters"": [{""type"": ""body_atr"", ""min"": 0.5, ""atr_n"": 14}, {""type"": ""regime"", ""ma_n"": 50, ""side"": ""with""}], ""entry"": {""type"": ""delayed_entry_2""}, ""stop"": {""type"": ""prev_h4_open""}, ""exit"": {""type"": ""h4_close""}, ""risk"": {""per_trade_pct"": 0.5}, ""cost_bps"": 1.5, ""seed"": null}"
selectivity_tight_zone_midpoint_limit_prev_h4_open,False,False,28,0.871,0.5714,24,2.74,0.0421,8.692,2.129,-0.0131,0.2696,0.042,0.26,0.19,4,9,0.4444,True,True,True,0.0,wf_pct_positive_folds<0.6 (got 0.5714); biggest_trade_share>0.2 (got 0.2696); shuffle_test failed (p=0.26); random_baseline failed (p=0.19),"{""id"": ""selectivity_tight_zone_midpoint_limit_prev_h4_open"", ""bias_timeframe"": ""H4"", ""setup_timeframe"": ""H4"", ""entry_timeframe"": ""M15"", ""signal"": {""type"": ""prev_color""}, ""filters"": [{""type"": ""body_atr"", ""min"": 0.5, ""atr_n"": 14}, {""type"": ""regime"", ""ma_n"": 50, ""side"": ""with""}], ""entry"": {""type"": ""zone_midpoint_limit""}, ""stop"": {""type"": ""prev_h4_open""}, ""exit"": {""type"": ""h4_close""}, ""risk"": {""per_trade_pct"": 0.5}, ""cost_bps"": 1.5, ""seed"": null}"
selectivity_tight_delayed_entry_2_prev_h4_extreme,False,False,28,0.871,0.5714,52,5.93,0.0368,3.539,1.286,-0.0349,0.0902,0.0291,0.228,0.27,4,9,0.4444,True,True,True,0.0,wf_pct_positive_folds<0.6 (got 0.5714); shuffle_test failed (p=0.228); random_baseline failed (p=0.27),"{""id"": ""selectivity_tight_delayed_entry_2_prev_h4_extreme"", ""bias_timeframe"": ""H4"", ""setup_timeframe"": ""H4"", ""entry_timeframe"": ""M15"", ""signal"": {""type"": ""prev_color""}, ""filters"": [{""type"": ""body_atr"", ""min"": 0.5, ""atr_n"": 14}, {""type"": ""regime"", ""ma_n"": 50, ""side"": ""with""}], ""entry"": {""type"": ""delayed_entry_2""}, ""stop"": {""type"": ""prev_h4_extreme""}, ""exit"": {""type"": ""h4_close""}, ""risk"": {""per_trade_pct"": 0.5}, ""cost_bps"": 1.5, ""seed"": null}"
selectivity_tight_zone_midpoint_limit_prev_h4_extreme,False,False,28,0.871,0.5714,24,2.74,0.0338,6.709,1.749,-0.0195,0.252,0.0336,0.14,0.26,4,9,0.4444,True,True,True,0.0,wf_pct_positive_folds<0.6 (got 0.5714); biggest_trade_share>0.2 (got 0.252); shuffle_test failed (p=0.14); random_baseline failed (p=0.26),"{""id"": ""selectivity_tight_zone_midpoint_limit_prev_h4_extreme"", ""bias_timeframe"": ""H4"", ""setup_timeframe"": ""H4"", ""entry_timeframe"": ""M15"", ""signal"": {""type"": ""prev_color""}, ""filters"": [{""type"": ""body_atr"", ""min"": 0.5, ""atr_n"": 14}, {""type"": ""regime"", ""ma_n"": 50, ""side"": ""with""}], ""entry"": {""type"": ""zone_midpoint_limit""}, ""stop"": {""type"": ""prev_h4_extreme""}, ""exit"": {""type"": ""h4_close""}, ""risk"": {""per_trade_pct"": 0.5}, ""cost_bps"": 1.5, ""seed"": null}"
selectivity_tight_reaction_close_prev_h4_open,False,False,28,0.871,0.5714,52,5.93,0.0328,3.372,1.26,-0.0388,0.0813,0.0251,0.866,0.27,4,9,0.4444,True,True,True,0.0,wf_pct_positive_folds<0.6 (got 0.5714); shuffle_test failed (p=0.866); random_baseline failed (p=0.27),"{""id"": ""selectivity_tight_reaction_close_prev_h4_open"", ""bias_timeframe"": ""H4"", ""setup_timeframe"": ""H4"", ""entry_timeframe"": ""M15"", ""signal"": {""type"": ""prev_color""}, ""filters"": [{""type"": ""body_atr"", ""min"": 0.5, ""atr_n"": 14}, {""type"": ""regime"", ""ma_n"": 50, ""side"": ""with""}], ""entry"": {""type"": ""reaction_close""}, ""stop"": {""type"": ""prev_h4_open""}, ""exit"": {""type"": ""h4_close""}, ""risk"": {""per_trade_pct"": 0.5}, ""cost_bps"": 1.5, ""seed"": null}"
selectivity_tight_reaction_close_prev_h4_extreme,False,False,28,0.871,0.5714,52,5.93,0.0245,2.502,1.19,-0.0424,0.0792,0.0169,0.51,0.315,4,9,0.4444,True,True,True,0.0,wf_pct_positive_folds<0.6 (got 0.5714); profit_factor<=1.2 (got 1.19); shuffle_test failed (p=0.51); random_baseline failed (p=0.315),"{""id"": ""selectivity_tight_reaction_close_prev_h4_extreme"", ""bias_timeframe"": ""H4"", ""setup_timeframe"": ""H4"", ""entry_timeframe"": ""M15"", ""signal"": {""type"": ""prev_color""}, ""filters"": [{""type"": ""body_atr"", ""min"": 0.5, ""atr_n"": 14}, {""type"": ""regime"", ""ma_n"": 50, ""side"": ""with""}], ""entry"": {""type"": ""reaction_close""}, ""stop"": {""type"": ""prev_h4_extreme""}, ""exit"": {""type"": ""h4_close""}, ""risk"": {""per_trade_pct"": 0.5}, ""cost_bps"": 1.5, ""seed"": null}"
selectivity_tight_fib_limit_entry_lvl0.382_prev_h4_open,False,False,28,0.871,0.5714,31,3.54,0.0053,0.884,1.115,-0.0351,0.1384,-0.0226,0.826,0.475,4,9,0.4444,True,True,True,0.0,wf_pct_positive_folds<0.6 (got 0.5714); profit_factor<=1.2 (got 1.115); shuffle_test failed (p=0.826); random_baseline failed (p=0.475); stress_total_return<=0 (got -0.0226),"{""id"": ""selectivity_tight_fib_limit_entry_lvl0.382_prev_h4_open"", ""bias_timeframe"": ""H4"", ""setup_timeframe"": ""H4"", ""entry_timeframe"": ""M15"", ""signal"": {""type"": ""prev_color""}, ""filters"": [{""type"": ""body_atr"", ""min"": 0.5, ""atr_n"": 14}, {""type"": ""regime"", ""ma_n"": 50, ""side"": ""with""}], ""entry"": {""type"": ""fib_limit_entry"", ""level"": 0.382}, ""stop"": {""type"": ""prev_h4_open""}, ""exit"": {""type"": ""h4_close""}, ""risk"": {""per_trade_pct"": 0.5}, ""cost_bps"": 1.5, ""seed"": null}"
selectivity_tight_sweep_reclaim_prev_h4_extreme,False,False,28,0.871,0.5714,3,0.34,0.0009,12.826,2.587,-0.0002,0.7212,0.0003,1.0,0.355,4,9,0.4444,True,True,True,0.0,wf_pct_positive_folds<0.6 (got 0.5714); biggest_trade_share>0.2 (got 0.7212); shuffle_test failed (p=1.0); random_baseline failed (p=0.355),"{""id"": ""selectivity_tight_sweep_reclaim_prev_h4_extreme"", ""bias_timeframe"": ""H4"", ""setup_timeframe"": ""H4"", ""entry_timeframe"": ""M15"", ""signal"": {""type"": ""prev_color""}, ""filters"": [{""type"": ""body_atr"", ""min"": 0.5, ""atr_n"": 14}, {""type"": ""regime"", ""ma_n"": 50, ""side"": ""with""}], ""entry"": {""type"": ""sweep_reclaim""}, ""stop"": {""type"": ""prev_h4_extreme""}, ""exit"": {""type"": ""h4_close""}, ""risk"": {""per_trade_pct"": 0.5}, ""cost_bps"": 1.5, ""seed"": null}"
selectivity_tight_fib_limit_entry_lvl0.382_prev_h4_extreme,False,False,28,0.871,0.5714,31,3.54,-0.0013,0.025,1.043,-0.0387,0.1342,-0.029,0.41,0.505,4,9,0.4444,True,True,True,0.0,wf_pct_positive_folds<0.6 (got 0.5714); holdout_total_return<=0 (got -0.0013); profit_factor<=1.2 (got 1.043); shuffle_test failed (p=0.41); random_baseline failed (p=0.505); stress_total_return<=0 (got -0.029),"{""id"": ""selectivity_tight_fib_limit_entry_lvl0.382_prev_h4_extreme"", ""bias_timeframe"": ""H4"", ""setup_timeframe"": ""H4"", ""entry_timeframe"": ""M15"", ""signal"": {""type"": ""prev_color""}, ""filters"": [{""type"": ""body_atr"", ""min"": 0.5, ""atr_n"": 14}, {""type"": ""regime"", ""ma_n"": 50, ""side"": ""with""}], ""entry"": {""type"": ""fib_limit_entry"", ""level"": 0.382}, ""stop"": {""type"": ""prev_h4_extreme""}, ""exit"": {""type"": ""h4_close""}, ""risk"": {""per_trade_pct"": 0.5}, ""cost_bps"": 1.5, ""seed"": null}"
selectivity_tight_sweep_reclaim_prev_h4_open,False,False,28,0.871,0.5714,3,0.34,-0.0033,-8.93,0.471,0.0,0.68,-0.0038,1.0,0.615,4,9,0.4444,False,False,False,0.0,wf_pct_positive_folds<0.6 (got 0.5714); holdout_total_return<=0 (got -0.0033); profit_factor<=1.2 (got 0.471); biggest_trade_share>0.2 (got 0.68); shuffle_test failed (p=1.0); random_baseline failed (p=0.615); stress_total_return<=0 (got -0.0038),"{""id"": ""selectivity_tight_sweep_reclaim_prev_h4_open"", ""bias_timeframe"": ""H4"", ""setup_timeframe"": ""H4"", ""entry_timeframe"": ""M15"", ""signal"": {""type"": ""prev_color""}, ""filters"": [{""type"": ""body_atr"", ""min"": 0.5, ""atr_n"": 14}, {""type"": ""regime"", ""ma_n"": 50, ""side"": ""with""}], ""entry"": {""type"": ""sweep_reclaim""}, ""stop"": {""type"": ""prev_h4_open""}, ""exit"": {""type"": ""h4_close""}, ""risk"": {""per_trade_pct"": 0.5}, ""cost_bps"": 1.5, ""seed"": null}"
selectivity_tight_minor_structure_break_prev_h4_open,False,False,28,0.871,0.5714,41,4.68,-0.0092,-0.998,0.936,-0.0301,0.129,-0.0154,0.932,0.575,4,9,0.4444,False,False,False,0.0,wf_pct_positive_folds<0.6 (got 0.5714); holdout_total_return<=0 (got -0.0092); profit_factor<=1.2 (got 0.936); shuffle_test failed (p=0.932); random_baseline failed (p=0.575); stress_total_return<=0 (got -0.0154),"{""id"": ""selectivity_tight_minor_structure_break_prev_h4_open"", ""bias_timeframe"": ""H4"", ""setup_timeframe"": ""H4"", ""entry_timeframe"": ""M15"", ""signal"": {""type"": ""prev_color""}, ""filters"": [{""type"": ""body_atr"", ""min"": 0.5, ""atr_n"": 14}, {""type"": ""regime"", ""ma_n"": 50, ""side"": ""with""}], ""entry"": {""type"": ""minor_structure_break"", ""lookback"": 3}, ""stop"": {""type"": ""prev_h4_open""}, ""exit"": {""type"": ""h4_close""}, ""risk"": {""per_trade_pct"": 0.5}, ""cost_bps"": 1.5, ""seed"": null}"
selectivity_tight_fib_limit_entry_lvl0.5_prev_h4_open,False,False,28,0.871,0.5714,23,2.62,-0.0105,-2.299,0.9,-0.0387,0.2081,-0.0106,0.05,0.58,4,9,0.4444,False,False,False,0.0,wf_pct_positive_folds<0.6 (got 0.5714); holdout_total_return<=0 (got -0.0105); profit_factor<=1.2 (got 0.9); biggest_trade_share>0.2 (got 0.2081); shuffle_test failed (p=0.05); random_baseline failed (p=0.58); stress_total_return<=0 (got -0.0106),"{""id"": ""selectivity_tight_fib_limit_entry_lvl0.5_prev_h4_open"", ""bias_timeframe"": ""H4"", ""setup_timeframe"": ""H4"", ""entry_timeframe"": ""M15"", ""signal"": {""type"": ""prev_color""}, ""filters"": [{""type"": ""body_atr"", ""min"": 0.5, ""atr_n"": 14}, {""type"": ""regime"", ""ma_n"": 50, ""side"": ""with""}], ""entry"": {""type"": ""fib_limit_entry"", ""level"": 0.5}, ""stop"": {""type"": ""prev_h4_open""}, ""exit"": {""type"": ""h4_close""}, ""risk"": {""per_trade_pct"": 0.5}, ""cost_bps"": 1.5, ""seed"": null}"
selectivity_tight_minor_structure_break_prev_h4_extreme,False,False,28,0.871,0.5714,41,4.68,-0.0105,-1.146,0.925,-0.0301,0.1282,-0.0167,0.92,0.585,4,9,0.4444,False,False,False,0.0,wf_pct_positive_folds<0.6 (got 0.5714); holdout_total_return<=0 (got -0.0105); profit_factor<=1.2 (got 0.925); shuffle_test failed (p=0.92); random_baseline failed (p=0.585); stress_total_return<=0 (got -0.0167),"{""id"": ""selectivity_tight_minor_structure_break_prev_h4_extreme"", ""bias_timeframe"": ""H4"", ""setup_timeframe"": ""H4"", ""entry_timeframe"": ""M15"", ""signal"": {""type"": ""prev_color""}, ""filters"": [{""type"": ""body_atr"", ""min"": 0.5, ""atr_n"": 14}, {""type"": ""regime"", ""ma_n"": 50, ""side"": ""with""}], ""entry"": {""type"": ""minor_structure_break"", ""lookback"": 3}, ""stop"": {""type"": ""prev_h4_extreme""}, ""exit"": {""type"": ""h4_close""}, ""risk"": {""per_trade_pct"": 0.5}, ""cost_bps"": 1.5, ""seed"": null}"
selectivity_tight_fib_limit_entry_lvl0.618_prev_h4_open,False,False,28,0.871,0.5714,17,1.94,-0.0166,-7.188,0.594,-0.0262,0.3175,-0.0167,0.99,0.745,4,9,0.4444,False,False,False,0.0,wf_pct_positive_folds<0.6 (got 0.5714); holdout_total_return<=0 (got -0.0166); profit_factor<=1.2 (got 0.594); biggest_trade_share>0.2 (got 0.3175); shuffle_test failed (p=0.99); random_baseline failed (p=0.745); stress_total_return<=0 (got -0.0167),"{""id"": ""selectivity_tight_fib_limit_entry_lvl0.618_prev_h4_open"", ""bias_timeframe"": ""H4"", ""setup_timeframe"": ""H4"", ""entry_timeframe"": ""M15"", ""signal"": {""type"": ""prev_color""}, ""filters"": [{""type"": ""body_atr"", ""min"": 0.5, ""atr_n"": 14}, {""type"": ""regime"", ""ma_n"": 50, ""side"": ""with""}], ""entry"": {""type"": ""fib_limit_entry"", ""level"": 0.618}, ""stop"": {""type"": ""prev_h4_open""}, ""exit"": {""type"": ""h4_close""}, ""risk"": {""per_trade_pct"": 0.5}, ""cost_bps"": 1.5, ""seed"": null}"
selectivity_tight_fib_limit_entry_lvl0.5_prev_h4_extreme,False,False,28,0.871,0.5714,23,2.62,-0.017,-3.665,0.808,-0.047,0.1959,-0.0171,0.452,0.655,4,9,0.4444,False,False,False,0.0,wf_pct_positive_folds<0.6 (got 0.5714); holdout_total_return<=0 (got -0.017); profit_factor<=1.2 (got 0.808); shuffle_test failed (p=0.452); random_baseline failed (p=0.655); stress_total_return<=0 (got -0.0171),"{""id"": ""selectivity_tight_fib_limit_entry_lvl0.5_prev_h4_extreme"", ""bias_timeframe"": ""H4"", ""setup_timeframe"": ""H4"", ""entry_timeframe"": ""M15"", ""signal"": {""type"": ""prev_color""}, ""filters"": [{""type"": ""body_atr"", ""min"": 0.5, ""atr_n"": 14}, {""type"": ""regime"", ""ma_n"": 50, ""side"": ""with""}], ""entry"": {""type"": ""fib_limit_entry"", ""level"": 0.5}, ""stop"": {""type"": ""prev_h4_extreme""}, ""exit"": {""type"": ""h4_close""}, ""risk"": {""per_trade_pct"": 0.5}, ""cost_bps"": 1.5, ""seed"": null}"
selectivity_tight_fib_limit_entry_lvl0.618_prev_h4_extreme,False,False,28,0.871,0.5714,17,1.94,-0.0245,-9.942,0.497,-0.0359,0.264,-0.0246,1.0,0.8,4,9,0.4444,False,False,False,0.0,wf_pct_positive_folds<0.6 (got 0.5714); holdout_total_return<=0 (got -0.0245); profit_factor<=1.2 (got 0.497); biggest_trade_share>0.2 (got 0.264); shuffle_test failed (p=1.0); random_baseline failed (p=0.8); stress_total_return<=0 (got -0.0246),"{""id"": ""selectivity_tight_fib_limit_entry_lvl0.618_prev_h4_extreme"", ""bias_timeframe"": ""H4"", ""setup_timeframe"": ""H4"", ""entry_timeframe"": ""M15"", ""signal"": {""type"": ""prev_color""}, ""filters"": [{""type"": ""body_atr"", ""min"": 0.5, ""atr_n"": 14}, {""type"": ""regime"", ""ma_n"": 50, ""side"": ""with""}], ""entry"": {""type"": ""fib_limit_entry"", ""level"": 0.618}, ""stop"": {""type"": ""prev_h4_extreme""}, ""exit"": {""type"": ""h4_close""}, ""risk"": {""per_trade_pct"": 0.5}, ""cost_bps"": 1.5, ""seed"": null}"
selectivity_ny_delayed_entry_1_prev_h4_open,False,False,28,0.0,0.2857,14,1.6,0.0333,10.47,2.021,-0.0134,0.1681,0.031,0.064,0.17,4,9,0.4444,True,True,True,0.0,wf_median_sharpe<=0.5 (got 0.0); wf_pct_positive_folds<0.6 (got 0.2857); shuffle_test failed (p=0.064); random_baseline failed (p=0.17),"{""id"": ""selectivity_ny_delayed_entry_1_prev_h4_open"", ""bias_timeframe"": ""H4"", ""setup_timeframe"": ""H4"", ""entry_timeframe"": ""M15"", ""signal"": {""type"": ""prev_color""}, ""filters"": [{""type"": ""body_atr"", ""min"": 0.5, ""atr_n"": 14}, {""type"": ""regime"", ""ma_n"": 50, ""side"": ""with""}, {""type"": ""session"", ""hours_utc"": [12, 16]}], ""entry"": {""type"": ""delayed_entry_1""}, ""stop"": {""type"": ""prev_h4_open""}, ""exit"": {""type"": ""h4_close""}, ""risk"": {""per_trade_pct"": 0.5}, ""cost_bps"": 1.5, ""seed"": null}"
selectivity_ny_delayed_entry_1_prev_h4_extreme,False,False,28,0.0,0.2857,14,1.6,0.0281,8.468,1.755,-0.0183,0.1601,0.0258,0.934,0.205,4,9,0.4444,True,True,True,0.0,wf_median_sharpe<=0.5 (got 0.0); wf_pct_positive_folds<0.6 (got 0.2857); shuffle_test failed (p=0.934); random_baseline failed (p=0.205),"{""id"": ""selectivity_ny_delayed_entry_1_prev_h4_extreme"", ""bias_timeframe"": ""H4"", ""setup_timeframe"": ""H4"", ""entry_timeframe"": ""M15"", ""signal"": {""type"": ""prev_color""}, ""filters"": [{""type"": ""body_atr"", ""min"": 0.5, ""atr_n"": 14}, {""type"": ""regime"", ""ma_n"": 50, ""side"": ""with""}, {""type"": ""session"", ""hours_utc"": [12, 16]}], ""entry"": {""type"": ""delayed_entry_1""}, ""stop"": {""type"": ""prev_h4_extreme""}, ""exit"": {""type"": ""h4_close""}, ""risk"": {""per_trade_pct"": 0.5}, ""cost_bps"": 1.5, ""seed"": null}"
selectivity_ny_touch_entry_prev_h4_open,False,False,28,0.0,0.2857,14,1.6,0.0259,8.123,1.752,-0.0157,0.1552,0.0236,0.84,0.215,4,9,0.4444,True,True,True,0.0,wf_median_sharpe<=0.5 (got 0.0); wf_pct_positive_folds<0.6 (got 0.2857); shuffle_test failed (p=0.84); random_baseline failed (p=0.215),"{""id"": ""selectivity_ny_touch_entry_prev_h4_open"", ""bias_timeframe"": ""H4"", ""setup_timeframe"": ""H4"", ""entry_timeframe"": ""M15"", ""signal"": {""type"": ""prev_color""}, ""filters"": [{""type"": ""body_atr"", ""min"": 0.5, ""atr_n"": 14}, {""type"": ""regime"", ""ma_n"": 50, ""side"": ""with""}, {""type"": ""session"", ""hours_utc"": [12, 16]}], ""entry"": {""type"": ""touch_entry""}, ""stop"": {""type"": ""prev_h4_open""}, ""exit"": {""type"": ""h4_close""}, ""risk"": {""per_trade_pct"": 0.5}, ""cost_bps"": 1.5, ""seed"": null}"
selectivity_ny_delayed_entry_1_h4_atrx1.0,False,False,28,0.0,0.3214,14,1.6,0.0211,5.419,1.586,-0.0265,0.2039,0.0191,0.43,0.3,2,9,0.2222,True,True,True,0.0,wf_median_sharpe<=0.5 (got 0.0); wf_pct_positive_folds<0.6 (got 0.3214); biggest_trade_share>0.2 (got 0.2039); shuffle_test failed (p=0.43); random_baseline failed (p=0.3); yearly_consistency failed (2 of 9),"{""id"": ""selectivity_ny_delayed_entry_1_h4_atrx1.0"", ""bias_timeframe"": ""H4"", ""setup_timeframe"": ""H4"", ""entry_timeframe"": ""M15"", ""signal"": {""type"": ""prev_color""}, ""filters"": [{""type"": ""body_atr"", ""min"": 0.5, ""atr_n"": 14}, {""type"": ""regime"", ""ma_n"": 50, ""side"": ""with""}, {""type"": ""session"", ""hours_utc"": [12, 16]}], ""entry"": {""type"": ""delayed_entry_1""}, ""stop"": {""type"": ""h4_atr"", ""mult"": 1.0, ""atr_n"": 14}, ""exit"": {""type"": ""h4_close""}, ""risk"": {""per_trade_pct"": 0.5}, ""cost_bps"": 1.5, ""seed"": null}"
selectivity_ny_touch_entry_prev_h4_extreme,False,False,28,0.0,0.2857,14,1.6,0.0207,6.26,1.536,-0.0207,0.1476,0.0184,0.362,0.275,4,9,0.4444,True,True,True,0.0,wf_median_sharpe<=0.5 (got 0.0); wf_pct_positive_folds<0.6 (got 0.2857); shuffle_test failed (p=0.362); random_baseline failed (p=0.275),"{""id"": ""selectivity_ny_touch_entry_prev_h4_extreme"", ""bias_timeframe"": ""H4"", ""setup_timeframe"": ""H4"", ""entry_timeframe"": ""M15"", ""signal"": {""type"": ""prev_color""}, ""filters"": [{""type"": ""body_atr"", ""min"": 0.5, ""atr_n"": 14}, {""type"": ""regime"", ""ma_n"": 50, ""side"": ""with""}, {""type"": ""session"", ""hours_utc"": [12, 16]}], ""entry"": {""type"": ""touch_entry""}, ""stop"": {""type"": ""prev_h4_extreme""}, ""exit"": {""type"": ""h4_close""}, ""risk"": {""per_trade_pct"": 0.5}, ""cost_bps"": 1.5, ""seed"": null}"
selectivity_ny_touch_entry_h4_atrx1.0,False,False,28,0.0,0.3214,14,1.6,0.0164,4.322,1.469,-0.0265,0.2124,0.0135,0.896,0.335,2,9,0.2222,True,True,True,0.0,wf_median_sharpe<=0.5 (got 0.0); wf_pct_positive_folds<0.6 (got 0.3214); biggest_trade_share>0.2 (got 0.2124); shuffle_test failed (p=0.896); random_baseline failed (p=0.335); yearly_consistency failed (2 of 9),"{""id"": ""selectivity_ny_touch_entry_h4_atrx1.0"", ""bias_timeframe"": ""H4"", ""setup_timeframe"": ""H4"", ""entry_timeframe"": ""M15"", ""signal"": {""type"": ""prev_color""}, ""filters"": [{""type"": ""body_atr"", ""min"": 0.5, ""atr_n"": 14}, {""type"": ""regime"", ""ma_n"": 50, ""side"": ""with""}, {""type"": ""session"", ""hours_utc"": [12, 16]}], ""entry"": {""type"": ""touch_entry""}, ""stop"": {""type"": ""h4_atr"", ""mult"": 1.0, ""atr_n"": 14}, ""exit"": {""type"": ""h4_close""}, ""risk"": {""per_trade_pct"": 0.5}, ""cost_bps"": 1.5, ""seed"": null}"
selectivity_ny_delayed_entry_2_prev_h4_open,False,False,28,0.0,0.2857,14,1.6,0.0087,3.123,1.27,-0.0224,0.1386,0.0064,0.898,0.365,4,9,0.4444,True,True,True,0.0,wf_median_sharpe<=0.5 (got 0.0); wf_pct_positive_folds<0.6 (got 0.2857); shuffle_test failed (p=0.898); random_baseline failed (p=0.365),"{""id"": ""selectivity_ny_delayed_entry_2_prev_h4_open"", ""bias_timeframe"": ""H4"", ""setup_timeframe"": ""H4"", ""entry_timeframe"": ""M15"", ""signal"": {""type"": ""prev_color""}, ""filters"": [{""type"": ""body_atr"", ""min"": 0.5, ""atr_n"": 14}, {""type"": ""regime"", ""ma_n"": 50, ""side"": ""with""}, {""type"": ""session"", ""hours_utc"": [12, 16]}], ""entry"": {""type"": ""delayed_entry_2""}, ""stop"": {""type"": ""prev_h4_open""}, ""exit"": {""type"": ""h4_close""}, ""risk"": {""per_trade_pct"": 0.5}, ""cost_bps"": 1.5, ""seed"": null}"
selectivity_ny_delayed_entry_2_prev_h4_extreme,False,False,28,0.0,0.2857,14,1.6,0.0036,1.339,1.133,-0.0274,0.1315,0.0013,0.594,0.42,4,9,0.4444,True,True,True,0.0,wf_median_sharpe<=0.5 (got 0.0); wf_pct_positive_folds<0.6 (got 0.2857); profit_factor<=1.2 (got 1.133); shuffle_test failed (p=0.594); random_baseline failed (p=0.42),"{""id"": ""selectivity_ny_delayed_entry_2_prev_h4_extreme"", ""bias_timeframe"": ""H4"", ""setup_timeframe"": ""H4"", ""entry_timeframe"": ""M15"", ""signal"": {""type"": ""prev_color""}, ""filters"": [{""type"": ""body_atr"", ""min"": 0.5, ""atr_n"": 14}, {""type"": ""regime"", ""ma_n"": 50, ""side"": ""with""}, {""type"": ""session"", ""hours_utc"": [12, 16]}], ""entry"": {""type"": ""delayed_entry_2""}, ""stop"": {""type"": ""prev_h4_extreme""}, ""exit"": {""type"": ""h4_close""}, ""risk"": {""per_trade_pct"": 0.5}, ""cost_bps"": 1.5, ""seed"": null}"
selectivity_ny_reaction_close_prev_h4_open,False,False,28,0.0,0.2857,14,1.6,0.0029,1.145,1.123,-0.0202,0.1415,0.0007,0.314,0.43,4,9,0.4444,True,True,True,0.0,wf_median_sharpe<=0.5 (got 0.0); wf_pct_positive_folds<0.6 (got 0.2857); profit_factor<=1.2 (got 1.123); shuffle_test failed (p=0.314); random_baseline failed (p=0.43),"{""id"": ""selectivity_ny_reaction_close_prev_h4_open"", ""bias_timeframe"": ""H4"", ""setup_timeframe"": ""H4"", ""entry_timeframe"": ""M15"", ""signal"": {""type"": ""prev_color""}, ""filters"": [{""type"": ""body_atr"", ""min"": 0.5, ""atr_n"": 14}, {""type"": ""regime"", ""ma_n"": 50, ""side"": ""with""}, {""type"": ""session"", ""hours_utc"": [12, 16]}], ""entry"": {""type"": ""reaction_close""}, ""stop"": {""type"": ""prev_h4_open""}, ""exit"": {""type"": ""h4_close""}, ""risk"": {""per_trade_pct"": 0.5}, ""cost_bps"": 1.5, ""seed"": null}"
selectivity_ny_fib_limit_entry_lvl0.382_h4_atrx1.0,False,False,28,0.0,0.3214,11,1.26,0.0009,0.488,1.181,-0.0391,0.2547,0.0008,0.942,0.47,2,9,0.2222,True,True,True,0.0,wf_median_sharpe<=0.5 (got 0.0); wf_pct_positive_folds<0.6 (got 0.3214); profit_factor<=1.2 (got 1.181); biggest_trade_share>0.2 (got 0.2547); shuffle_test failed (p=0.942); random_baseline failed (p=0.47); yearly_consistency failed (2 of 9),"{""id"": ""selectivity_ny_fib_limit_entry_lvl0.382_h4_atrx1.0"", ""bias_timeframe"": ""H4"", ""setup_timeframe"": ""H4"", ""entry_timeframe"": ""M15"", ""signal"": {""type"": ""prev_color""}, ""filters"": [{""type"": ""body_atr"", ""min"": 0.5, ""atr_n"": 14}, {""type"": ""regime"", ""ma_n"": 50, ""side"": ""with""}, {""type"": ""session"", ""hours_utc"": [12, 16]}], ""entry"": {""type"": ""fib_limit_entry"", ""level"": 0.382}, ""stop"": {""type"": ""h4_atr"", ""mult"": 1.0, ""atr_n"": 14}, ""exit"": {""type"": ""h4_close""}, ""risk"": {""per_trade_pct"": 0.5}, ""cost_bps"": 1.5, ""seed"": null}"
selectivity_ny_sweep_reclaim_prev_h4_extreme,False,False,28,0.0,0.2857,1,0.11,-0.0002,0.0,0.0,0.0,1.0,-0.0004,1.0,1.0,4,9,0.4444,False,False,False,0.0,wf_median_sharpe<=0.5 (got 0.0); wf_pct_positive_folds<0.6 (got 0.2857); holdout_total_return<=0 (got -0.0002); profit_factor<=1.2 (got 0.0); biggest_trade_share>0.2 (got 1.0); shuffle_test failed (p=1.0); random_baseline failed (p=1.0); stress_total_return<=0 (got -0.0004),"{""id"": ""selectivity_ny_sweep_reclaim_prev_h4_extreme"", ""bias_timeframe"": ""H4"", ""setup_timeframe"": ""H4"", ""entry_timeframe"": ""M15"", ""signal"": {""type"": ""prev_color""}, ""filters"": [{""type"": ""body_atr"", ""min"": 0.5, ""atr_n"": 14}, {""type"": ""regime"", ""ma_n"": 50, ""side"": ""with""}, {""type"": ""session"", ""hours_utc"": [12, 16]}], ""entry"": {""type"": ""sweep_reclaim""}, ""stop"": {""type"": ""prev_h4_extreme""}, ""exit"": {""type"": ""h4_close""}, ""risk"": {""per_trade_pct"": 0.5}, ""cost_bps"": 1.5, ""seed"": null}"
selectivity_ny_sweep_reclaim_h4_atrx1.0,False,False,28,0.0,0.3214,1,0.11,-0.0002,0.0,0.0,0.0,1.0,-0.0004,1.0,1.0,2,9,0.2222,False,False,False,0.0,wf_median_sharpe<=0.5 (got 0.0); wf_pct_positive_folds<0.6 (got 0.3214); holdout_total_return<=0 (got -0.0002); profit_factor<=1.2 (got 0.0); biggest_trade_share>0.2 (got 1.0); shuffle_test failed (p=1.0); random_baseline failed (p=1.0); stress_total_return<=0 (got -0.0004); yearly_consistency failed (2 of 9),"{""id"": ""selectivity_ny_sweep_reclaim_h4_atrx1.0"", ""bias_timeframe"": ""H4"", ""setup_timeframe"": ""H4"", ""entry_timeframe"": ""M15"", ""signal"": {""type"": ""prev_color""}, ""filters"": [{""type"": ""body_atr"", ""min"": 0.5, ""atr_n"": 14}, {""type"": ""regime"", ""ma_n"": 50, ""side"": ""with""}, {""type"": ""session"", ""hours_utc"": [12, 16]}], ""entry"": {""type"": ""sweep_reclaim""}, ""stop"": {""type"": ""h4_atr"", ""mult"": 1.0, ""atr_n"": 14}, ""exit"": {""type"": ""h4_close""}, ""risk"": {""per_trade_pct"": 0.5}, ""cost_bps"": 1.5, ""seed"": null}"
selectivity_ny_reaction_close_prev_h4_extreme,False,False,28,0.0,0.2857,14,1.6,-0.0022,-0.546,1.007,-0.0251,0.1342,-0.0044,0.936,0.5,4,9,0.4444,True,True,True,0.0,wf_median_sharpe<=0.5 (got 0.0); wf_pct_positive_folds<0.6 (got 0.2857); holdout_total_return<=0 (got -0.0022); profit_factor<=1.2 (got 1.007); shuffle_test failed (p=0.936); random_baseline failed (p=0.5); stress_total_return<=0 (got -0.0044),"{""id"": ""selectivity_ny_reaction_close_prev_h4_extreme"", ""bias_timeframe"": ""H4"", ""setup_timeframe"": ""H4"", ""entry_timeframe"": ""M15"", ""signal"": {""type"": ""prev_color""}, ""filters"": [{""type"": ""body_atr"", ""min"": 0.5, ""atr_n"": 14}, {""type"": ""regime"", ""ma_n"": 50, ""side"": ""with""}, {""type"": ""session"", ""hours_utc"": [12, 16]}], ""entry"": {""type"": ""reaction_close""}, ""stop"": {""type"": ""prev_h4_extreme""}, ""exit"": {""type"": ""h4_close""}, ""risk"": {""per_trade_pct"": 0.5}, ""cost_bps"": 1.5, ""seed"": null}"
selectivity_ny_delayed_entry_2_h4_atrx1.0,False,False,28,0.0,0.3214,14,1.6,-0.005,-1.134,1.009,-0.039,0.2109,-0.0071,0.964,0.52,2,9,0.2222,False,False,False,0.0,wf_median_sharpe<=0.5 (got 0.0); wf_pct_positive_folds<0.6 (got 0.3214); holdout_total_return<=0 (got -0.005); profit_factor<=1.2 (got 1.009); biggest_trade_share>0.2 (got 0.2109); shuffle_test failed (p=0.964); random_baseline failed (p=0.52); stress_total_return<=0 (got -0.0071); yearly_consistency failed (2 of 9),"{""id"": ""selectivity_ny_delayed_entry_2_h4_atrx1.0"", ""bias_timeframe"": ""H4"", ""setup_timeframe"": ""H4"", ""entry_timeframe"": ""M15"", ""signal"": {""type"": ""prev_color""}, ""filters"": [{""type"": ""body_atr"", ""min"": 0.5, ""atr_n"": 14}, {""type"": ""regime"", ""ma_n"": 50, ""side"": ""with""}, {""type"": ""session"", ""hours_utc"": [12, 16]}], ""entry"": {""type"": ""delayed_entry_2""}, ""stop"": {""type"": ""h4_atr"", ""mult"": 1.0, ""atr_n"": 14}, ""exit"": {""type"": ""h4_close""}, ""risk"": {""per_trade_pct"": 0.5}, ""cost_bps"": 1.5, ""seed"": null}"
selectivity_ny_fib_limit_entry_lvl0.382_prev_h4_open,False,False,28,0.0,0.2857,11,1.26,-0.0066,-1.676,1.011,-0.0409,0.2897,-0.0067,0.958,0.515,4,9,0.4444,True,True,True,0.0,wf_median_sharpe<=0.5 (got 0.0); wf_pct_positive_folds<0.6 (got 0.2857); holdout_total_return<=0 (got -0.0066); profit_factor<=1.2 (got 1.011); biggest_trade_share>0.2 (got 0.2897); shuffle_test failed (p=0.958); random_baseline failed (p=0.515); stress_total_return<=0 (got -0.0067),"{""id"": ""selectivity_ny_fib_limit_entry_lvl0.382_prev_h4_open"", ""bias_timeframe"": ""H4"", ""setup_timeframe"": ""H4"", ""entry_timeframe"": ""M15"", ""signal"": {""type"": ""prev_color""}, ""filters"": [{""type"": ""body_atr"", ""min"": 0.5, ""atr_n"": 14}, {""type"": ""regime"", ""ma_n"": 50, ""side"": ""with""}, {""type"": ""session"", ""hours_utc"": [12, 16]}], ""entry"": {""type"": ""fib_limit_entry"", ""level"": 0.382}, ""stop"": {""type"": ""prev_h4_open""}, ""exit"": {""type"": ""h4_close""}, ""risk"": {""per_trade_pct"": 0.5}, ""cost_bps"": 1.5, ""seed"": null}"
selectivity_ny_sweep_reclaim_prev_h4_open,False,False,28,0.0,0.2857,1,0.11,-0.0066,0.0,0.0,0.0,1.0,-0.0068,1.0,1.0,4,9,0.4444,False,False,False,0.0,wf_median_sharpe<=0.5 (got 0.0); wf_pct_positive_folds<0.6 (got 0.2857); holdout_total_return<=0 (got -0.0066); profit_factor<=1.2 (got 0.0); biggest_trade_share>0.2 (got 1.0); shuffle_test failed (p=1.0); random_baseline failed (p=1.0); stress_total_return<=0 (got -0.0068),"{""id"": ""selectivity_ny_sweep_reclaim_prev_h4_open"", ""bias_timeframe"": ""H4"", ""setup_timeframe"": ""H4"", ""entry_timeframe"": ""M15"", ""signal"": {""type"": ""prev_color""}, ""filters"": [{""type"": ""body_atr"", ""min"": 0.5, ""atr_n"": 14}, {""type"": ""regime"", ""ma_n"": 50, ""side"": ""with""}, {""type"": ""session"", ""hours_utc"": [12, 16]}], ""entry"": {""type"": ""sweep_reclaim""}, ""stop"": {""type"": ""prev_h4_open""}, ""exit"": {""type"": ""h4_close""}, ""risk"": {""per_trade_pct"": 0.5}, ""cost_bps"": 1.5, ""seed"": null}"
selectivity_ny_zone_midpoint_limit_prev_h4_open,False,False,28,0.0,0.2857,6,0.68,-0.0077,-10.091,0.584,-0.0171,0.2552,-0.0077,0.982,0.655,4,9,0.4444,False,False,False,0.0,wf_median_sharpe<=0.5 (got 0.0); wf_pct_positive_folds<0.6 (got 0.2857); holdout_total_return<=0 (got -0.0077); profit_factor<=1.2 (got 0.584); biggest_trade_share>0.2 (got 0.2552); shuffle_test failed (p=0.982); random_baseline failed (p=0.655); stress_total_return<=0 (got -0.0077),"{""id"": ""selectivity_ny_zone_midpoint_limit_prev_h4_open"", ""bias_timeframe"": ""H4"", ""setup_timeframe"": ""H4"", ""entry_timeframe"": ""M15"", ""signal"": {""type"": ""prev_color""}, ""filters"": [{""type"": ""body_atr"", ""min"": 0.5, ""atr_n"": 14}, {""type"": ""regime"", ""ma_n"": 50, ""side"": ""with""}, {""type"": ""session"", ""hours_utc"": [12, 16]}], ""entry"": {""type"": ""zone_midpoint_limit""}, ""stop"": {""type"": ""prev_h4_open""}, ""exit"": {""type"": ""h4_close""}, ""risk"": {""per_trade_pct"": 0.5}, ""cost_bps"": 1.5, ""seed"": null}"
selectivity_ny_reaction_close_h4_atrx1.0,False,False,28,0.0,0.3214,14,1.6,-0.008,-1.964,0.941,-0.0329,0.2212,-0.0101,0.646,0.535,2,9,0.2222,False,False,False,0.0,wf_median_sharpe<=0.5 (got 0.0); wf_pct_positive_folds<0.6 (got 0.3214); holdout_total_return<=0 (got -0.008); profit_factor<=1.2 (got 0.941); biggest_trade_share>0.2 (got 0.2212); shuffle_test failed (p=0.646); random_baseline failed (p=0.535); stress_total_return<=0 (got -0.0101); yearly_consistency failed (2 of 9),"{""id"": ""selectivity_ny_reaction_close_h4_atrx1.0"", ""bias_timeframe"": ""H4"", ""setup_timeframe"": ""H4"", ""entry_timeframe"": ""M15"", ""signal"": {""type"": ""prev_color""}, ""filters"": [{""type"": ""body_atr"", ""min"": 0.5, ""atr_n"": 14}, {""type"": ""regime"", ""ma_n"": 50, ""side"": ""with""}, {""type"": ""session"", ""hours_utc"": [12, 16]}], ""entry"": {""type"": ""reaction_close""}, ""stop"": {""type"": ""h4_atr"", ""mult"": 1.0, ""atr_n"": 14}, ""exit"": {""type"": ""h4_close""}, ""risk"": {""per_trade_pct"": 0.5}, ""cost_bps"": 1.5, ""seed"": null}"
selectivity_ny_fib_limit_entry_lvl0.382_prev_h4_extreme,False,False,28,0.0,0.2857,11,1.26,-0.0116,-3.074,0.908,-0.0433,0.2746,-0.0117,0.43,0.555,4,9,0.4444,False,False,False,0.0,wf_median_sharpe<=0.5 (got 0.0); wf_pct_positive_folds<0.6 (got 0.2857); holdout_total_return<=0 (got -0.0116); profit_factor<=1.2 (got 0.908); biggest_trade_share>0.2 (got 0.2746); shuffle_test failed (p=0.43); random_baseline failed (p=0.555); stress_total_return<=0 (got -0.0117),"{""id"": ""selectivity_ny_fib_limit_entry_lvl0.382_prev_h4_extreme"", ""bias_timeframe"": ""H4"", ""setup_timeframe"": ""H4"", ""entry_timeframe"": ""M15"", ""signal"": {""type"": ""prev_color""}, ""filters"": [{""type"": ""body_atr"", ""min"": 0.5, ""atr_n"": 14}, {""type"": ""regime"", ""ma_n"": 50, ""side"": ""with""}, {""type"": ""session"", ""hours_utc"": [12, 16]}], ""entry"": {""type"": ""fib_limit_entry"", ""level"": 0.382}, ""stop"": {""type"": ""prev_h4_extreme""}, ""exit"": {""type"": ""h4_close""}, ""risk"": {""per_trade_pct"": 0.5}, ""cost_bps"": 1.5, ""seed"": null}"
selectivity_ny_zone_midpoint_limit_prev_h4_extreme,False,False,28,0.0,0.2857,6,0.68,-0.0127,-15.012,0.446,-0.0221,0.2149,-0.0127,1.0,0.75,4,9,0.4444,False,False,False,0.0,wf_median_sharpe<=0.5 (got 0.0); wf_pct_positive_folds<0.6 (got 0.2857); holdout_total_return<=0 (got -0.0127); profit_factor<=1.2 (got 0.446); biggest_trade_share>0.2 (got 0.2149); shuffle_test failed (p=1.0); random_baseline failed (p=0.75); stress_total_return<=0 (got -0.0127),"{""id"": ""selectivity_ny_zone_midpoint_limit_prev_h4_extreme"", ""bias_timeframe"": ""H4"", ""setup_timeframe"": ""H4"", ""entry_timeframe"": ""M15"", ""signal"": {""type"": ""prev_color""}, ""filters"": [{""type"": ""body_atr"", ""min"": 0.5, ""atr_n"": 14}, {""type"": ""regime"", ""ma_n"": 50, ""side"": ""with""}, {""type"": ""session"", ""hours_utc"": [12, 16]}], ""entry"": {""type"": ""zone_midpoint_limit""}, ""stop"": {""type"": ""prev_h4_extreme""}, ""exit"": {""type"": ""h4_close""}, ""risk"": {""per_trade_pct"": 0.5}, ""cost_bps"": 1.5, ""seed"": null}"
selectivity_ny_minor_structure_break_prev_h4_open,False,False,28,0.0,0.2857,12,1.37,-0.0132,-6.374,0.647,-0.0233,0.1398,-0.0151,0.592,0.655,4,9,0.4444,False,False,False,0.0,wf_median_sharpe<=0.5 (got 0.0); wf_pct_positive_folds<0.6 (got 0.2857); holdout_total_return<=0 (got -0.0132); profit_factor<=1.2 (got 0.647); shuffle_test failed (p=0.592); random_baseline failed (p=0.655); stress_total_return<=0 (got -0.0151),"{""id"": ""selectivity_ny_minor_structure_break_prev_h4_open"", ""bias_timeframe"": ""H4"", ""setup_timeframe"": ""H4"", ""entry_timeframe"": ""M15"", ""signal"": {""type"": ""prev_color""}, ""filters"": [{""type"": ""body_atr"", ""min"": 0.5, ""atr_n"": 14}, {""type"": ""regime"", ""ma_n"": 50, ""side"": ""with""}, {""type"": ""session"", ""hours_utc"": [12, 16]}], ""entry"": {""type"": ""minor_structure_break"", ""lookback"": 3}, ""stop"": {""type"": ""prev_h4_open""}, ""exit"": {""type"": ""h4_close""}, ""risk"": {""per_trade_pct"": 0.5}, ""cost_bps"": 1.5, ""seed"": null}"
selectivity_ny_minor_structure_break_prev_h4_extreme,False,False,28,0.0,0.2857,12,1.37,-0.0157,-7.412,0.607,-0.0257,0.1372,-0.0176,0.734,0.685,4,9,0.4444,False,False,False,0.0,wf_median_sharpe<=0.5 (got 0.0); wf_pct_positive_folds<0.6 (got 0.2857); holdout_total_return<=0 (got -0.0157); profit_factor<=1.2 (got 0.607); shuffle_test failed (p=0.734); random_baseline failed (p=0.685); stress_total_return<=0 (got -0.0176),"{""id"": ""selectivity_ny_minor_structure_break_prev_h4_extreme"", ""bias_timeframe"": ""H4"", ""setup_timeframe"": ""H4"", ""entry_timeframe"": ""M15"", ""signal"": {""type"": ""prev_color""}, ""filters"": [{""type"": ""body_atr"", ""min"": 0.5, ""atr_n"": 14}, {""type"": ""regime"", ""ma_n"": 50, ""side"": ""with""}, {""type"": ""session"", ""hours_utc"": [12, 16]}], ""entry"": {""type"": ""minor_structure_break"", ""lookback"": 3}, ""stop"": {""type"": ""prev_h4_extreme""}, ""exit"": {""type"": ""h4_close""}, ""risk"": {""per_trade_pct"": 0.5}, ""cost_bps"": 1.5, ""seed"": null}"
selectivity_ny_fib_limit_entry_lvl0.618_prev_h4_open,False,False,28,0.0,0.2857,6,0.68,-0.0178,-14.112,0.282,-0.0194,0.5993,-0.0178,0.938,0.735,4,9,0.4444,False,False,False,0.0,wf_median_sharpe<=0.5 (got 0.0); wf_pct_positive_folds<0.6 (got 0.2857); holdout_total_return<=0 (got -0.0178); profit_factor<=1.2 (got 0.282); biggest_trade_share>0.2 (got 0.5993); shuffle_test failed (p=0.938); random_baseline failed (p=0.735); stress_total_return<=0 (got -0.0178),"{""id"": ""selectivity_ny_fib_limit_entry_lvl0.618_prev_h4_open"", ""bias_timeframe"": ""H4"", ""setup_timeframe"": ""H4"", ""entry_timeframe"": ""M15"", ""signal"": {""type"": ""prev_color""}, ""filters"": [{""type"": ""body_atr"", ""min"": 0.5, ""atr_n"": 14}, {""type"": ""regime"", ""ma_n"": 50, ""side"": ""with""}, {""type"": ""session"", ""hours_utc"": [12, 16]}], ""entry"": {""type"": ""fib_limit_entry"", ""level"": 0.618}, ""stop"": {""type"": ""prev_h4_open""}, ""exit"": {""type"": ""h4_close""}, ""risk"": {""per_trade_pct"": 0.5}, ""cost_bps"": 1.5, ""seed"": null}"
selectivity_ny_fib_limit_entry_lvl0.5_h4_atrx1.0,False,False,28,0.0,0.3214,7,0.8,-0.0201,-9.265,0.529,-0.0361,0.4588,-0.0201,0.31,0.74,2,9,0.2222,False,False,False,0.0,wf_median_sharpe<=0.5 (got 0.0); wf_pct_positive_folds<0.6 (got 0.3214); holdout_total_return<=0 (got -0.0201); profit_factor<=1.2 (got 0.529); biggest_trade_share>0.2 (got 0.4588); shuffle_test failed (p=0.31); random_baseline failed (p=0.74); stress_total_return<=0 (got -0.0201); yearly_consistency failed (2 of 9),"{""id"": ""selectivity_ny_fib_limit_entry_lvl0.5_h4_atrx1.0"", ""bias_timeframe"": ""H4"", ""setup_timeframe"": ""H4"", ""entry_timeframe"": ""M15"", ""signal"": {""type"": ""prev_color""}, ""filters"": [{""type"": ""body_atr"", ""min"": 0.5, ""atr_n"": 14}, {""type"": ""regime"", ""ma_n"": 50, ""side"": ""with""}, {""type"": ""session"", ""hours_utc"": [12, 16]}], ""entry"": {""type"": ""fib_limit_entry"", ""level"": 0.5}, ""stop"": {""type"": ""h4_atr"", ""mult"": 1.0, ""atr_n"": 14}, ""exit"": {""type"": ""h4_close""}, ""risk"": {""per_trade_pct"": 0.5}, ""cost_bps"": 1.5, ""seed"": null}"
selectivity_ny_fib_limit_entry_lvl0.5_prev_h4_open,False,False,28,0.0,0.2857,7,0.8,-0.0215,-10.757,0.441,-0.0341,0.4818,-0.0215,0.996,0.775,4,9,0.4444,False,False,False,0.0,wf_median_sharpe<=0.5 (got 0.0); wf_pct_positive_folds<0.6 (got 0.2857); holdout_total_return<=0 (got -0.0215); profit_factor<=1.2 (got 0.441); biggest_trade_share>0.2 (got 0.4818); shuffle_test failed (p=0.996); random_baseline failed (p=0.775); stress_total_return<=0 (got -0.0215),"{""id"": ""selectivity_ny_fib_limit_entry_lvl0.5_prev_h4_open"", ""bias_timeframe"": ""H4"", ""setup_timeframe"": ""H4"", ""entry_timeframe"": ""M15"", ""signal"": {""type"": ""prev_color""}, ""filters"": [{""type"": ""body_atr"", ""min"": 0.5, ""atr_n"": 14}, {""type"": ""regime"", ""ma_n"": 50, ""side"": ""with""}, {""type"": ""session"", ""hours_utc"": [12, 16]}], ""entry"": {""type"": ""fib_limit_entry"", ""level"": 0.5}, ""stop"": {""type"": ""prev_h4_open""}, ""exit"": {""type"": ""h4_close""}, ""risk"": {""per_trade_pct"": 0.5}, ""cost_bps"": 1.5, ""seed"": null}"
selectivity_ny_fib_limit_entry_lvl0.618_h4_atrx1.0,False,False,28,0.0,0.3214,6,0.68,-0.0223,-12.396,0.365,-0.0282,0.5768,-0.0223,0.81,0.705,2,9,0.2222,False,False,False,0.0,wf_median_sharpe<=0.5 (got 0.0); wf_pct_positive_folds<0.6 (got 0.3214); holdout_total_return<=0 (got -0.0223); profit_factor<=1.2 (got 0.365); biggest_trade_share>0.2 (got 0.5768); shuffle_test failed (p=0.81); random_baseline failed (p=0.705); stress_total_return<=0 (got -0.0223); yearly_consistency failed (2 of 9),"{""id"": ""selectivity_ny_fib_limit_entry_lvl0.618_h4_atrx1.0"", ""bias_timeframe"": ""H4"", ""setup_timeframe"": ""H4"", ""entry_timeframe"": ""M15"", ""signal"": {""type"": ""prev_color""}, ""filters"": [{""type"": ""body_atr"", ""min"": 0.5, ""atr_n"": 14}, {""type"": ""regime"", ""ma_n"": 50, ""side"": ""with""}, {""type"": ""session"", ""hours_utc"": [12, 16]}], ""entry"": {""type"": ""fib_limit_entry"", ""level"": 0.618}, ""stop"": {""type"": ""h4_atr"", ""mult"": 1.0, ""atr_n"": 14}, ""exit"": {""type"": ""h4_close""}, ""risk"": {""per_trade_pct"": 0.5}, ""cost_bps"": 1.5, ""seed"": null}"
selectivity_ny_fib_limit_entry_lvl0.618_prev_h4_extreme,False,False,28,0.0,0.2857,6,0.68,-0.0227,-18.335,0.227,-0.0243,0.5051,-0.0227,0.92,0.81,4,9,0.4444,False,False,False,0.0,wf_median_sharpe<=0.5 (got 0.0); wf_pct_positive_folds<0.6 (got 0.2857); holdout_total_return<=0 (got -0.0227); profit_factor<=1.2 (got 0.227); biggest_trade_share>0.2 (got 0.5051); shuffle_test failed (p=0.92); random_baseline failed (p=0.81); stress_total_return<=0 (got -0.0227),"{""id"": ""selectivity_ny_fib_limit_entry_lvl0.618_prev_h4_extreme"", ""bias_timeframe"": ""H4"", ""setup_timeframe"": ""H4"", ""entry_timeframe"": ""M15"", ""signal"": {""type"": ""prev_color""}, ""filters"": [{""type"": ""body_atr"", ""min"": 0.5, ""atr_n"": 14}, {""type"": ""regime"", ""ma_n"": 50, ""side"": ""with""}, {""type"": ""session"", ""hours_utc"": [12, 16]}], ""entry"": {""type"": ""fib_limit_entry"", ""level"": 0.618}, ""stop"": {""type"": ""prev_h4_extreme""}, ""exit"": {""type"": ""h4_close""}, ""risk"": {""per_trade_pct"": 0.5}, ""cost_bps"": 1.5, ""seed"": null}"
selectivity_ny_zone_midpoint_limit_h4_atrx1.0,False,False,28,0.0,0.3214,6,0.68,-0.0244,-13.288,0.386,-0.0367,0.4889,-0.0244,1.0,0.725,2,9,0.2222,False,False,False,0.0,wf_median_sharpe<=0.5 (got 0.0); wf_pct_positive_folds<0.6 (got 0.3214); holdout_total_return<=0 (got -0.0244); profit_factor<=1.2 (got 0.386); biggest_trade_share>0.2 (got 0.4889); shuffle_test failed (p=1.0); random_baseline failed (p=0.725); stress_total_return<=0 (got -0.0244); yearly_consistency failed (2 of 9),"{""id"": ""selectivity_ny_zone_midpoint_limit_h4_atrx1.0"", ""bias_timeframe"": ""H4"", ""setup_timeframe"": ""H4"", ""entry_timeframe"": ""M15"", ""signal"": {""type"": ""prev_color""}, ""filters"": [{""type"": ""body_atr"", ""min"": 0.5, ""atr_n"": 14}, {""type"": ""regime"", ""ma_n"": 50, ""side"": ""with""}, {""type"": ""session"", ""hours_utc"": [12, 16]}], ""entry"": {""type"": ""zone_midpoint_limit""}, ""stop"": {""type"": ""h4_atr"", ""mult"": 1.0, ""atr_n"": 14}, ""exit"": {""type"": ""h4_close""}, ""risk"": {""per_trade_pct"": 0.5}, ""cost_bps"": 1.5, ""seed"": null}"
selectivity_ny_fib_limit_entry_lvl0.5_prev_h4_extreme,False,False,28,0.0,0.2857,7,0.8,-0.0264,-13.259,0.378,-0.039,0.4323,-0.0264,0.36,0.825,4,9,0.4444,False,False,False,0.0,wf_median_sharpe<=0.5 (got 0.0); wf_pct_positive_folds<0.6 (got 0.2857); holdout_total_return<=0 (got -0.0264); profit_factor<=1.2 (got 0.378); biggest_trade_share>0.2 (got 0.4323); shuffle_test failed (p=0.36); random_baseline failed (p=0.825); stress_total_return<=0 (got -0.0264),"{""id"": ""selectivity_ny_fib_limit_entry_lvl0.5_prev_h4_extreme"", ""bias_timeframe"": ""H4"", ""setup_timeframe"": ""H4"", ""entry_timeframe"": ""M15"", ""signal"": {""type"": ""prev_color""}, ""filters"": [{""type"": ""body_atr"", ""min"": 0.5, ""atr_n"": 14}, {""type"": ""regime"", ""ma_n"": 50, ""side"": ""with""}, {""type"": ""session"", ""hours_utc"": [12, 16]}], ""entry"": {""type"": ""fib_limit_entry"", ""level"": 0.5}, ""stop"": {""type"": ""prev_h4_extreme""}, ""exit"": {""type"": ""h4_close""}, ""risk"": {""per_trade_pct"": 0.5}, ""cost_bps"": 1.5, ""seed"": null}"
selectivity_ny_minor_structure_break_h4_atrx1.0,False,False,28,0.0,0.3214,12,1.37,-0.0496,-17.353,0.27,-0.0503,0.2786,-0.0512,0.944,0.885,2,9,0.2222,False,False,False,0.0,wf_median_sharpe<=0.5 (got 0.0); wf_pct_positive_folds<0.6 (got 0.3214); holdout_total_return<=0 (got -0.0496); profit_factor<=1.2 (got 0.27); biggest_trade_share>0.2 (got 0.2786); shuffle_test failed (p=0.944); random_baseline failed (p=0.885); stress_total_return<=0 (got -0.0512); yearly_consistency failed (2 of 9),"{""id"": ""selectivity_ny_minor_structure_break_h4_atrx1.0"", ""bias_timeframe"": ""H4"", ""setup_timeframe"": ""H4"", ""entry_timeframe"": ""M15"", ""signal"": {""type"": ""prev_color""}, ""filters"": [{""type"": ""body_atr"", ""min"": 0.5, ""atr_n"": 14}, {""type"": ""regime"", ""ma_n"": 50, ""side"": ""with""}, {""type"": ""session"", ""hours_utc"": [12, 16]}], ""entry"": {""type"": ""minor_structure_break"", ""lookback"": 3}, ""stop"": {""type"": ""h4_atr"", ""mult"": 1.0, ""atr_n"": 14}, ""exit"": {""type"": ""h4_close""}, ""risk"": {""per_trade_pct"": 0.5}, ""cost_bps"": 1.5, ""seed"": null}"
selectivity_tight_delayed_entry_1_h4_atrx1.0,False,False,28,-0.256,0.4643,52,5.93,0.0583,5.1,1.442,-0.0412,0.074,0.0511,0.944,0.205,4,9,0.4444,True,True,True,0.0,wf_median_sharpe<=0.5 (got -0.256); wf_pct_positive_folds<0.6 (got 0.4643); shuffle_test failed (p=0.944); random_baseline failed (p=0.205),"{""id"": ""selectivity_tight_delayed_entry_1_h4_atrx1.0"", ""bias_timeframe"": ""H4"", ""setup_timeframe"": ""H4"", ""entry_timeframe"": ""M15"", ""signal"": {""type"": ""prev_color""}, ""filters"": [{""type"": ""body_atr"", ""min"": 0.5, ""atr_n"": 14}, {""type"": ""regime"", ""ma_n"": 50, ""side"": ""with""}], ""entry"": {""type"": ""delayed_entry_1""}, ""stop"": {""type"": ""h4_atr"", ""mult"": 1.0, ""atr_n"": 14}, ""exit"": {""type"": ""h4_close""}, ""risk"": {""per_trade_pct"": 0.5}, ""cost_bps"": 1.5, ""seed"": null}"
selectivity_tight_touch_entry_h4_atrx1.0,False,False,28,-0.256,0.4643,52,5.93,0.0458,4.162,1.336,-0.0438,0.0681,0.0037,0.728,0.255,4,9,0.4444,True,True,True,0.0,wf_median_sharpe<=0.5 (got -0.256); wf_pct_positive_folds<0.6 (got 0.4643); shuffle_test failed (p=0.728); random_baseline failed (p=0.255),"{""id"": ""selectivity_tight_touch_entry_h4_atrx1.0"", ""bias_timeframe"": ""H4"", ""setup_timeframe"": ""H4"", ""entry_timeframe"": ""M15"", ""signal"": {""type"": ""prev_color""}, ""filters"": [{""type"": ""body_atr"", ""min"": 0.5, ""atr_n"": 14}, {""type"": ""regime"", ""ma_n"": 50, ""side"": ""with""}], ""entry"": {""type"": ""touch_entry""}, ""stop"": {""type"": ""h4_atr"", ""mult"": 1.0, ""atr_n"": 14}, ""exit"": {""type"": ""h4_close""}, ""risk"": {""per_trade_pct"": 0.5}, ""cost_bps"": 1.5, ""seed"": null}"
selectivity_tight_zone_midpoint_limit_h4_atrx1.0,False,False,28,-0.256,0.4643,24,2.74,0.0232,4.034,1.459,-0.0264,0.2252,0.0231,0.54,0.36,4,9,0.4444,True,True,True,0.0,wf_median_sharpe<=0.5 (got -0.256); wf_pct_positive_folds<0.6 (got 0.4643); biggest_trade_share>0.2 (got 0.2252); shuffle_test failed (p=0.54); random_baseline failed (p=0.36),"{""id"": ""selectivity_tight_zone_midpoint_limit_h4_atrx1.0"", ""bias_timeframe"": ""H4"", ""setup_timeframe"": ""H4"", ""entry_timeframe"": ""M15"", ""signal"": {""type"": ""prev_color""}, ""filters"": [{""type"": ""body_atr"", ""min"": 0.5, ""atr_n"": 14}, {""type"": ""regime"", ""ma_n"": 50, ""side"": ""with""}], ""entry"": {""type"": ""zone_midpoint_limit""}, ""stop"": {""type"": ""h4_atr"", ""mult"": 1.0, ""atr_n"": 14}, ""exit"": {""type"": ""h4_close""}, ""risk"": {""per_trade_pct"": 0.5}, ""cost_bps"": 1.5, ""seed"": null}"
selectivity_tight_delayed_entry_2_h4_atrx1.0,False,False,28,-0.256,0.4643,52,5.93,0.0193,1.803,1.161,-0.0472,0.0859,0.0122,0.22,0.375,4,9,0.4444,True,True,True,0.0,wf_median_sharpe<=0.5 (got -0.256); wf_pct_positive_folds<0.6 (got 0.4643); profit_factor<=1.2 (got 1.161); shuffle_test failed (p=0.22); random_baseline failed (p=0.375),"{""id"": ""selectivity_tight_delayed_entry_2_h4_atrx1.0"", ""bias_timeframe"": ""H4"", ""setup_timeframe"": ""H4"", ""entry_timeframe"": ""M15"", ""signal"": {""type"": ""prev_color""}, ""filters"": [{""type"": ""body_atr"", ""min"": 0.5, ""atr_n"": 14}, {""type"": ""regime"", ""ma_n"": 50, ""side"": ""with""}], ""entry"": {""type"": ""delayed_entry_2""}, ""stop"": {""type"": ""h4_atr"", ""mult"": 1.0, ""atr_n"": 14}, ""exit"": {""type"": ""h4_close""}, ""risk"": {""per_trade_pct"": 0.5}, ""cost_bps"": 1.5, ""seed"": null}"
selectivity_tight_fib_limit_entry_lvl0.382_h4_atrx1.0,False,False,28,-0.256,0.4643,31,3.54,0.0153,2.266,1.235,-0.0306,0.1387,-0.0129,0.688,0.38,4,9,0.4444,True,True,True,0.0,wf_median_sharpe<=0.5 (got -0.256); wf_pct_positive_folds<0.6 (got 0.4643); shuffle_test failed (p=0.688); random_baseline failed (p=0.38); stress_total_return<=0 (got -0.0129),"{""id"": ""selectivity_tight_fib_limit_entry_lvl0.382_h4_atrx1.0"", ""bias_timeframe"": ""H4"", ""setup_timeframe"": ""H4"", ""entry_timeframe"": ""M15"", ""signal"": {""type"": ""prev_color""}, ""filters"": [{""type"": ""body_atr"", ""min"": 0.5, ""atr_n"": 14}, {""type"": ""regime"", ""ma_n"": 50, ""side"": ""with""}], ""entry"": {""type"": ""fib_limit_entry"", ""level"": 0.382}, ""stop"": {""type"": ""h4_atr"", ""mult"": 1.0, ""atr_n"": 14}, ""exit"": {""type"": ""h4_close""}, ""risk"": {""per_trade_pct"": 0.5}, ""cost_bps"": 1.5, ""seed"": null}"
selectivity_tight_sweep_reclaim_h4_atrx1.0,False,False,28,-0.256,0.4643,3,0.34,-0.0014,-9.551,0.428,-0.0025,0.6465,-0.002,1.0,0.625,4,9,0.4444,False,False,False,0.0,wf_median_sharpe<=0.5 (got -0.256); wf_pct_positive_folds<0.6 (got 0.4643); holdout_total_return<=0 (got -0.0014); profit_factor<=1.2 (got 0.428); biggest_trade_share>0.2 (got 0.6465); shuffle_test failed (p=1.0); random_baseline failed (p=0.625); stress_total_return<=0 (got -0.002),"{""id"": ""selectivity_tight_sweep_reclaim_h4_atrx1.0"", ""bias_timeframe"": ""H4"", ""setup_timeframe"": ""H4"", ""entry_timeframe"": ""M15"", ""signal"": {""type"": ""prev_color""}, ""filters"": [{""type"": ""body_atr"", ""min"": 0.5, ""atr_n"": 14}, {""type"": ""regime"", ""ma_n"": 50, ""side"": ""with""}], ""entry"": {""type"": ""sweep_reclaim""}, ""stop"": {""type"": ""h4_atr"", ""mult"": 1.0, ""atr_n"": 14}, ""exit"": {""type"": ""h4_close""}, ""risk"": {""per_trade_pct"": 0.5}, ""cost_bps"": 1.5, ""seed"": null}"
selectivity_tight_reaction_close_h4_atrx1.0,False,False,28,-0.256,0.4643,52,5.93,-0.0019,0.004,1.013,-0.0566,0.0743,-0.0093,0.248,0.545,4,9,0.4444,False,False,False,0.0,wf_median_sharpe<=0.5 (got -0.256); wf_pct_positive_folds<0.6 (got 0.4643); holdout_total_return<=0 (got -0.0019); profit_factor<=1.2 (got 1.013); shuffle_test failed (p=0.248); random_baseline failed (p=0.545); stress_total_return<=0 (got -0.0093),"{""id"": ""selectivity_tight_reaction_close_h4_atrx1.0"", ""bias_timeframe"": ""H4"", ""setup_timeframe"": ""H4"", ""entry_timeframe"": ""M15"", ""signal"": {""type"": ""prev_color""}, ""filters"": [{""type"": ""body_atr"", ""min"": 0.5, ""atr_n"": 14}, {""type"": ""regime"", ""ma_n"": 50, ""side"": ""with""}], ""entry"": {""type"": ""reaction_close""}, ""stop"": {""type"": ""h4_atr"", ""mult"": 1.0, ""atr_n"": 14}, ""exit"": {""type"": ""h4_close""}, ""risk"": {""per_trade_pct"": 0.5}, ""cost_bps"": 1.5, ""seed"": null}"
selectivity_tight_fib_limit_entry_lvl0.5_h4_atrx1.0,False,False,28,-0.256,0.4643,23,2.62,-0.0099,-2.004,0.924,-0.0435,0.2091,-0.01,0.35,0.575,4,9,0.4444,False,False,False,0.0,wf_median_sharpe<=0.5 (got -0.256); wf_pct_positive_folds<0.6 (got 0.4643); holdout_total_return<=0 (got -0.0099); profit_factor<=1.2 (got 0.924); biggest_trade_share>0.2 (got 0.2091); shuffle_test failed (p=0.35); random_baseline failed (p=0.575); stress_total_return<=0 (got -0.01),"{""id"": ""selectivity_tight_fib_limit_entry_lvl0.5_h4_atrx1.0"", ""bias_timeframe"": ""H4"", ""setup_timeframe"": ""H4"", ""entry_timeframe"": ""M15"", ""signal"": {""type"": ""prev_color""}, ""filters"": [{""type"": ""body_atr"", ""min"": 0.5, ""atr_n"": 14}, {""type"": ""regime"", ""ma_n"": 50, ""side"": ""with""}], ""entry"": {""type"": ""fib_limit_entry"", ""level"": 0.5}, ""stop"": {""type"": ""h4_atr"", ""mult"": 1.0, ""atr_n"": 14}, ""exit"": {""type"": ""h4_close""}, ""risk"": {""per_trade_pct"": 0.5}, ""cost_bps"": 1.5, ""seed"": null}"
selectivity_tight_fib_limit_entry_lvl0.618_h4_atrx1.0,False,False,28,-0.256,0.4643,17,1.94,-0.0225,-7.077,0.587,-0.0391,0.3356,-0.0226,0.78,0.74,4,9,0.4444,False,False,False,0.0,wf_median_sharpe<=0.5 (got -0.256); wf_pct_positive_folds<0.6 (got 0.4643); holdout_total_return<=0 (got -0.0225); profit_factor<=1.2 (got 0.587); biggest_trade_share>0.2 (got 0.3356); shuffle_test failed (p=0.78); random_baseline failed (p=0.74); stress_total_return<=0 (got -0.0226),"{""id"": ""selectivity_tight_fib_limit_entry_lvl0.618_h4_atrx1.0"", ""bias_timeframe"": ""H4"", ""setup_timeframe"": ""H4"", ""entry_timeframe"": ""M15"", ""signal"": {""type"": ""prev_color""}, ""filters"": [{""type"": ""body_atr"", ""min"": 0.5, ""atr_n"": 14}, {""type"": ""regime"", ""ma_n"": 50, ""side"": ""with""}], ""entry"": {""type"": ""fib_limit_entry"", ""level"": 0.618}, ""stop"": {""type"": ""h4_atr"", ""mult"": 1.0, ""atr_n"": 14}, ""exit"": {""type"": ""h4_close""}, ""risk"": {""per_trade_pct"": 0.5}, ""cost_bps"": 1.5, ""seed"": null}"
selectivity_tight_minor_structure_break_h4_atrx1.0,False,False,28,-0.256,0.4643,41,4.68,-0.0394,-4.475,0.718,-0.0568,0.1113,-0.0534,0.87,0.745,4,9,0.4444,False,False,False,0.0,wf_median_sharpe<=0.5 (got -0.256); wf_pct_positive_folds<0.6 (got 0.4643); holdout_total_return<=0 (got -0.0394); profit_factor<=1.2 (got 0.718); shuffle_test failed (p=0.87); random_baseline failed (p=0.745); stress_total_return<=0 (got -0.0534),"{""id"": ""selectivity_tight_minor_structure_break_h4_atrx1.0"", ""bias_timeframe"": ""H4"", ""setup_timeframe"": ""H4"", ""entry_timeframe"": ""M15"", ""signal"": {""type"": ""prev_color""}, ""filters"": [{""type"": ""body_atr"", ""min"": 0.5, ""atr_n"": 14}, {""type"": ""regime"", ""ma_n"": 50, ""side"": ""with""}], ""entry"": {""type"": ""minor_structure_break"", ""lookback"": 3}, ""stop"": {""type"": ""h4_atr"", ""mult"": 1.0, ""atr_n"": 14}, ""exit"": {""type"": ""h4_close""}, ""risk"": {""per_trade_pct"": 0.5}, ""cost_bps"": 1.5, ""seed"": null}"
selectivity_med_zone_midpoint_limit_prev_h4_extreme,False,False,28,-0.478,0.3929,87,9.93,0.0784,4.67,1.398,-0.0347,0.0704,0.068,0.92,0.145,4,9,0.4444,True,True,True,0.0,wf_median_sharpe<=0.5 (got -0.478); wf_pct_positive_folds<0.6 (got 0.3929); shuffle_test failed (p=0.92); random_baseline failed (p=0.145),"{""id"": ""selectivity_med_zone_midpoint_limit_prev_h4_extreme"", ""bias_timeframe"": ""H4"", ""setup_timeframe"": ""H4"", ""entry_timeframe"": ""M15"", ""signal"": {""type"": ""prev_color""}, ""filters"": [{""type"": ""regime"", ""ma_n"": 50, ""side"": ""with""}], ""entry"": {""type"": ""zone_midpoint_limit""}, ""stop"": {""type"": ""prev_h4_extreme""}, ""exit"": {""type"": ""h4_close""}, ""risk"": {""per_trade_pct"": 0.5}, ""cost_bps"": 1.5, ""seed"": null}"
selectivity_med_zone_midpoint_limit_prev_h4_open,False,False,28,-0.478,0.3929,87,9.93,0.051,3.873,1.488,-0.0187,0.1251,0.0408,0.5,0.17,4,9,0.4444,True,True,True,0.0,wf_median_sharpe<=0.5 (got -0.478); wf_pct_positive_folds<0.6 (got 0.3929); shuffle_test failed (p=0.5); random_baseline failed (p=0.17),"{""id"": ""selectivity_med_zone_midpoint_limit_prev_h4_open"", ""bias_timeframe"": ""H4"", ""setup_timeframe"": ""H4"", ""entry_timeframe"": ""M15"", ""signal"": {""type"": ""prev_color""}, ""filters"": [{""type"": ""regime"", ""ma_n"": 50, ""side"": ""with""}], ""entry"": {""type"": ""zone_midpoint_limit""}, ""stop"": {""type"": ""prev_h4_open""}, ""exit"": {""type"": ""h4_close""}, ""risk"": {""per_trade_pct"": 0.5}, ""cost_bps"": 1.5, ""seed"": null}"
selectivity_med_delayed_entry_1_prev_h4_extreme,False,False,28,-0.478,0.3929,132,15.07,0.048,2.058,1.137,-0.0608,0.0385,0.0292,0.992,0.25,4,9,0.4444,True,True,True,0.0,wf_median_sharpe<=0.5 (got -0.478); wf_pct_positive_folds<0.6 (got 0.3929); profit_factor<=1.2 (got 1.137); shuffle_test failed (p=0.992); random_baseline failed (p=0.25),"{""id"": ""selectivity_med_delayed_entry_1_prev_h4_extreme"", ""bias_timeframe"": ""H4"", ""setup_timeframe"": ""H4"", ""entry_timeframe"": ""M15"", ""signal"": {""type"": ""prev_color""}, ""filters"": [{""type"": ""regime"", ""ma_n"": 50, ""side"": ""with""}], ""entry"": {""type"": ""delayed_entry_1""}, ""stop"": {""type"": ""prev_h4_extreme""}, ""exit"": {""type"": ""h4_close""}, ""risk"": {""per_trade_pct"": 0.5}, ""cost_bps"": 1.5, ""seed"": null}"
selectivity_med_delayed_entry_2_prev_h4_extreme,False,False,28,-0.478,0.3929,132,15.07,0.0447,1.974,1.138,-0.0476,0.0407,0.0261,0.294,0.255,4,9,0.4444,True,True,True,0.0,wf_median_sharpe<=0.5 (got -0.478); wf_pct_positive_folds<0.6 (got 0.3929); profit_factor<=1.2 (got 1.138); shuffle_test failed (p=0.294); random_baseline failed (p=0.255),"{""id"": ""selectivity_med_delayed_entry_2_prev_h4_extreme"", ""bias_timeframe"": ""H4"", ""setup_timeframe"": ""H4"", ""entry_timeframe"": ""M15"", ""signal"": {""type"": ""prev_color""}, ""filters"": [{""type"": ""regime"", ""ma_n"": 50, ""side"": ""with""}], ""entry"": {""type"": ""delayed_entry_2""}, ""stop"": {""type"": ""prev_h4_extreme""}, ""exit"": {""type"": ""h4_close""}, ""risk"": {""per_trade_pct"": 0.5}, ""cost_bps"": 1.5, ""seed"": null}"
selectivity_med_delayed_entry_2_prev_h4_open,False,False,28,-0.478,0.3929,132,15.07,0.0255,1.295,1.104,-0.0514,0.047,0.0073,0.986,0.355,4,9,0.4444,True,True,True,0.0,wf_median_sharpe<=0.5 (got -0.478); wf_pct_positive_folds<0.6 (got 0.3929); profit_factor<=1.2 (got 1.104); shuffle_test failed (p=0.986); random_baseline failed (p=0.355),"{""id"": ""selectivity_med_delayed_entry_2_prev_h4_open"", ""bias_timeframe"": ""H4"", ""setup_timeframe"": ""H4"", ""entry_timeframe"": ""M15"", ""signal"": {""type"": ""prev_color""}, ""filters"": [{""type"": ""regime"", ""ma_n"": 50, ""side"": ""with""}], ""entry"": {""type"": ""delayed_entry_2""}, ""stop"": {""type"": ""prev_h4_open""}, ""exit"": {""type"": ""h4_close""}, ""risk"": {""per_trade_pct"": 0.5}, ""cost_bps"": 1.5, ""seed"": null}"
selectivity_med_touch_entry_prev_h4_extreme,False,False,28,-0.478,0.3929,132,15.07,0.0252,1.149,1.07,-0.0706,0.0353,0.0068,0.854,0.375,4,9,0.4444,True,True,True,0.0,wf_median_sharpe<=0.5 (got -0.478); wf_pct_positive_folds<0.6 (got 0.3929); profit_factor<=1.2 (got 1.07); shuffle_test failed (p=0.854); random_baseline failed (p=0.375),"{""id"": ""selectivity_med_touch_entry_prev_h4_extreme"", ""bias_timeframe"": ""H4"", ""setup_timeframe"": ""H4"", ""entry_timeframe"": ""M15"", ""signal"": {""type"": ""prev_color""}, ""filters"": [{""type"": ""regime"", ""ma_n"": 50, ""side"": ""with""}], ""entry"": {""type"": ""touch_entry""}, ""stop"": {""type"": ""prev_h4_extreme""}, ""exit"": {""type"": ""h4_close""}, ""risk"": {""per_trade_pct"": 0.5}, ""cost_bps"": 1.5, ""seed"": null}"
selectivity_med_delayed_entry_1_prev_h4_open,False,False,28,-0.478,0.3929,132,15.07,0.0161,0.848,1.061,-0.0677,0.0453,-0.0021,0.978,0.39,4,9,0.4444,True,True,True,0.0,wf_median_sharpe<=0.5 (got -0.478); wf_pct_positive_folds<0.6 (got 0.3929); profit_factor<=1.2 (got 1.061); shuffle_test failed (p=0.978); random_baseline failed (p=0.39); stress_total_return<=0 (got -0.0021),"{""id"": ""selectivity_med_delayed_entry_1_prev_h4_open"", ""bias_timeframe"": ""H4"", ""setup_timeframe"": ""H4"", ""entry_timeframe"": ""M15"", ""signal"": {""type"": ""prev_color""}, ""filters"": [{""type"": ""regime"", ""ma_n"": 50, ""side"": ""with""}], ""entry"": {""type"": ""delayed_entry_1""}, ""stop"": {""type"": ""prev_h4_open""}, ""exit"": {""type"": ""h4_close""}, ""risk"": {""per_trade_pct"": 0.5}, ""cost_bps"": 1.5, ""seed"": null}"
selectivity_med_sweep_reclaim_prev_h4_open,False,False,28,-0.478,0.3929,24,2.74,0.0147,9.626,1.892,-0.0092,0.1456,0.0109,0.996,0.135,4,9,0.4444,True,True,True,0.0,wf_median_sharpe<=0.5 (got -0.478); wf_pct_positive_folds<0.6 (got 0.3929); shuffle_test failed (p=0.996); random_baseline failed (p=0.135),"{""id"": ""selectivity_med_sweep_reclaim_prev_h4_open"", ""bias_timeframe"": ""H4"", ""setup_timeframe"": ""H4"", ""entry_timeframe"": ""M15"", ""signal"": {""type"": ""prev_color""}, ""filters"": [{""type"": ""regime"", ""ma_n"": 50, ""side"": ""with""}], ""entry"": {""type"": ""sweep_reclaim""}, ""stop"": {""type"": ""prev_h4_open""}, ""exit"": {""type"": ""h4_close""}, ""risk"": {""per_trade_pct"": 0.5}, ""cost_bps"": 1.5, ""seed"": null}"
selectivity_med_reaction_close_prev_h4_extreme,False,False,28,-0.478,0.3929,132,15.07,0.0102,0.568,1.031,-0.0652,0.0355,-0.0079,0.72,0.41,4,9,0.4444,True,True,True,0.0,wf_median_sharpe<=0.5 (got -0.478); wf_pct_positive_folds<0.6 (got 0.3929); profit_factor<=1.2 (got 1.031); shuffle_test failed (p=0.72); random_baseline failed (p=0.41); stress_total_return<=0 (got -0.0079),"{""id"": ""selectivity_med_reaction_close_prev_h4_extreme"", ""bias_timeframe"": ""H4"", ""setup_timeframe"": ""H4"", ""entry_timeframe"": ""M15"", ""signal"": {""type"": ""prev_color""}, ""filters"": [{""type"": ""regime"", ""ma_n"": 50, ""side"": ""with""}], ""entry"": {""type"": ""reaction_close""}, ""stop"": {""type"": ""prev_h4_extreme""}, ""exit"": {""type"": ""h4_close""}, ""risk"": {""per_trade_pct"": 0.5}, ""cost_bps"": 1.5, ""seed"": null}"
selectivity_med_fib_limit_entry_lvl0.382_prev_h4_extreme,False,False,28,-0.478,0.3929,100,11.41,0.0071,0.492,1.029,-0.071,0.0499,0.0117,0.596,0.45,4,9,0.4444,False,False,False,0.0,wf_median_sharpe<=0.5 (got -0.478); wf_pct_positive_folds<0.6 (got 0.3929); profit_factor<=1.2 (got 1.029); shuffle_test failed (p=0.596); random_baseline failed (p=0.45),"{""id"": ""selectivity_med_fib_limit_entry_lvl0.382_prev_h4_extreme"", ""bias_timeframe"": ""H4"", ""setup_timeframe"": ""H4"", ""entry_timeframe"": ""M15"", ""signal"": {""type"": ""prev_color""}, ""filters"": [{""type"": ""regime"", ""ma_n"": 50, ""side"": ""with""}], ""entry"": {""type"": ""fib_limit_entry"", ""level"": 0.382}, ""stop"": {""type"": ""prev_h4_extreme""}, ""exit"": {""type"": ""h4_close""}, ""risk"": {""per_trade_pct"": 0.5}, ""cost_bps"": 1.5, ""seed"": null}"
selectivity_med_touch_entry_prev_h4_open,False,False,28,-0.478,0.3929,132,15.07,-0.0057,-0.139,0.991,-0.0746,0.0439,-0.0236,0.954,0.5,4,9,0.4444,False,False,False,0.0,wf_median_sharpe<=0.5 (got -0.478); wf_pct_positive_folds<0.6 (got 0.3929); holdout_total_return<=0 (got -0.0057); profit_factor<=1.2 (got 0.991); shuffle_test failed (p=0.954); random_baseline failed (p=0.5); stress_total_return<=0 (got -0.0236),"{""id"": ""selectivity_med_touch_entry_prev_h4_open"", ""bias_timeframe"": ""H4"", ""setup_timeframe"": ""H4"", ""entry_timeframe"": ""M15"", ""signal"": {""type"": ""prev_color""}, ""filters"": [{""type"": ""regime"", ""ma_n"": 50, ""side"": ""with""}], ""entry"": {""type"": ""touch_entry""}, ""stop"": {""type"": ""prev_h4_open""}, ""exit"": {""type"": ""h4_close""}, ""risk"": {""per_trade_pct"": 0.5}, ""cost_bps"": 1.5, ""seed"": null}"
selectivity_med_sweep_reclaim_prev_h4_extreme,False,False,28,-0.478,0.3929,24,2.74,-0.0087,-4.801,0.715,-0.0205,0.187,-0.0124,0.938,0.73,4,9,0.4444,False,False,False,0.0,wf_median_sharpe<=0.5 (got -0.478); wf_pct_positive_folds<0.6 (got 0.3929); holdout_total_return<=0 (got -0.0087); profit_factor<=1.2 (got 0.715); shuffle_test failed (p=0.938); random_baseline failed (p=0.73); stress_total_return<=0 (got -0.0124),"{""id"": ""selectivity_med_sweep_reclaim_prev_h4_extreme"", ""bias_timeframe"": ""H4"", ""setup_timeframe"": ""H4"", ""entry_timeframe"": ""M15"", ""signal"": {""type"": ""prev_color""}, ""filters"": [{""type"": ""regime"", ""ma_n"": 50, ""side"": ""with""}], ""entry"": {""type"": ""sweep_reclaim""}, ""stop"": {""type"": ""prev_h4_extreme""}, ""exit"": {""type"": ""h4_close""}, ""risk"": {""per_trade_pct"": 0.5}, ""cost_bps"": 1.5, ""seed"": null}"
selectivity_med_fib_limit_entry_lvl0.5_prev_h4_extreme,False,False,28,-0.478,0.3929,83,9.47,-0.0103,-0.582,0.96,-0.0399,0.0755,-0.0078,0.822,0.545,4,9,0.4444,False,False,False,0.0,wf_median_sharpe<=0.5 (got -0.478); wf_pct_positive_folds<0.6 (got 0.3929); holdout_total_return<=0 (got -0.0103); profit_factor<=1.2 (got 0.96); shuffle_test failed (p=0.822); random_baseline failed (p=0.545); stress_total_return<=0 (got -0.0078),"{""id"": ""selectivity_med_fib_limit_entry_lvl0.5_prev_h4_extreme"", ""bias_timeframe"": ""H4"", ""setup_timeframe"": ""H4"", ""entry_timeframe"": ""M15"", ""signal"": {""type"": ""prev_color""}, ""filters"": [{""type"": ""regime"", ""ma_n"": 50, ""side"": ""with""}], ""entry"": {""type"": ""fib_limit_entry"", ""level"": 0.5}, ""stop"": {""type"": ""prev_h4_extreme""}, ""exit"": {""type"": ""h4_close""}, ""risk"": {""per_trade_pct"": 0.5}, ""cost_bps"": 1.5, ""seed"": null}"
selectivity_med_fib_limit_entry_lvl0.382_prev_h4_open,False,False,28,-0.478,0.3929,100,11.41,-0.0121,-0.495,0.962,-0.0745,0.0668,-0.0116,0.696,0.565,4,9,0.4444,False,False,False,0.0,wf_median_sharpe<=0.5 (got -0.478); wf_pct_positive_folds<0.6 (got 0.3929); holdout_total_return<=0 (got -0.0121); profit_factor<=1.2 (got 0.962); shuffle_test failed (p=0.696); random_baseline failed (p=0.565); stress_total_return<=0 (got -0.0116),"{""id"": ""selectivity_med_fib_limit_entry_lvl0.382_prev_h4_open"", ""bias_timeframe"": ""H4"", ""setup_timeframe"": ""H4"", ""entry_timeframe"": ""M15"", ""signal"": {""type"": ""prev_color""}, ""filters"": [{""type"": ""regime"", ""ma_n"": 50, ""side"": ""with""}], ""entry"": {""type"": ""fib_limit_entry"", ""level"": 0.382}, ""stop"": {""type"": ""prev_h4_open""}, ""exit"": {""type"": ""h4_close""}, ""risk"": {""per_trade_pct"": 0.5}, ""cost_bps"": 1.5, ""seed"": null}"
selectivity_med_reaction_close_prev_h4_open,False,False,28,-0.478,0.3929,132,15.07,-0.0145,-0.554,0.966,-0.0803,0.0398,-0.0322,0.032,0.535,4,9,0.4444,False,False,False,0.0,wf_median_sharpe<=0.5 (got -0.478); wf_pct_positive_folds<0.6 (got 0.3929); holdout_total_return<=0 (got -0.0145); profit_factor<=1.2 (got 0.966); random_baseline failed (p=0.535); stress_total_return<=0 (got -0.0322),"{""id"": ""selectivity_med_reaction_close_prev_h4_open"", ""bias_timeframe"": ""H4"", ""setup_timeframe"": ""H4"", ""entry_timeframe"": ""M15"", ""signal"": {""type"": ""prev_color""}, ""filters"": [{""type"": ""regime"", ""ma_n"": 50, ""side"": ""with""}], ""entry"": {""type"": ""reaction_close""}, ""stop"": {""type"": ""prev_h4_open""}, ""exit"": {""type"": ""h4_close""}, ""risk"": {""per_trade_pct"": 0.5}, ""cost_bps"": 1.5, ""seed"": null}"
selectivity_med_minor_structure_break_prev_h4_open,False,False,28,-0.478,0.3929,99,11.3,-0.0167,-0.961,0.927,-0.0402,0.0656,-0.03,0.548,0.64,4,9,0.4444,False,False,False,0.0,wf_median_sharpe<=0.5 (got -0.478); wf_pct_positive_folds<0.6 (got 0.3929); holdout_total_return<=0 (got -0.0167); profit_factor<=1.2 (got 0.927); shuffle_test failed (p=0.548); random_baseline failed (p=0.64); stress_total_return<=0 (got -0.03),"{""id"": ""selectivity_med_minor_structure_break_prev_h4_open"", ""bias_timeframe"": ""H4"", ""setup_timeframe"": ""H4"", ""entry_timeframe"": ""M15"", ""signal"": {""type"": ""prev_color""}, ""filters"": [{""type"": ""regime"", ""ma_n"": 50, ""side"": ""with""}], ""entry"": {""type"": ""minor_structure_break"", ""lookback"": 3}, ""stop"": {""type"": ""prev_h4_open""}, ""exit"": {""type"": ""h4_close""}, ""risk"": {""per_trade_pct"": 0.5}, ""cost_bps"": 1.5, ""seed"": null}"
selectivity_med_minor_structure_break_prev_h4_extreme,False,False,28,-0.478,0.3929,99,11.3,-0.0169,-0.965,0.931,-0.0563,0.0644,-0.0302,0.46,0.64,4,9,0.4444,False,False,False,0.0,wf_median_sharpe<=0.5 (got -0.478); wf_pct_positive_folds<0.6 (got 0.3929); holdout_total_return<=0 (got -0.0169); profit_factor<=1.2 (got 0.931); shuffle_test failed (p=0.46); random_baseline failed (p=0.64); stress_total_return<=0 (got -0.0302),"{""id"": ""selectivity_med_minor_structure_break_prev_h4_extreme"", ""bias_timeframe"": ""H4"", ""setup_timeframe"": ""H4"", ""entry_timeframe"": ""M15"", ""signal"": {""type"": ""prev_color""}, ""filters"": [{""type"": ""regime"", ""ma_n"": 50, ""side"": ""with""}], ""entry"": {""type"": ""minor_structure_break"", ""lookback"": 3}, ""stop"": {""type"": ""prev_h4_extreme""}, ""exit"": {""type"": ""h4_close""}, ""risk"": {""per_trade_pct"": 0.5}, ""cost_bps"": 1.5, ""seed"": null}"
selectivity_med_fib_limit_entry_lvl0.5_prev_h4_open,False,False,28,-0.478,0.3929,83,9.47,-0.0208,-1.669,0.869,-0.0524,0.119,-0.0213,0.372,0.625,4,9,0.4444,False,False,False,0.0,wf_median_sharpe<=0.5 (got -0.478); wf_pct_positive_folds<0.6 (got 0.3929); holdout_total_return<=0 (got -0.0208); profit_factor<=1.2 (got 0.869); shuffle_test failed (p=0.372); random_baseline failed (p=0.625); stress_total_return<=0 (got -0.0213),"{""id"": ""selectivity_med_fib_limit_entry_lvl0.5_prev_h4_open"", ""bias_timeframe"": ""H4"", ""setup_timeframe"": ""H4"", ""entry_timeframe"": ""M15"", ""signal"": {""type"": ""prev_color""}, ""filters"": [{""type"": ""regime"", ""ma_n"": 50, ""side"": ""with""}], ""entry"": {""type"": ""fib_limit_entry"", ""level"": 0.5}, ""stop"": {""type"": ""prev_h4_open""}, ""exit"": {""type"": ""h4_close""}, ""risk"": {""per_trade_pct"": 0.5}, ""cost_bps"": 1.5, ""seed"": null}"
selectivity_med_fib_limit_entry_lvl0.618_prev_h4_open,False,False,28,-0.478,0.3929,70,7.99,-0.0225,-4.187,0.732,-0.0333,0.1326,-0.024,0.268,0.81,4,9,0.4444,False,False,False,0.0,wf_median_sharpe<=0.5 (got -0.478); wf_pct_positive_folds<0.6 (got 0.3929); holdout_total_return<=0 (got -0.0225); profit_factor<=1.2 (got 0.732); shuffle_test failed (p=0.268); random_baseline failed (p=0.81); stress_total_return<=0 (got -0.024),"{""id"": ""selectivity_med_fib_limit_entry_lvl0.618_prev_h4_open"", ""bias_timeframe"": ""H4"", ""setup_timeframe"": ""H4"", ""entry_timeframe"": ""M15"", ""signal"": {""type"": ""prev_color""}, ""filters"": [{""type"": ""regime"", ""ma_n"": 50, ""side"": ""with""}], ""entry"": {""type"": ""fib_limit_entry"", ""level"": 0.618}, ""stop"": {""type"": ""prev_h4_open""}, ""exit"": {""type"": ""h4_close""}, ""risk"": {""per_trade_pct"": 0.5}, ""cost_bps"": 1.5, ""seed"": null}"
selectivity_med_fib_limit_entry_lvl0.618_prev_h4_extreme,False,False,28,-0.478,0.3929,70,7.99,-0.0385,-4.133,0.736,-0.0528,0.0933,-0.0426,0.906,0.8,4,9,0.4444,False,False,False,0.0,wf_median_sharpe<=0.5 (got -0.478); wf_pct_positive_folds<0.6 (got 0.3929); holdout_total_return<=0 (got -0.0385); profit_factor<=1.2 (got 0.736); shuffle_test failed (p=0.906); random_baseline failed (p=0.8); stress_total_return<=0 (got -0.0426),"{""id"": ""selectivity_med_fib_limit_entry_lvl0.618_prev_h4_extreme"", ""bias_timeframe"": ""H4"", ""setup_timeframe"": ""H4"", ""entry_timeframe"": ""M15"", ""signal"": {""type"": ""prev_color""}, ""filters"": [{""type"": ""regime"", ""ma_n"": 50, ""side"": ""with""}], ""entry"": {""type"": ""fib_limit_entry"", ""level"": 0.618}, ""stop"": {""type"": ""prev_h4_extreme""}, ""exit"": {""type"": ""h4_close""}, ""risk"": {""per_trade_pct"": 0.5}, ""cost_bps"": 1.5, ""seed"": null}"
selectivity_med_zone_midpoint_limit_h4_atrx1.0,False,False,28,-0.526,0.4286,87,9.93,0.0618,3.418,1.277,-0.0563,0.0651,0.0515,0.594,0.185,3,9,0.3333,True,True,True,0.0,wf_median_sharpe<=0.5 (got -0.526); wf_pct_positive_folds<0.6 (got 0.4286); shuffle_test failed (p=0.594); random_baseline failed (p=0.185),"{""id"": ""selectivity_med_zone_midpoint_limit_h4_atrx1.0"", ""bias_timeframe"": ""H4"", ""setup_timeframe"": ""H4"", ""entry_timeframe"": ""M15"", ""signal"": {""type"": ""prev_color""}, ""filters"": [{""type"": ""regime"", ""ma_n"": 50, ""side"": ""with""}], ""entry"": {""type"": ""zone_midpoint_limit""}, ""stop"": {""type"": ""h4_atr"", ""mult"": 1.0, ""atr_n"": 14}, ""exit"": {""type"": ""h4_close""}, ""risk"": {""per_trade_pct"": 0.5}, ""cost_bps"": 1.5, ""seed"": null}"
selectivity_med_delayed_entry_1_h4_atrx1.0,False,False,28,-0.526,0.4286,132,15.07,0.041,1.7,1.112,-0.0682,0.037,0.0198,0.97,0.285,3,9,0.3333,True,True,True,0.0,wf_median_sharpe<=0.5 (got -0.526); wf_pct_positive_folds<0.6 (got 0.4286); profit_factor<=1.2 (got 1.112); shuffle_test failed (p=0.97); random_baseline failed (p=0.285),"{""id"": ""selectivity_med_delayed_entry_1_h4_atrx1.0"", ""bias_timeframe"": ""H4"", ""setup_timeframe"": ""H4"", ""entry_timeframe"": ""M15"", ""signal"": {""type"": ""prev_color""}, ""filters"": [{""type"": ""regime"", ""ma_n"": 50, ""side"": ""with""}], ""entry"": {""type"": ""delayed_entry_1""}, ""stop"": {""type"": ""h4_atr"", ""mult"": 1.0, ""atr_n"": 14}, ""exit"": {""type"": ""h4_close""}, ""risk"": {""per_trade_pct"": 0.5}, ""cost_bps"": 1.5, ""seed"": null}"
selectivity_med_fib_limit_entry_lvl0.382_h4_atrx1.0,False,False,28,-0.526,0.4286,100,11.41,0.032,1.617,1.112,-0.0725,0.0505,0.0391,0.684,0.335,3,9,0.3333,True,True,True,0.0,wf_median_sharpe<=0.5 (got -0.526); wf_pct_positive_folds<0.6 (got 0.4286); profit_factor<=1.2 (got 1.112); shuffle_test failed (p=0.684); random_baseline failed (p=0.335),"{""id"": ""selectivity_med_fib_limit_entry_lvl0.382_h4_atrx1.0"", ""bias_timeframe"": ""H4"", ""setup_timeframe"": ""H4"", ""entry_timeframe"": ""M15"", ""signal"": {""type"": ""prev_color""}, ""filters"": [{""type"": ""regime"", ""ma_n"": 50, ""side"": ""with""}], ""entry"": {""type"": ""fib_limit_entry"", ""level"": 0.382}, ""stop"": {""type"": ""h4_atr"", ""mult"": 1.0, ""atr_n"": 14}, ""exit"": {""type"": ""h4_close""}, ""risk"": {""per_trade_pct"": 0.5}, ""cost_bps"": 1.5, ""seed"": null}"
selectivity_med_delayed_entry_2_h4_atrx1.0,False,False,28,-0.526,0.4286,132,15.07,0.0153,0.74,1.043,-0.0631,0.0382,-0.0011,0.242,0.4,3,9,0.3333,True,True,True,0.0,wf_median_sharpe<=0.5 (got -0.526); wf_pct_positive_folds<0.6 (got 0.4286); profit_factor<=1.2 (got 1.043); shuffle_test failed (p=0.242); random_baseline failed (p=0.4); stress_total_return<=0 (got -0.0011),"{""id"": ""selectivity_med_delayed_entry_2_h4_atrx1.0"", ""bias_timeframe"": ""H4"", ""setup_timeframe"": ""H4"", ""entry_timeframe"": ""M15"", ""signal"": {""type"": ""prev_color""}, ""filters"": [{""type"": ""regime"", ""ma_n"": 50, ""side"": ""with""}], ""entry"": {""type"": ""delayed_entry_2""}, ""stop"": {""type"": ""h4_atr"", ""mult"": 1.0, ""atr_n"": 14}, ""exit"": {""type"": ""h4_close""}, ""risk"": {""per_trade_pct"": 0.5}, ""cost_bps"": 1.5, ""seed"": null}"
selectivity_med_sweep_reclaim_h4_atrx1.0,False,False,28,-0.526,0.4286,24,2.74,0.0036,1.498,1.107,-0.0208,0.2047,0.0001,0.996,0.46,3,9,0.3333,True,True,True,0.0,wf_median_sharpe<=0.5 (got -0.526); wf_pct_positive_folds<0.6 (got 0.4286); profit_factor<=1.2 (got 1.107); biggest_trade_share>0.2 (got 0.2047); shuffle_test failed (p=0.996); random_baseline failed (p=0.46),"{""id"": ""selectivity_med_sweep_reclaim_h4_atrx1.0"", ""bias_timeframe"": ""H4"", ""setup_timeframe"": ""H4"", ""entry_timeframe"": ""M15"", ""signal"": {""type"": ""prev_color""}, ""filters"": [{""type"": ""regime"", ""ma_n"": 50, ""side"": ""with""}], ""entry"": {""type"": ""sweep_reclaim""}, ""stop"": {""type"": ""h4_atr"", ""mult"": 1.0, ""atr_n"": 14}, ""exit"": {""type"": ""h4_close""}, ""risk"": {""per_trade_pct"": 0.5}, ""cost_bps"": 1.5, ""seed"": null}"
selectivity_med_fib_limit_entry_lvl0.5_h4_atrx1.0,False,False,28,-0.526,0.4286,83,9.47,0.003,0.336,1.024,-0.0392,0.0729,0.0036,0.654,0.445,3,9,0.3333,True,True,True,0.0,wf_median_sharpe<=0.5 (got -0.526); wf_pct_positive_folds<0.6 (got 0.4286); profit_factor<=1.2 (got 1.024); shuffle_test failed (p=0.654); random_baseline failed (p=0.445),"{""id"": ""selectivity_med_fib_limit_entry_lvl0.5_h4_atrx1.0"", ""bias_timeframe"": ""H4"", ""setup_timeframe"": ""H4"", ""entry_timeframe"": ""M15"", ""signal"": {""type"": ""prev_color""}, ""filters"": [{""type"": ""regime"", ""ma_n"": 50, ""side"": ""with""}], ""entry"": {""type"": ""fib_limit_entry"", ""level"": 0.5}, ""stop"": {""type"": ""h4_atr"", ""mult"": 1.0, ""atr_n"": 14}, ""exit"": {""type"": ""h4_close""}, ""risk"": {""per_trade_pct"": 0.5}, ""cost_bps"": 1.5, ""seed"": null}"
selectivity_med_touch_entry_h4_atrx1.0,False,False,28,-0.526,0.4286,132,15.07,-0.0132,-0.344,0.975,-0.083,0.0342,-0.0288,0.536,0.515,3,9,0.3333,False,False,False,0.0,wf_median_sharpe<=0.5 (got -0.526); wf_pct_positive_folds<0.6 (got 0.4286); holdout_total_return<=0 (got -0.0132); profit_factor<=1.2 (got 0.975); shuffle_test failed (p=0.536); random_baseline failed (p=0.515); stress_total_return<=0 (got -0.0288),"{""id"": ""selectivity_med_touch_entry_h4_atrx1.0"", ""bias_timeframe"": ""H4"", ""setup_timeframe"": ""H4"", ""entry_timeframe"": ""M15"", ""signal"": {""type"": ""prev_color""}, ""filters"": [{""type"": ""regime"", ""ma_n"": 50, ""side"": ""with""}], ""entry"": {""type"": ""touch_entry""}, ""stop"": {""type"": ""h4_atr"", ""mult"": 1.0, ""atr_n"": 14}, ""exit"": {""type"": ""h4_close""}, ""risk"": {""per_trade_pct"": 0.5}, ""cost_bps"": 1.5, ""seed"": null}"
selectivity_med_fib_limit_entry_lvl0.618_h4_atrx1.0,False,False,28,-0.526,0.4286,70,7.99,-0.018,-1.479,0.891,-0.0557,0.0805,-0.0221,0.172,0.645,3,9,0.3333,False,False,False,0.0,wf_median_sharpe<=0.5 (got -0.526); wf_pct_positive_folds<0.6 (got 0.4286); holdout_total_return<=0 (got -0.018); profit_factor<=1.2 (got 0.891); shuffle_test failed (p=0.172); random_baseline failed (p=0.645); stress_total_return<=0 (got -0.0221),"{""id"": ""selectivity_med_fib_limit_entry_lvl0.618_h4_atrx1.0"", ""bias_timeframe"": ""H4"", ""setup_timeframe"": ""H4"", ""entry_timeframe"": ""M15"", ""signal"": {""type"": ""prev_color""}, ""filters"": [{""type"": ""regime"", ""ma_n"": 50, ""side"": ""with""}], ""entry"": {""type"": ""fib_limit_entry"", ""level"": 0.618}, ""stop"": {""type"": ""h4_atr"", ""mult"": 1.0, ""atr_n"": 14}, ""exit"": {""type"": ""h4_close""}, ""risk"": {""per_trade_pct"": 0.5}, ""cost_bps"": 1.5, ""seed"": null}"
selectivity_med_reaction_close_h4_atrx1.0,False,False,28,-0.526,0.4286,132,15.07,-0.0232,-0.775,0.937,-0.0878,0.0332,-0.0397,0.754,0.54,3,9,0.3333,False,False,False,0.0,wf_median_sharpe<=0.5 (got -0.526); wf_pct_positive_folds<0.6 (got 0.4286); holdout_total_return<=0 (got -0.0232); profit_factor<=1.2 (got 0.937); shuffle_test failed (p=0.754); random_baseline failed (p=0.54); stress_total_return<=0 (got -0.0397),"{""id"": ""selectivity_med_reaction_close_h4_atrx1.0"", ""bias_timeframe"": ""H4"", ""setup_timeframe"": ""H4"", ""entry_timeframe"": ""M15"", ""signal"": {""type"": ""prev_color""}, ""filters"": [{""type"": ""regime"", ""ma_n"": 50, ""side"": ""with""}], ""entry"": {""type"": ""reaction_close""}, ""stop"": {""type"": ""h4_atr"", ""mult"": 1.0, ""atr_n"": 14}, ""exit"": {""type"": ""h4_close""}, ""risk"": {""per_trade_pct"": 0.5}, ""cost_bps"": 1.5, ""seed"": null}"
selectivity_med_minor_structure_break_h4_atrx1.0,False,False,28,-0.526,0.4286,99,11.3,-0.039,-2.29,0.842,-0.0779,0.0581,-0.0514,0.334,0.735,3,9,0.3333,False,False,False,0.0,wf_median_sharpe<=0.5 (got -0.526); wf_pct_positive_folds<0.6 (got 0.4286); holdout_total_return<=0 (got -0.039); profit_factor<=1.2 (got 0.842); shuffle_test failed (p=0.334); random_baseline failed (p=0.735); stress_total_return<=0 (got -0.0514),"{""id"": ""selectivity_med_minor_structure_break_h4_atrx1.0"", ""bias_timeframe"": ""H4"", ""setup_timeframe"": ""H4"", ""entry_timeframe"": ""M15"", ""signal"": {""type"": ""prev_color""}, ""filters"": [{""type"": ""regime"", ""ma_n"": 50, ""side"": ""with""}], ""entry"": {""type"": ""minor_structure_break"", ""lookback"": 3}, ""stop"": {""type"": ""h4_atr"", ""mult"": 1.0, ""atr_n"": 14}, ""exit"": {""type"": ""h4_close""}, ""risk"": {""per_trade_pct"": 0.5}, ""cost_bps"": 1.5, ""seed"": null}"
